symbol,preset,value,trades,wins,losses,win_rate,profit_pct
SOLUSDT,default,1.0,87,3,84,0.0345,-8.4967
SOLUSDT,loose_entry,1.0,93,3,90,0.0323,-10.5064
SOLUSDT,broad_zone,1.0,88,3,85,0.0341,-8.6365
SOLUSDT,low_rr,1.0,92,3,89,0.0326,-10.3666
SOLUSDT,aggressive,1.0,93,3,90,0.0323,-10.5064
SOLUSDT,partial_50,1.0,32,3,22,0.3125,3.2538
SOLUSDT,partial_60,1.0,47,2,41,0.1277,-3.4203
SOLUSDT,partial_70,1.0,47,2,41,0.1277,-2.4726
SOLUSDT,partial_tight,1.0,43,2,37,0.1395,-2.1992
SOLUSDT,partial_high_rr,1.0,20,2,14,0.3,2.9549
SOLUSDT,partial_conservative,1.0,29,2,21,0.2759,1.3094
SOLUSDT,trail_20_from_15,1.0,117,2,93,0.2051,-4.9923
SOLUSDT,trail_15_from_15,1.0,48,2,30,0.375,-0.7602
SOLUSDT,trail_15_from_15_d1,1.0,59,2,39,0.339,-2.263
SOLUSDT,trail_25_from_15,1.0,89,2,62,0.3034,-2.3978
SOLUSDT,db_layer_0,1.0,34,0,22,0.3529,-2.6042
SOLUSDT,db_layer_1,1.0,78,0,69,0.1154,-6.8589
SOLUSDT,db_layer_3,1.0,58,0,48,0.1724,-3.9976
SOLUSDT,rr_4x_trail_20,1.0,29,0,19,0.3448,-2.2175
SOLUSDT,rr_3x_trail_15,1.0,76,0,67,0.1184,-6.6182
SOLUSDT,sl_filter_trail,1.0,79,1,56,0.2911,-3.4416
SOLUSDT,trail_20_from_30_sl_filter,1.0,35,2,23,0.3429,0.2165
SOLUSDT,trail_20_from_30_full,1.0,28,0,21,0.25,-3.2406
SOLUSDT,trail_15_from_30,1.0,100,2,86,0.14,-5.1141
SOLUSDT,trail_20_from_30_cooldown,1.0,33,2,20,0.3939,1.3746
SOLUSDT,trail_15_from_30_tp95,1.0,38,2,24,0.3684,0.9424
SOLUSDT,trail_15_from_30_cooldown,1.0,33,2,20,0.3939,1.9145
SOLUSDT,trail_15_from_30_full,1.0,33,2,19,0.4242,2.323
SOLUSDT,db_clone_cooldown,1.0,26,0,17,0.3462,-2.8431
SOLUSDT,correction_w20_trail15_30,1.0,38,2,24,0.3684,0.9424
SOLUSDT,db_full_clone,1.0,40,0,28,0.3,-3.2516
SOLUSDT,sl_adjust_rr_trail,1.0,44,0,39,0.1136,-4.6671
SOLUSDT,sl_adjust_rr_tp95,1.0,39,0,24,0.3846,-4.4657
SOLUSDT,max_profit_2pct,1.0,42,3,39,0.0714,-4.9393
SOLUSDT,max_profit_2pct_trail,1.0,15,0,9,0.4,0.2163
SOLUSDT,max_profit_3pct_trail,1.0,38,0,34,0.1053,-3.5404
SOLUSDT,r5_tight,1.0,33,2,19,0.4242,2.323
SOLUSDT,r5_rr3,1.0,25,0,18,0.28,-3.0108
SOLUSDT,r5_sl_filter,1.0,30,2,18,0.4,1.3749
SOLUSDT,r5_sl_adjust,1.0,25,0,18,0.28,-3.0108
SOLUSDT,r5_tight_rr3,1.0,25,0,18,0.28,-3.0108
SOLUSDT,r5_tight_sl,1.0,30,2,18,0.4,1.3749
SOLUSDT,r5_all_filters,1.0,23,0,17,0.2609,-2.9943
SOLUSDT,r5_trail10,1.0,48,2,37,0.2292,-1.0703
SOLUSDT,r5_arm25,1.0,41,2,30,0.2683,-1.9359
SOLUSDT,r5_arm20,1.0,43,2,29,0.3256,-1.4092
SOLUSDT,r5_arm15_cooldown,1.0,47,2,29,0.383,-1.0597
SOLUSDT,r6_arm15_rr4,1.0,21,0,14,0.3333,-2.5903
SOLUSDT,r6_arm15_maxp3_trail20,1.0,27,2,13,0.5185,-0.4357
SOLUSDT,r6_arm15_full,1.0,20,0,17,0.15,-3.2417
SOLUSDT,r7_arm20_maxp3_trail20,1.0,25,2,13,0.48,-0.3594
SOLUSDT,r7_trail15_maxp3,1.0,38,2,19,0.5,0.655
SOLUSDT,r7_trail20_maxp3,1.0,38,2,19,0.5,0.22
SOLUSDT,r7_full_clone_cooldown,1.0,22,0,19,0.1364,-3.9427
SOLUSDT,r5_sl_adj_cooldown,1.0,29,0,20,0.3103,-6.7645
SOLUSDT,r5_trail10_rr3,1.0,25,0,18,0.28,-2.6369
SOLUSDT,full_clone_max_tp,1.0,35,0,32,0.0857,-3.6041
SOLUSDT,full_clone_sl_adjust,1.0,64,0,56,0.125,-4.9513
SOLUSDT,lh_sell_trail15,1.0,39,2,25,0.359,-0.9886
SOLUSDT,lh_sell_prox15_trail15,1.0,40,2,26,0.35,-1.2957
SOLUSDT,hl_buy_trail15,1.0,54,2,35,0.3519,6.2393
SOLUSDT,hl_buy_prox15_trail15,1.0,41,2,23,0.439,7.9877
SOLUSDT,pre_confirm_trail15,1.0,55,2,36,0.3455,4.8636
SOLUSDT,pre_confirm_prox15_trail15,1.0,42,2,24,0.4286,6.0568
SOLUSDT,r8_btc_minsl_strict,1.0,41,1,30,0.2683,-1.9325
SOLUSDT,r8_sol_hlbuy_cooldown,1.0,64,2,48,0.25,3.8275
SOLUSDT,trail_15_from_30_act2_min1,1.0,92,5,84,0.087,-5.0884
SOLUSDT,trail_15_from_30_act3_min1,1.0,84,4,79,0.0595,-3.5245
SOLUSDT,trail_15_from_30_act5_min15,1.0,84,4,80,0.0476,-7.32
SOLUSDT,trail_20_from_30_act2_min1,1.0,28,5,20,0.2857,0.4803
SOLUSDT,trail_20_from_30_act3_min1,1.0,24,3,20,0.1667,-1.0344
SOLUSDT,trail_20_from_30_act5_min15,1.0,24,3,21,0.125,-4.8256
SOLUSDT,trail_15_from_15_act2_min1,1.0,35,4,29,0.1714,-3.9659
SOLUSDT,trail_15_from_15_act3_min1,1.0,33,4,28,0.1515,-1.2033
SOLUSDT,trail_15_from_15_act5_min15,1.0,33,4,29,0.1212,-4.9969
SOLUSDT,trail_20_from_15_act2_min1,1.0,83,5,75,0.0964,-4.3923
SOLUSDT,trail_20_from_15_act3_min1,1.0,78,4,73,0.0641,-3.5147
SOLUSDT,trail_20_from_15_act5_min15,1.0,78,4,74,0.0513,-7.3102
SOLUSDT,default,0.8,73,3,70,0.0411,-6.2175
SOLUSDT,loose_entry,0.8,80,3,77,0.0375,-8.373
SOLUSDT,broad_zone,0.8,75,3,72,0.04,-6.5031
SOLUSDT,low_rr,0.8,78,3,75,0.0385,-8.0874
SOLUSDT,aggressive,0.8,80,3,77,0.0375,-8.373
SOLUSDT,partial_50,0.8,34,3,23,0.3235,2.3007
SOLUSDT,partial_60,0.8,41,2,34,0.1707,-0.0515
SOLUSDT,partial_70,0.8,40,2,34,0.15,0.2663
SOLUSDT,partial_tight,0.8,37,1,32,0.1351,-1.5798
SOLUSDT,partial_high_rr,0.8,24,2,19,0.2083,0.0723
SOLUSDT,partial_conservative,0.8,29,2,22,0.2414,-0.4044
SOLUSDT,trail_20_from_15,0.8,98,2,77,0.2143,-2.6856
SOLUSDT,trail_15_from_15,0.8,41,2,25,0.3902,0.9252
SOLUSDT,trail_15_from_15_d1,0.8,50,2,32,0.36,0.1006
SOLUSDT,trail_25_from_15,0.8,74,2,52,0.2973,-1.0225
SOLUSDT,db_layer_0,0.8,29,0,20,0.3103,-2.2562
SOLUSDT,db_layer_1,0.8,62,0,55,0.1129,-5.0249
SOLUSDT,db_layer_3,0.8,46,0,38,0.1739,-2.5693
SOLUSDT,rr_4x_trail_20,0.8,26,0,18,0.3077,-1.9817
SOLUSDT,rr_3x_trail_15,0.8,60,0,53,0.1167,-4.7842
SOLUSDT,sl_filter_trail,0.8,64,1,46,0.2812,-2.1457
SOLUSDT,trail_20_from_30_sl_filter,0.8,34,2,21,0.3824,0.8708
SOLUSDT,trail_20_from_30_full,0.8,25,0,20,0.2,-3.557
SOLUSDT,trail_15_from_30,0.8,86,2,73,0.1512,-2.8526
SOLUSDT,trail_20_from_30_cooldown,0.8,32,2,18,0.4375,2.0289
SOLUSDT,trail_15_from_30_tp95,0.8,35,2,23,0.3429,0.2436
SOLUSDT,trail_15_from_30_cooldown,0.8,32,2,18,0.4375,2.588
SOLUSDT,trail_15_from_30_full,0.8,31,2,19,0.3871,1.3995
SOLUSDT,db_clone_cooldown,0.8,20,0,14,0.3,-2.6337
SOLUSDT,correction_w20_trail15_30,0.8,35,2,23,0.3429,0.2436
SOLUSDT,db_full_clone,0.8,31,0,22,0.2903,-2.5573
SOLUSDT,sl_adjust_rr_trail,0.8,35,0,31,0.1143,-3.6347
SOLUSDT,sl_adjust_rr_tp95,0.8,32,0,21,0.3438,-3.6371
SOLUSDT,max_profit_2pct,0.8,36,3,33,0.0833,-3.8942
SOLUSDT,max_profit_2pct_trail,0.8,12,0,8,0.3333,0.168
SOLUSDT,max_profit_3pct_trail,0.8,30,0,27,0.1,-2.3618
SOLUSDT,r5_tight,0.8,31,2,19,0.3871,1.3995
SOLUSDT,r5_rr3,0.8,23,0,18,0.2174,-3.6174
SOLUSDT,r5_sl_filter,0.8,28,2,18,0.3571,0.4513
SOLUSDT,r5_sl_adjust,0.8,23,0,18,0.2174,-3.6174
SOLUSDT,r5_tight_rr3,0.8,23,0,18,0.2174,-3.6174
SOLUSDT,r5_tight_sl,0.8,28,2,18,0.3571,0.4513
SOLUSDT,r5_all_filters,0.8,21,0,17,0.1905,-3.6009
SOLUSDT,r5_trail10,0.8,40,2,31,0.225,0.1658
SOLUSDT,r5_arm25,0.8,32,2,24,0.25,-0.7905
SOLUSDT,r5_arm20,0.8,35,2,24,0.3143,0.0027
SOLUSDT,r5_arm15_cooldown,0.8,38,2,24,0.3684,-0.125
SOLUSDT,r6_arm15_rr4,0.8,17,0,12,0.2941,-2.2219
SOLUSDT,r6_arm15_maxp3_trail20,0.8,22,2,11,0.5,-0.0661
SOLUSDT,r6_arm15_full,0.8,17,0,15,0.1176,-2.7805
SOLUSDT,r7_arm20_maxp3_trail20,0.8,20,2,11,0.45,0.0102
SOLUSDT,r7_trail15_maxp3,0.8,33,2,17,0.4848,1.7182
SOLUSDT,r7_trail20_maxp3,0.8,33,2,17,0.4848,1.2919
SOLUSDT,r7_full_clone_cooldown,0.8,17,0,15,0.1176,-2.8311
SOLUSDT,r5_sl_adj_cooldown,0.8,23,0,17,0.2609,-5.422
SOLUSDT,r5_trail10_rr3,0.8,23,0,18,0.2174,-3.3088
SOLUSDT,full_clone_max_tp,0.8,28,0,26,0.0714,-2.7361
SOLUSDT,full_clone_sl_adjust,0.8,50,0,44,0.12,-3.7022
SOLUSDT,lh_sell_trail15,0.8,36,2,24,0.3333,-1.6873
SOLUSDT,lh_sell_prox15_trail15,0.8,37,2,25,0.3243,-2.0064
SOLUSDT,hl_buy_trail15,0.8,45,2,29,0.3556,7.8029
SOLUSDT,hl_buy_prox15_trail15,0.8,38,2,22,0.4211,7.277
SOLUSDT,pre_confirm_trail15,0.8,46,2,30,0.3478,6.4273
SOLUSDT,pre_confirm_prox15_trail15,0.8,39,2,23,0.4103,5.3461
SOLUSDT,r8_btc_minsl_strict,0.8,35,1,26,0.2571,-1.5756
SOLUSDT,r8_sol_hlbuy_cooldown,0.8,53,2,40,0.2453,5.2992
SOLUSDT,trail_15_from_30_act2_min1,0.8,79,4,72,0.0886,-4.8339
SOLUSDT,trail_15_from_30_act3_min1,0.8,71,3,67,0.0563,-3.2699
SOLUSDT,trail_15_from_30_act5_min15,0.8,71,3,68,0.0423,-7.0655
SOLUSDT,trail_20_from_30_act2_min1,0.8,28,5,21,0.25,-0.7514
SOLUSDT,trail_20_from_30_act3_min1,0.8,25,4,20,0.2,0.9126
SOLUSDT,trail_20_from_30_act5_min15,0.8,25,4,21,0.16,-2.8785
SOLUSDT,trail_15_from_15_act2_min1,0.8,30,3,25,0.1667,-4.1156
SOLUSDT,trail_15_from_15_act3_min1,0.8,28,3,24,0.1429,-1.3531
SOLUSDT,trail_15_from_15_act5_min15,0.8,28,3,25,0.1071,-5.1467
SOLUSDT,trail_20_from_15_act2_min1,0.8,74,4,67,0.0946,-4.4677
SOLUSDT,trail_20_from_15_act3_min1,0.8,69,3,65,0.058,-3.5901
SOLUSDT,trail_20_from_15_act5_min15,0.8,69,3,66,0.0435,-7.3857
SOLUSDT,default,0.65,72,3,69,0.0417,-5.9295
SOLUSDT,loose_entry,0.65,79,3,76,0.038,-8.085
SOLUSDT,broad_zone,0.65,74,3,71,0.0405,-6.2151
SOLUSDT,low_rr,0.65,77,3,74,0.039,-7.7994
SOLUSDT,aggressive,0.65,79,3,76,0.038,-8.085
SOLUSDT,partial_50,0.65,32,3,22,0.3125,2.0425
SOLUSDT,partial_60,0.65,41,2,34,0.1707,0.0679
SOLUSDT,partial_70,0.65,40,2,34,0.15,0.4055
SOLUSDT,partial_tight,0.65,37,1,32,0.1351,-1.5798
SOLUSDT,partial_high_rr,0.65,24,2,19,0.2083,0.0723
SOLUSDT,partial_conservative,0.65,27,2,21,0.2222,-0.7621
SOLUSDT,trail_20_from_15,0.65,94,2,75,0.2021,-2.9008
SOLUSDT,trail_15_from_15,0.65,40,2,24,0.4,1.0224
SOLUSDT,trail_15_from_15_d1,0.65,48,2,31,0.3542,-0.1501
SOLUSDT,trail_25_from_15,0.65,72,2,51,0.2917,-1.243
SOLUSDT,db_layer_0,0.65,28,0,19,0.3214,-2.0927
SOLUSDT,db_layer_1,0.65,61,0,54,0.1148,-4.924
SOLUSDT,db_layer_3,0.65,45,0,37,0.1778,-2.4558
SOLUSDT,rr_4x_trail_20,0.65,25,0,17,0.32,-1.8181
SOLUSDT,rr_3x_trail_15,0.65,59,0,52,0.1186,-4.6833
SOLUSDT,sl_filter_trail,0.65,62,1,45,0.2742,-2.3939
SOLUSDT,trail_20_from_30_sl_filter,0.65,31,2,20,0.3548,0.4061
SOLUSDT,trail_20_from_30_full,0.65,24,0,19,0.2083,-3.3935
SOLUSDT,trail_15_from_30,0.65,82,2,71,0.1341,-3.3116
SOLUSDT,trail_20_from_30_cooldown,0.65,29,2,17,0.4138,1.5642
SOLUSDT,trail_15_from_30_tp95,0.65,32,2,22,0.3125,-0.0742
SOLUSDT,trail_15_from_30_cooldown,0.65,29,2,17,0.4138,2.074
SOLUSDT,trail_15_from_30_full,0.65,28,2,18,0.3571,1.0816
SOLUSDT,db_clone_cooldown,0.65,19,0,13,0.3158,-2.4702
SOLUSDT,correction_w20_trail15_30,0.65,32,2,22,0.3125,-0.0742
SOLUSDT,db_full_clone,0.65,30,0,21,0.3,-2.3937
SOLUSDT,sl_adjust_rr_trail,0.65,34,0,30,0.1176,-3.5338
SOLUSDT,sl_adjust_rr_tp95,0.65,31,0,20,0.3548,-3.4736
SOLUSDT,max_profit_2pct,0.65,33,2,31,0.0606,-4.6241
SOLUSDT,max_profit_2pct_trail,0.65,11,0,7,0.3636,0.3316
SOLUSDT,max_profit_3pct_trail,0.65,29,0,26,0.1034,-2.2609
SOLUSDT,r5_tight,0.65,28,2,18,0.3571,1.0816
SOLUSDT,r5_rr3,0.65,22,0,17,0.2273,-3.4539
SOLUSDT,r5_sl_filter,0.65,25,2,17,0.32,0.1335
SOLUSDT,r5_sl_adjust,0.65,22,0,17,0.2273,-3.4539
SOLUSDT,r5_tight_rr3,0.65,22,0,17,0.2273,-3.4539
SOLUSDT,r5_tight_sl,0.65,25,2,17,0.32,0.1335
SOLUSDT,r5_all_filters,0.65,20,0,16,0.2,-3.4373
SOLUSDT,r5_trail10,0.65,37,2,30,0.1892,-0.2399
SOLUSDT,r5_arm25,0.65,30,2,23,0.2333,-0.8082
SOLUSDT,r5_arm20,0.65,34,2,23,0.3235,0.0999
SOLUSDT,r5_arm15_cooldown,0.65,37,2,23,0.3784,-0.0279
SOLUSDT,r6_arm15_rr4,0.65,16,0,11,0.3125,-2.0583
SOLUSDT,r6_arm15_maxp3_trail20,0.65,21,2,10,0.5238,0.0586
SOLUSDT,r6_arm15_full,0.65,16,0,14,0.125,-2.642
SOLUSDT,r7_arm20_maxp3_trail20,0.65,19,2,10,0.4737,0.1349
SOLUSDT,r7_trail15_maxp3,0.65,31,2,16,0.4839,1.4926
SOLUSDT,r7_trail20_maxp3,0.65,31,2,16,0.4839,1.0939
SOLUSDT,r7_full_clone_cooldown,0.65,16,0,14,0.125,-2.6926
SOLUSDT,r5_sl_adj_cooldown,0.65,22,0,16,0.2727,-5.2584
SOLUSDT,r5_trail10_rr3,0.65,22,0,17,0.2273,-3.1453
SOLUSDT,full_clone_max_tp,0.65,27,0,25,0.0741,-2.6352
SOLUSDT,full_clone_sl_adjust,0.65,49,0,43,0.1224,-3.6013
SOLUSDT,lh_sell_trail15,0.65,33,2,23,0.303,-2.0051
SOLUSDT,lh_sell_prox15_trail15,0.65,34,2,24,0.2941,-2.3243
SOLUSDT,hl_buy_trail15,0.65,42,2,28,0.3333,7.46
SOLUSDT,hl_buy_prox15_trail15,0.65,35,2,21,0.4,6.9591
SOLUSDT,pre_confirm_trail15,0.65,43,2,29,0.3256,6.0843
SOLUSDT,pre_confirm_prox15_trail15,0.65,36,2,22,0.3889,5.0282
SOLUSDT,r8_btc_minsl_strict,0.65,32,1,25,0.2188,-1.9394
SOLUSDT,r8_sol_hlbuy_cooldown,0.65,49,2,38,0.2245,5.0275
SOLUSDT,trail_15_from_30_act2_min1,0.65,77,3,71,0.0779,-5.6565
SOLUSDT,trail_15_from_30_act3_min1,0.65,71,3,67,0.0563,-3.0709
SOLUSDT,trail_15_from_30_act5_min15,0.65,71,3,68,0.0423,-6.8665
SOLUSDT,trail_20_from_30_act2_min1,0.65,26,4,20,0.2308,-1.5114
SOLUSDT,trail_20_from_30_act3_min1,0.65,25,4,20,0.2,1.1116
SOLUSDT,trail_20_from_30_act5_min15,0.65,25,4,21,0.16,-2.6795
SOLUSDT,trail_15_from_15_act2_min1,0.65,29,3,24,0.1724,-3.7781
SOLUSDT,trail_15_from_15_act3_min1,0.65,28,3,24,0.1429,-1.1541
SOLUSDT,trail_15_from_15_act5_min15,0.65,28,3,25,0.1071,-4.9477
SOLUSDT,trail_20_from_15_act2_min1,0.65,72,3,66,0.0833,-5.2904
SOLUSDT,trail_20_from_15_act3_min1,0.65,69,3,65,0.058,-3.3911
SOLUSDT,trail_20_from_15_act5_min15,0.65,69,3,66,0.0435,-7.1867
SOLUSDT,default,0.5,65,2,63,0.0308,-6.5607
SOLUSDT,loose_entry,0.5,73,2,71,0.0274,-8.8171
SOLUSDT,broad_zone,0.5,68,2,66,0.0294,-6.9472
SOLUSDT,low_rr,0.5,70,2,68,0.0286,-8.4306
SOLUSDT,aggressive,0.5,73,2,71,0.0274,-8.8171
SOLUSDT,partial_50,0.5,29,3,20,0.3103,1.9593
SOLUSDT,partial_60,0.5,35,2,29,0.1714,0.367
SOLUSDT,partial_70,0.5,34,2,29,0.1471,0.5525
SOLUSDT,partial_tight,0.5,31,1,27,0.129,-1.3257
SOLUSDT,partial_high_rr,0.5,24,2,19,0.2083,0.0723
SOLUSDT,partial_conservative,0.5,24,2,19,0.2083,-0.9095
SOLUSDT,trail_20_from_15,0.5,86,2,69,0.1977,-2.7276
SOLUSDT,trail_15_from_15,0.5,36,2,22,0.3889,0.8013
SOLUSDT,trail_15_from_15_d1,0.5,43,2,28,0.3488,-0.2166
SOLUSDT,trail_25_from_15,0.5,65,2,46,0.2923,-1.0125
SOLUSDT,db_layer_0,0.5,26,0,18,0.3077,-1.9817
SOLUSDT,db_layer_1,0.5,59,0,52,0.1186,-4.7134
SOLUSDT,db_layer_3,0.5,43,0,35,0.186,-2.2148
SOLUSDT,rr_4x_trail_20,0.5,25,0,17,0.32,-1.8181
SOLUSDT,rr_3x_trail_15,0.5,57,0,50,0.1228,-4.4727
SOLUSDT,sl_filter_trail,0.5,55,1,40,0.2727,-2.2131
SOLUSDT,trail_20_from_30_sl_filter,0.5,28,2,18,0.3571,0.4388
SOLUSDT,trail_20_from_30_full,0.5,22,0,17,0.2273,-3.0309
SOLUSDT,trail_15_from_30,0.5,75,2,65,0.1333,-3.1062
SOLUSDT,trail_20_from_30_cooldown,0.5,27,2,16,0.4074,1.421
SOLUSDT,trail_15_from_30_tp95,0.5,29,2,20,0.3103,-0.0819
SOLUSDT,trail_15_from_30_cooldown,0.5,27,2,16,0.4074,1.8904
SOLUSDT,trail_15_from_30_full,0.5,26,2,17,0.3462,0.898
SOLUSDT,db_clone_cooldown,0.5,17,0,12,0.2941,-2.3592
SOLUSDT,correction_w20_trail15_30,0.5,29,2,20,0.3103,-0.0819
SOLUSDT,db_full_clone,0.5,28,0,20,0.2857,-2.2828
SOLUSDT,sl_adjust_rr_trail,0.5,32,0,28,0.125,-3.2911
SOLUSDT,sl_adjust_rr_tp95,0.5,29,0,19,0.3448,-3.3626
SOLUSDT,max_profit_2pct,0.5,27,1,26,0.037,-5.2477
SOLUSDT,max_profit_2pct_trail,0.5,9,0,6,0.3333,0.4425
SOLUSDT,max_profit_3pct_trail,0.5,27,0,24,0.1111,-2.0503
SOLUSDT,r5_tight,0.5,26,2,17,0.3462,0.898
SOLUSDT,r5_rr3,0.5,21,0,16,0.2381,-3.2672
SOLUSDT,r5_sl_filter,0.5,23,2,16,0.3043,-0.0501
SOLUSDT,r5_sl_adjust,0.5,21,0,16,0.2381,-3.2672
SOLUSDT,r5_tight_rr3,0.5,21,0,16,0.2381,-3.2672
SOLUSDT,r5_tight_sl,0.5,23,2,16,0.3043,-0.0501
SOLUSDT,r5_all_filters,0.5,19,0,15,0.2105,-3.2507
SOLUSDT,r5_trail10,0.5,34,2,28,0.1765,-0.5925
SOLUSDT,r5_arm25,0.5,28,2,21,0.25,-0.1881
SOLUSDT,r5_arm20,0.5,30,2,22,0.2667,-1.0635
SOLUSDT,r5_arm15_cooldown,0.5,33,2,22,0.3333,-1.1812
SOLUSDT,r6_arm15_rr4,0.5,14,0,10,0.2857,-1.9564
SOLUSDT,r6_arm15_maxp3_trail20,0.5,18,2,9,0.5,-0.1573
SOLUSDT,r6_arm15_full,0.5,14,0,12,0.1429,-2.3402
SOLUSDT,r7_arm20_maxp3_trail20,0.5,16,2,9,0.4375,-0.0905
SOLUSDT,r7_trail15_maxp3,0.5,27,2,14,0.4815,1.4028
SOLUSDT,r7_trail20_maxp3,0.5,27,2,14,0.4815,1.0539
SOLUSDT,r7_full_clone_cooldown,0.5,14,0,12,0.1429,-2.3908
SOLUSDT,r5_sl_adj_cooldown,0.5,20,0,15,0.25,-5.1475
SOLUSDT,r5_trail10_rr3,0.5,21,0,16,0.2381,-2.9586
SOLUSDT,full_clone_max_tp,0.5,25,0,23,0.08,-2.4246
SOLUSDT,full_clone_sl_adjust,0.5,47,0,41,0.1277,-3.3906
SOLUSDT,lh_sell_trail15,0.5,30,2,21,0.3,-2.0128
SOLUSDT,lh_sell_prox15_trail15,0.5,31,2,22,0.2903,-2.3319
SOLUSDT,hl_buy_trail15,0.5,41,2,28,0.3171,6.8544
SOLUSDT,hl_buy_prox15_trail15,0.5,34,2,21,0.3824,6.3535
SOLUSDT,pre_confirm_trail15,0.5,42,2,29,0.3095,5.4787
SOLUSDT,pre_confirm_prox15_trail15,0.5,35,2,22,0.3714,4.4226
SOLUSDT,r8_btc_minsl_strict,0.5,28,1,23,0.1786,-2.3122
SOLUSDT,r8_sol_hlbuy_cooldown,0.5,48,2,38,0.2083,4.5557
SOLUSDT,trail_15_from_30_act2_min1,0.5,70,2,65,0.0714,-6.2878
SOLUSDT,trail_15_from_30_act3_min1,0.5,64,2,61,0.0469,-3.7021
SOLUSDT,trail_15_from_30_act5_min15,0.5,64,2,62,0.0312,-7.4977
SOLUSDT,trail_20_from_30_act2_min1,0.5,23,3,18,0.2174,-2.3557
SOLUSDT,trail_20_from_30_act3_min1,0.5,22,3,18,0.1818,0.2673
SOLUSDT,trail_20_from_30_act5_min15,0.5,22,3,19,0.1364,-3.5238
SOLUSDT,trail_15_from_15_act2_min1,0.5,26,2,22,0.1538,-4.7538
SOLUSDT,trail_15_from_15_act3_min1,0.5,25,2,22,0.12,-2.1298
SOLUSDT,trail_15_from_15_act5_min15,0.5,25,2,23,0.08,-5.9234
SOLUSDT,trail_20_from_15_act2_min1,0.5,65,2,60,0.0769,-5.9216
SOLUSDT,trail_20_from_15_act3_min1,0.5,62,2,59,0.0484,-4.0224
SOLUSDT,trail_20_from_15_act5_min15,0.5,62,2,60,0.0323,-7.8179
SOLUSDT,default,0.3,64,2,62,0.0312,-6.339
SOLUSDT,loose_entry,0.3,70,2,68,0.0286,-7.8778
SOLUSDT,broad_zone,0.3,67,2,65,0.0299,-6.7254
SOLUSDT,low_rr,0.3,67,2,65,0.0299,-7.4913
SOLUSDT,aggressive,0.3,70,2,68,0.0286,-7.8778
SOLUSDT,partial_50,0.3,28,3,19,0.3214,2.6062
SOLUSDT,partial_60,0.3,34,2,28,0.1765,0.8439
SOLUSDT,partial_70,0.3,33,2,28,0.1515,1.0293
SOLUSDT,partial_tight,0.3,31,1,27,0.129,-1.3257
SOLUSDT,partial_high_rr,0.3,24,2,19,0.2083,0.0723
SOLUSDT,partial_conservative,0.3,24,2,19,0.2083,-0.9095
SOLUSDT,trail_20_from_15,0.3,85,2,68,0.2,-2.5058
SOLUSDT,trail_15_from_15,0.3,35,2,21,0.4,1.2781
SOLUSDT,trail_15_from_15_d1,0.3,42,2,27,0.3571,0.2602
SOLUSDT,trail_25_from_15,0.3,64,2,45,0.2969,-0.7057
SOLUSDT,db_layer_0,0.3,26,0,18,0.3077,-1.9817
SOLUSDT,db_layer_1,0.3,59,0,52,0.1186,-4.7134
SOLUSDT,db_layer_3,0.3,43,0,35,0.186,-2.2148
SOLUSDT,rr_4x_trail_20,0.3,25,0,17,0.32,-1.8181
SOLUSDT,rr_3x_trail_15,0.3,57,0,50,0.1228,-4.4727
SOLUSDT,sl_filter_trail,0.3,54,1,39,0.2778,-1.9064
SOLUSDT,trail_20_from_30_sl_filter,0.3,27,2,17,0.3704,1.0858
SOLUSDT,trail_20_from_30_full,0.3,22,0,17,0.2273,-3.0309
SOLUSDT,trail_15_from_30,0.3,74,2,64,0.1351,-2.8844
SOLUSDT,trail_20_from_30_cooldown,0.3,26,2,15,0.4231,1.2544
SOLUSDT,trail_15_from_30_tp95,0.3,28,2,19,0.3214,0.5651
SOLUSDT,trail_15_from_30_cooldown,0.3,26,2,15,0.4231,1.7083
SOLUSDT,trail_15_from_30_full,0.3,25,2,16,0.36,0.7159
SOLUSDT,db_clone_cooldown,0.3,17,0,12,0.2941,-2.3592
SOLUSDT,correction_w20_trail15_30,0.3,28,2,19,0.3214,0.5651
SOLUSDT,db_full_clone,0.3,28,0,20,0.2857,-2.2828
SOLUSDT,sl_adjust_rr_trail,0.3,32,0,28,0.125,-3.2911
SOLUSDT,sl_adjust_rr_tp95,0.3,29,0,19,0.3448,-3.3626
SOLUSDT,max_profit_2pct,0.3,26,1,25,0.0385,-4.941
SOLUSDT,max_profit_2pct_trail,0.3,9,0,6,0.3333,0.4425
SOLUSDT,max_profit_3pct_trail,0.3,27,0,24,0.1111,-2.0503
SOLUSDT,r5_tight,0.3,25,2,16,0.36,0.7159
SOLUSDT,r5_rr3,0.3,21,0,16,0.2381,-3.2672
SOLUSDT,r5_sl_filter,0.3,22,2,15,0.3182,-0.2322
SOLUSDT,r5_sl_adjust,0.3,21,0,16,0.2381,-3.2672
SOLUSDT,r5_tight_rr3,0.3,21,0,16,0.2381,-3.2672
SOLUSDT,r5_tight_sl,0.3,22,2,15,0.3182,-0.2322
SOLUSDT,r5_all_filters,0.3,19,0,15,0.2105,-3.2507
SOLUSDT,r5_trail10,0.3,34,2,28,0.1765,-0.3791
SOLUSDT,r5_arm25,0.3,27,2,20,0.2593,0.0334
SOLUSDT,r5_arm20,0.3,29,2,21,0.2759,-1.0908
SOLUSDT,r5_arm15_cooldown,0.3,32,2,21,0.3438,-1.2085
SOLUSDT,r6_arm15_rr4,0.3,14,0,10,0.2857,-1.9564
SOLUSDT,r6_arm15_maxp3_trail20,0.3,17,2,8,0.5294,0.4897
SOLUSDT,r6_arm15_full,0.3,14,0,12,0.1429,-2.3402
SOLUSDT,r7_arm20_maxp3_trail20,0.3,15,2,8,0.4667,0.5565
SOLUSDT,r7_trail15_maxp3,0.3,26,2,13,0.5,2.0498
SOLUSDT,r7_trail20_maxp3,0.3,26,2,13,0.5,1.7009
SOLUSDT,r7_full_clone_cooldown,0.3,14,0,12,0.1429,-2.3908
SOLUSDT,r5_sl_adj_cooldown,0.3,20,0,15,0.25,-5.1475
SOLUSDT,r5_trail10_rr3,0.3,21,0,16,0.2381,-2.9586
SOLUSDT,full_clone_max_tp,0.3,25,0,23,0.08,-2.4246
SOLUSDT,full_clone_sl_adjust,0.3,47,0,41,0.1277,-3.3906
SOLUSDT,lh_sell_trail15,0.3,29,2,20,0.3103,-1.3658
SOLUSDT,lh_sell_prox15_trail15,0.3,30,2,21,0.3,-1.685
SOLUSDT,hl_buy_trail15,0.3,41,2,28,0.3171,6.8544
SOLUSDT,hl_buy_prox15_trail15,0.3,34,2,21,0.3824,6.3535
SOLUSDT,pre_confirm_trail15,0.3,42,2,29,0.3095,5.4787
SOLUSDT,pre_confirm_prox15_trail15,0.3,35,2,22,0.3714,4.4226
SOLUSDT,r8_btc_minsl_strict,0.3,27,1,22,0.1852,-2.0904
SOLUSDT,r8_sol_hlbuy_cooldown,0.3,48,2,38,0.2083,4.5557
SOLUSDT,trail_15_from_30_act2_min1,0.3,69,2,64,0.0725,-6.066
SOLUSDT,trail_15_from_30_act3_min1,0.3,63,2,60,0.0476,-3.4804
SOLUSDT,trail_15_from_30_act5_min15,0.3,63,2,61,0.0317,-7.2759
SOLUSDT,trail_20_from_30_act2_min1,0.3,22,3,17,0.2273,-0.5434
SOLUSDT,trail_20_from_30_act3_min1,0.3,21,3,17,0.1905,0.0451
SOLUSDT,trail_20_from_30_act5_min15,0.3,21,3,18,0.1429,-3.7613
SOLUSDT,trail_15_from_15_act2_min1,0.3,25,2,21,0.16,-4.2769
SOLUSDT,trail_15_from_15_act3_min1,0.3,24,2,21,0.125,-1.6529
SOLUSDT,trail_15_from_15_act5_min15,0.3,24,2,22,0.0833,-5.4465
SOLUSDT,trail_20_from_15_act2_min1,0.3,64,2,59,0.0781,-5.6999
SOLUSDT,trail_20_from_15_act3_min1,0.3,61,2,58,0.0492,-3.8006
SOLUSDT,trail_20_from_15_act5_min15,0.3,61,2,59,0.0328,-7.5962
SOLUSDT,default,0.1,37,1,36,0.027,-2.3811
SOLUSDT,loose_entry,0.1,42,1,41,0.0238,-3.5552
SOLUSDT,broad_zone,0.1,40,1,39,0.025,-2.7676
SOLUSDT,low_rr,0.1,39,1,38,0.0256,-3.1687
SOLUSDT,aggressive,0.1,42,1,41,0.0238,-3.5552
SOLUSDT,partial_50,0.1,20,1,14,0.3,2.7565
SOLUSDT,partial_60,0.1,22,1,18,0.1818,3.0136
SOLUSDT,partial_70,0.1,21,1,18,0.1429,3.0638
SOLUSDT,partial_tight,0.1,19,0,17,0.1053,-0.5768
SOLUSDT,partial_high_rr,0.1,17,1,14,0.1765,0.5314
SOLUSDT,partial_conservative,0.1,17,1,14,0.1765,-0.1487
SOLUSDT,trail_20_from_15,0.1,40,0,33,0.175,-0.9272
SOLUSDT,trail_15_from_15,0.1,19,0,12,0.3684,0.8998
SOLUSDT,trail_15_from_15_d1,0.1,22,0,14,0.3636,1.0312
SOLUSDT,trail_25_from_15,0.1,33,0,25,0.2424,-0.4028
SOLUSDT,db_layer_0,0.1,19,0,13,0.3158,0.1874
SOLUSDT,db_layer_1,0.1,36,0,32,0.1111,-2.3015
SOLUSDT,db_layer_3,0.1,27,0,22,0.1852,-0.6705
SOLUSDT,rr_4x_trail_20,0.1,18,0,12,0.3333,0.351
SOLUSDT,rr_3x_trail_15,0.1,34,0,30,0.1176,-2.0608
SOLUSDT,sl_filter_trail,0.1,30,0,23,0.2333,-0.4168
SOLUSDT,trail_20_from_30_sl_filter,0.1,20,0,14,0.3,-0.1189
SOLUSDT,trail_20_from_30_full,0.1,18,0,14,0.2222,-1.1097
SOLUSDT,trail_15_from_30,0.1,38,0,33,0.1316,-1.1574
SOLUSDT,trail_20_from_30_cooldown,0.1,18,0,11,0.3889,0.9279
SOLUSDT,trail_15_from_30_tp95,0.1,19,0,14,0.2632,0.214
SOLUSDT,trail_15_from_30_cooldown,0.1,18,0,11,0.3889,1.335
SOLUSDT,trail_15_from_30_full,0.1,16,0,11,0.3125,0.4873
SOLUSDT,db_clone_cooldown,0.1,14,0,10,0.2857,0.2027
SOLUSDT,correction_w20_trail15_30,0.1,19,0,14,0.2632,0.214
SOLUSDT,db_full_clone,0.1,21,0,15,0.2857,0.2436
SOLUSDT,sl_adjust_rr_trail,0.1,18,0,16,0.1111,-1.1451
SOLUSDT,sl_adjust_rr_tp95,0.1,21,0,14,0.3333,-0.8402
SOLUSDT,max_profit_2pct,0.1,11,0,11,0.0,-2.2473
SOLUSDT,max_profit_2pct_trail,0.1,7,0,5,0.2857,0.6025
SOLUSDT,max_profit_3pct_trail,0.1,14,0,13,0.0714,-1.2533
SOLUSDT,r5_tight,0.1,16,0,11,0.3125,0.4873
SOLUSDT,r5_rr3,0.1,15,0,11,0.2667,-0.7486
SOLUSDT,r5_sl_filter,0.1,15,0,11,0.2667,-0.5684
SOLUSDT,r5_sl_adjust,0.1,15,0,11,0.2667,-0.7486
SOLUSDT,r5_tight_rr3,0.1,15,0,11,0.2667,-0.7486
SOLUSDT,r5_tight_sl,0.1,15,0,11,0.2667,-0.5684
SOLUSDT,r5_all_filters,0.1,15,0,11,0.2667,-0.5684
SOLUSDT,r5_trail10,0.1,17,0,14,0.1765,0.6386
SOLUSDT,r5_arm25,0.1,16,0,12,0.25,0.3886
SOLUSDT,r5_arm20,0.1,16,0,12,0.25,-0.28
SOLUSDT,r5_arm15_cooldown,0.1,17,0,12,0.2941,-0.177
SOLUSDT,r6_arm15_rr4,0.1,10,0,7,0.3,0.199
SOLUSDT,r6_arm15_maxp3_trail20,0.1,6,0,4,0.3333,-0.0139
SOLUSDT,r6_arm15_full,0.1,8,0,6,0.25,-0.4799
SOLUSDT,r7_arm20_maxp3_trail20,0.1,6,0,4,0.3333,-0.0139
SOLUSDT,r7_trail15_maxp3,0.1,14,0,8,0.4286,0.9028
SOLUSDT,r7_trail20_maxp3,0.1,14,0,8,0.4286,0.6597
SOLUSDT,r7_full_clone_cooldown,0.1,8,0,7,0.125,-0.956
SOLUSDT,r5_sl_adj_cooldown,0.1,14,0,11,0.2143,-1.9517
SOLUSDT,r5_trail10_rr3,0.1,15,0,11,0.2667,-0.4782
SOLUSDT,full_clone_max_tp,0.1,15,0,14,0.0667,-1.3792
SOLUSDT,full_clone_sl_adjust,0.1,31,0,27,0.129,-1.5622
SOLUSDT,lh_sell_trail15,0.1,20,0,15,0.25,-1.7169
SOLUSDT,lh_sell_prox15_trail15,0.1,21,0,16,0.2381,-2.036
SOLUSDT,hl_buy_trail15,0.1,27,1,18,0.3333,7.6442
SOLUSDT,hl_buy_prox15_trail15,0.1,26,1,16,0.3846,7.1976
SOLUSDT,pre_confirm_trail15,0.1,28,1,19,0.3214,6.2685
SOLUSDT,pre_confirm_prox15_trail15,0.1,27,1,17,0.3704,5.2667
SOLUSDT,r8_btc_minsl_strict,0.1,6,0,6,0.0,-1.0489
SOLUSDT,r8_sol_hlbuy_cooldown,0.1,27,1,19,0.2963,7.4591
SOLUSDT,trail_15_from_30_act2_min1,0.1,36,0,33,0.0833,-2.6833
SOLUSDT,trail_15_from_30_act3_min1,0.1,36,1,34,0.0556,0.4775
SOLUSDT,trail_15_from_30_act5_min15,0.1,36,1,35,0.0278,-3.3181
SOLUSDT,trail_20_from_30_act2_min1,0.1,15,1,11,0.2667,2.2114
SOLUSDT,trail_20_from_30_act3_min1,0.1,15,2,12,0.2,4.2049
SOLUSDT,trail_20_from_30_act5_min15,0.1,15,2,13,0.1333,0.4138
SOLUSDT,trail_15_from_15_act2_min1,0.1,15,0,12,0.2,-1.2237
SOLUSDT,trail_15_from_15_act3_min1,0.1,15,1,13,0.1333,1.9362
SOLUSDT,trail_15_from_15_act5_min15,0.1,15,1,14,0.0667,-1.8574
SOLUSDT,trail_20_from_15_act2_min1,0.1,36,0,33,0.0833,-2.7522
SOLUSDT,trail_20_from_15_act3_min1,0.1,36,1,34,0.0556,0.4067
SOLUSDT,trail_20_from_15_act5_min15,0.1,36,1,35,0.0278,-3.3889
THETAUSDT,default,1.0,56,1,55,0.0179,-8.9708
THETAUSDT,loose_entry,1.0,56,1,55,0.0179,-9.9457
THETAUSDT,broad_zone,1.0,56,1,55,0.0179,-8.9708
THETAUSDT,low_rr,1.0,56,1,55,0.0179,-9.9457
THETAUSDT,aggressive,1.0,56,1,55,0.0179,-9.9457
THETAUSDT,partial_50,1.0,22,0,18,0.1818,-7.3602
THETAUSDT,partial_60,1.0,30,0,25,0.1667,0.0736
THETAUSDT,partial_70,1.0,22,0,20,0.0909,-5.2299
THETAUSDT,partial_tight,1.0,30,0,25,0.1667,2.3739
THETAUSDT,partial_high_rr,1.0,20,0,17,0.15,-2.0429
THETAUSDT,partial_conservative,1.0,22,0,18,0.1818,-5.7631
THETAUSDT,trail_20_from_15,1.0,179,0,139,0.2235,-11.2757
THETAUSDT,trail_15_from_15,1.0,66,0,34,0.4848,6.7777
THETAUSDT,trail_15_from_15_d1,1.0,70,0,39,0.4429,1.9795
THETAUSDT,trail_25_from_15,1.0,112,0,78,0.3036,-9.1887
THETAUSDT,db_layer_0,1.0,39,0,20,0.4872,4.77
THETAUSDT,db_layer_1,1.0,115,0,91,0.2087,-2.5972
THETAUSDT,db_layer_3,1.0,82,0,64,0.2195,-2.8326
THETAUSDT,rr_4x_trail_20,1.0,39,0,20,0.4872,4.77
THETAUSDT,rr_3x_trail_15,1.0,115,0,91,0.2087,-2.5972
THETAUSDT,sl_filter_trail,1.0,67,0,51,0.2388,1.6992
THETAUSDT,trail_20_from_30_sl_filter,1.0,25,0,18,0.28,1.4656
THETAUSDT,trail_20_from_30_full,1.0,24,0,17,0.2917,2.1586
THETAUSDT,trail_15_from_30,1.0,108,0,96,0.1111,-12.2038
THETAUSDT,trail_20_from_30_cooldown,1.0,24,0,15,0.375,-6.4542
THETAUSDT,trail_15_from_30_tp95,1.0,31,0,20,0.3548,-2.8091
THETAUSDT,trail_15_from_30_cooldown,1.0,24,0,15,0.375,-5.6926
THETAUSDT,trail_15_from_30_full,1.0,25,0,15,0.4,-3.9815
THETAUSDT,db_clone_cooldown,1.0,28,0,13,0.5357,9.0118
THETAUSDT,correction_w20_trail15_30,1.0,31,0,20,0.3548,-2.8091
THETAUSDT,db_full_clone,1.0,38,0,22,0.4211,7.3525
THETAUSDT,sl_adjust_rr_trail,1.0,64,0,51,0.2031,-5.646
THETAUSDT,sl_adjust_rr_tp95,1.0,41,0,20,0.5122,3.3646
THETAUSDT,max_profit_2pct,1.0,3,0,3,0.0,-1.2788
THETAUSDT,max_profit_2pct_trail,1.0,0,0,0,0.0,0
THETAUSDT,max_profit_3pct_trail,1.0,13,0,13,0.0,-2.1987
THETAUSDT,r5_tight,1.0,25,0,15,0.4,-3.9815
THETAUSDT,r5_rr3,1.0,22,0,14,0.3636,0.8663
THETAUSDT,r5_sl_filter,1.0,20,0,13,0.35,5.8572
THETAUSDT,r5_sl_adjust,1.0,22,0,14,0.3636,0.0135
THETAUSDT,r5_tight_rr3,1.0,22,0,14,0.3636,0.8663
THETAUSDT,r5_tight_sl,1.0,20,0,13,0.35,5.8572
THETAUSDT,r5_all_filters,1.0,19,0,12,0.3684,7.2689
THETAUSDT,r5_trail10,1.0,49,0,39,0.2041,-8.1044
THETAUSDT,r5_arm25,1.0,43,0,25,0.4186,0.6954
THETAUSDT,r5_arm20,1.0,59,0,36,0.3898,1.1666
THETAUSDT,r5_arm15_cooldown,1.0,67,0,35,0.4776,6.8694
THETAUSDT,r6_arm15_rr4,1.0,28,0,12,0.5714,4.4976
THETAUSDT,r6_arm15_maxp3_trail20,1.0,7,0,4,0.4286,-1.4385
THETAUSDT,r6_arm15_full,1.0,9,0,6,0.3333,-0.5478
THETAUSDT,r7_arm20_maxp3_trail20,1.0,6,0,4,0.3333,-2.5139
THETAUSDT,r7_trail15_maxp3,1.0,13,0,7,0.4615,-3.1555
THETAUSDT,r7_trail20_maxp3,1.0,13,0,7,0.4615,-3.3221
THETAUSDT,r7_full_clone_cooldown,1.0,9,0,6,0.3333,-0.5478
THETAUSDT,r5_sl_adj_cooldown,1.0,31,0,13,0.5806,2.075
THETAUSDT,r5_trail10_rr3,1.0,22,0,14,0.3636,1.6733
THETAUSDT,full_clone_max_tp,1.0,14,0,13,0.0714,-1.6306
THETAUSDT,full_clone_sl_adjust,1.0,70,0,59,0.1571,1.7438
THETAUSDT,lh_sell_trail15,1.0,31,0,20,0.3548,-2.8091
THETAUSDT,lh_sell_prox15_trail15,1.0,31,0,20,0.3548,-2.8091
THETAUSDT,hl_buy_trail15,1.0,48,0,33,0.3125,-4.2658
THETAUSDT,hl_buy_prox15_trail15,1.0,33,0,22,0.3333,-10.634
THETAUSDT,pre_confirm_trail15,1.0,48,0,33,0.3125,-4.2658
THETAUSDT,pre_confirm_prox15_trail15,1.0,33,0,22,0.3333,-10.634
THETAUSDT,r8_btc_minsl_strict,1.0,12,0,9,0.25,-0.6775
THETAUSDT,r8_sol_hlbuy_cooldown,1.0,72,0,58,0.1944,-4.4289
THETAUSDT,trail_15_from_30_act2_min1,1.0,85,0,77,0.0941,-14.4427
THETAUSDT,trail_15_from_30_act3_min1,1.0,80,0,74,0.075,-12.8812
THETAUSDT,trail_15_from_30_act5_min15,1.0,52,0,51,0.0192,-17.0309
THETAUSDT,trail_20_from_30_act2_min1,1.0,21,0,15,0.2857,-7.8131
THETAUSDT,trail_20_from_30_act3_min1,1.0,16,0,13,0.1875,-10.2783
THETAUSDT,trail_20_from_30_act5_min15,1.0,13,1,11,0.1538,-8.6436
THETAUSDT,trail_15_from_15_act2_min1,1.0,39,0,28,0.2821,-6.4143
THETAUSDT,trail_15_from_15_act3_min1,1.0,27,0,22,0.1852,-6.9181
THETAUSDT,trail_15_from_15_act5_min15,1.0,18,0,17,0.0556,-11.4275
THETAUSDT,trail_20_from_15_act2_min1,1.0,77,0,68,0.1169,-14.6319
THETAUSDT,trail_20_from_15_act3_min1,1.0,75,0,70,0.0667,-17.2265
THETAUSDT,trail_20_from_15_act5_min15,1.0,55,0,54,0.0182,-18.85
THETAUSDT,default,0.8,56,1,55,0.0179,-8.9708
THETAUSDT,loose_entry,0.8,56,1,55,0.0179,-9.9457
THETAUSDT,broad_zone,0.8,56,1,55,0.0179,-8.9708
THETAUSDT,low_rr,0.8,56,1,55,0.0179,-9.9457
THETAUSDT,aggressive,0.8,56,1,55,0.0179,-9.9457
THETAUSDT,partial_50,0.8,22,0,18,0.1818,-7.3602
THETAUSDT,partial_60,0.8,30,0,25,0.1667,0.0736
THETAUSDT,partial_70,0.8,22,0,20,0.0909,-5.2299
THETAUSDT,partial_tight,0.8,30,0,25,0.1667,2.3739
THETAUSDT,partial_high_rr,0.8,20,0,17,0.15,-2.0429
THETAUSDT,partial_conservative,0.8,22,0,18,0.1818,-5.7631
THETAUSDT,trail_20_from_15,0.8,178,0,138,0.2247,-11.0609
THETAUSDT,trail_15_from_15,0.8,66,0,34,0.4848,6.809
THETAUSDT,trail_15_from_15_d1,0.8,70,0,39,0.4429,2.0107
THETAUSDT,trail_25_from_15,0.8,111,0,77,0.3063,-8.9647
THETAUSDT,db_layer_0,0.8,39,0,20,0.4872,4.8147
THETAUSDT,db_layer_1,0.8,114,0,90,0.2105,-2.3824
THETAUSDT,db_layer_3,0.8,81,0,63,0.2222,-2.6087
THETAUSDT,rr_4x_trail_20,0.8,39,0,20,0.4872,4.8147
THETAUSDT,rr_3x_trail_15,0.8,114,0,90,0.2105,-2.3824
THETAUSDT,sl_filter_trail,0.8,66,0,50,0.2424,1.9232
THETAUSDT,trail_20_from_30_sl_filter,0.8,25,0,18,0.28,1.4656
THETAUSDT,trail_20_from_30_full,0.8,24,0,17,0.2917,2.1586
THETAUSDT,trail_15_from_30,0.8,108,0,96,0.1111,-12.2038
THETAUSDT,trail_20_from_30_cooldown,0.8,24,0,15,0.375,-6.4542
THETAUSDT,trail_15_from_30_tp95,0.8,31,0,20,0.3548,-2.8091
THETAUSDT,trail_15_from_30_cooldown,0.8,24,0,15,0.375,-5.6926
THETAUSDT,trail_15_from_30_full,0.8,25,0,15,0.4,-3.9815
THETAUSDT,db_clone_cooldown,0.8,28,0,13,0.5357,9.0565
THETAUSDT,correction_w20_trail15_30,0.8,31,0,20,0.3548,-2.8091
THETAUSDT,db_full_clone,0.8,37,0,21,0.4324,7.5227
THETAUSDT,sl_adjust_rr_trail,0.8,64,0,51,0.2031,-5.6348
THETAUSDT,sl_adjust_rr_tp95,0.8,41,0,20,0.5122,3.4093
THETAUSDT,max_profit_2pct,0.8,3,0,3,0.0,-1.2788
THETAUSDT,max_profit_2pct_trail,0.8,0,0,0,0.0,0
THETAUSDT,max_profit_3pct_trail,0.8,12,0,12,0.0,-1.9839
THETAUSDT,r5_tight,0.8,25,0,15,0.4,-3.9815
THETAUSDT,r5_rr3,0.8,22,0,14,0.3636,0.8663
THETAUSDT,r5_sl_filter,0.8,20,0,13,0.35,5.8572
THETAUSDT,r5_sl_adjust,0.8,22,0,14,0.3636,0.0135
THETAUSDT,r5_tight_rr3,0.8,22,0,14,0.3636,0.8663
THETAUSDT,r5_tight_sl,0.8,20,0,13,0.35,5.8572
THETAUSDT,r5_all_filters,0.8,19,0,12,0.3684,7.2689
THETAUSDT,r5_trail10,0.8,49,0,39,0.2041,-8.1044
THETAUSDT,r5_arm25,0.8,43,0,25,0.4186,0.72
THETAUSDT,r5_arm20,0.8,59,0,36,0.3898,1.1979
THETAUSDT,r5_arm15_cooldown,0.8,67,0,35,0.4776,6.9007
THETAUSDT,r6_arm15_rr4,0.8,28,0,12,0.5714,4.5423
THETAUSDT,r6_arm15_maxp3_trail20,0.8,7,0,4,0.4286,-1.3938
THETAUSDT,r6_arm15_full,0.8,9,0,6,0.3333,-0.5165
THETAUSDT,r7_arm20_maxp3_trail20,0.8,6,0,4,0.3333,-2.4692
THETAUSDT,r7_trail15_maxp3,0.8,13,0,7,0.4615,-3.1108
THETAUSDT,r7_trail20_maxp3,0.8,13,0,7,0.4615,-3.2774
THETAUSDT,r7_full_clone_cooldown,0.8,9,0,6,0.3333,-0.5165
THETAUSDT,r5_sl_adj_cooldown,0.8,31,0,13,0.5806,2.1197
THETAUSDT,r5_trail10_rr3,0.8,22,0,14,0.3636,1.6733
THETAUSDT,full_clone_max_tp,0.8,13,0,12,0.0769,-1.4158
THETAUSDT,full_clone_sl_adjust,0.8,69,0,58,0.1594,1.9586
THETAUSDT,lh_sell_trail15,0.8,31,0,20,0.3548,-2.8091
THETAUSDT,lh_sell_prox15_trail15,0.8,31,0,20,0.3548,-2.8091
THETAUSDT,hl_buy_trail15,0.8,48,0,33,0.3125,-4.2658
THETAUSDT,hl_buy_prox15_trail15,0.8,33,0,22,0.3333,-10.634
THETAUSDT,pre_confirm_trail15,0.8,48,0,33,0.3125,-4.2658
THETAUSDT,pre_confirm_prox15_trail15,0.8,33,0,22,0.3333,-10.634
THETAUSDT,r8_btc_minsl_strict,0.8,11,0,8,0.2727,-0.4627
THETAUSDT,r8_sol_hlbuy_cooldown,0.8,72,0,58,0.1944,-4.4289
THETAUSDT,trail_15_from_30_act2_min1,0.8,85,0,77,0.0941,-14.4427
THETAUSDT,trail_15_from_30_act3_min1,0.8,80,0,74,0.075,-12.8812
THETAUSDT,trail_15_from_30_act5_min15,0.8,52,0,51,0.0192,-17.0309
THETAUSDT,trail_20_from_30_act2_min1,0.8,21,0,15,0.2857,-7.8131
THETAUSDT,trail_20_from_30_act3_min1,0.8,16,0,13,0.1875,-10.2783
THETAUSDT,trail_20_from_30_act5_min15,0.8,13,1,11,0.1538,-8.6436
THETAUSDT,trail_15_from_15_act2_min1,0.8,39,0,28,0.2821,-6.4143
THETAUSDT,trail_15_from_15_act3_min1,0.8,27,0,22,0.1852,-6.9181
THETAUSDT,trail_15_from_15_act5_min15,0.8,18,0,17,0.0556,-11.4275
THETAUSDT,trail_20_from_15_act2_min1,0.8,77,0,68,0.1169,-14.6319
THETAUSDT,trail_20_from_15_act3_min1,0.8,75,0,70,0.0667,-17.2265
THETAUSDT,trail_20_from_15_act5_min15,0.8,55,0,54,0.0182,-18.85
THETAUSDT,default,0.65,56,1,55,0.0179,-8.9708
THETAUSDT,loose_entry,0.65,55,1,54,0.0182,-9.2785
THETAUSDT,broad_zone,0.65,56,1,55,0.0179,-8.9708
THETAUSDT,low_rr,0.65,55,1,54,0.0182,-9.2785
THETAUSDT,aggressive,0.65,55,1,54,0.0182,-9.2785
THETAUSDT,partial_50,0.65,19,0,15,0.2105,-6.6698
THETAUSDT,partial_60,0.65,25,0,20,0.2,1.9854
THETAUSDT,partial_70,0.65,22,0,20,0.0909,-5.2299
THETAUSDT,partial_tight,0.65,25,0,20,0.2,3.8471
THETAUSDT,partial_high_rr,0.65,17,0,14,0.1765,-1.3525
THETAUSDT,partial_conservative,0.65,19,0,15,0.2105,-5.0728
THETAUSDT,trail_20_from_15,0.65,158,0,121,0.2342,-7.5493
THETAUSDT,trail_15_from_15,0.65,58,0,27,0.5345,8.9907
THETAUSDT,trail_15_from_15_d1,0.65,62,0,32,0.4839,5.0465
THETAUSDT,trail_25_from_15,0.65,98,0,67,0.3163,-5.8254
THETAUSDT,db_layer_0,0.65,35,0,17,0.5143,5.0713
THETAUSDT,db_layer_1,0.65,108,0,85,0.213,-2.3322
THETAUSDT,db_layer_3,0.65,76,0,59,0.2237,-2.5688
THETAUSDT,rr_4x_trail_20,0.65,35,0,17,0.5143,5.0713
THETAUSDT,rr_3x_trail_15,0.65,108,0,85,0.213,-2.3322
THETAUSDT,sl_filter_trail,0.65,63,0,48,0.2381,1.767
THETAUSDT,trail_20_from_30_sl_filter,0.65,24,0,17,0.2917,1.9056
THETAUSDT,trail_20_from_30_full,0.65,23,0,16,0.3043,2.5986
THETAUSDT,trail_15_from_30,0.65,101,0,89,0.1188,-9.8912
THETAUSDT,trail_20_from_30_cooldown,0.65,23,0,13,0.4348,-3.92
THETAUSDT,trail_15_from_30_tp95,0.65,29,0,17,0.4138,-0.0697
THETAUSDT,trail_15_from_30_cooldown,0.65,23,0,13,0.4348,-3.0784
THETAUSDT,trail_15_from_30_full,0.65,24,0,13,0.4583,-1.3673
THETAUSDT,db_clone_cooldown,0.65,26,0,12,0.5385,9.0628
THETAUSDT,correction_w20_trail15_30,0.65,29,0,17,0.4138,-0.0697
THETAUSDT,db_full_clone,0.65,35,0,20,0.4286,7.4841
THETAUSDT,sl_adjust_rr_trail,0.65,60,0,46,0.2333,-3.0476
THETAUSDT,sl_adjust_rr_tp95,0.65,37,0,17,0.5405,3.6659
THETAUSDT,max_profit_2pct,0.65,3,0,3,0.0,-1.2788
THETAUSDT,max_profit_2pct_trail,0.65,0,0,0,0.0,0
THETAUSDT,max_profit_3pct_trail,0.65,11,0,11,0.0,-1.7803
THETAUSDT,r5_tight,0.65,24,0,13,0.4583,-1.3673
THETAUSDT,r5_rr3,0.65,20,0,12,0.4,1.4315
THETAUSDT,r5_sl_filter,0.65,19,0,12,0.3684,6.2973
THETAUSDT,r5_sl_adjust,0.65,20,0,12,0.4,0.5787
THETAUSDT,r5_tight_rr3,0.65,20,0,12,0.4,1.4315
THETAUSDT,r5_tight_sl,0.65,19,0,12,0.3684,6.2973
THETAUSDT,r5_all_filters,0.65,18,0,11,0.3889,7.7089
THETAUSDT,r5_trail10,0.65,46,0,35,0.2391,-4.3706
THETAUSDT,r5_arm25,0.65,36,0,22,0.3889,0.2182
THETAUSDT,r5_arm20,0.65,50,0,29,0.42,2.565
THETAUSDT,r5_arm15_cooldown,0.65,57,0,27,0.5263,8.9885
THETAUSDT,r6_arm15_rr4,0.65,26,0,11,0.5769,4.5081
THETAUSDT,r6_arm15_maxp3_trail20,0.65,5,0,3,0.4,-1.3875
THETAUSDT,r6_arm15_full,0.65,7,0,5,0.2857,-0.6585
THETAUSDT,r7_arm20_maxp3_trail20,0.65,4,0,3,0.25,-2.4629
THETAUSDT,r7_trail15_maxp3,0.65,12,0,6,0.5,-2.5364
THETAUSDT,r7_trail20_maxp3,0.65,12,0,6,0.5,-2.703
THETAUSDT,r7_full_clone_cooldown,0.65,7,0,5,0.2857,-0.6585
THETAUSDT,r5_sl_adj_cooldown,0.65,29,0,12,0.5862,2.126
THETAUSDT,r5_trail10_rr3,0.65,20,0,12,0.4,2.2385
THETAUSDT,full_clone_max_tp,0.65,11,0,11,0.0,-1.7803
THETAUSDT,full_clone_sl_adjust,0.65,64,0,54,0.1562,2.1479
THETAUSDT,lh_sell_trail15,0.65,29,0,17,0.4138,-0.0697
THETAUSDT,lh_sell_prox15_trail15,0.65,29,0,17,0.4138,-0.0697
THETAUSDT,hl_buy_trail15,0.65,40,0,27,0.325,-2.6228
THETAUSDT,hl_buy_prox15_trail15,0.65,31,0,19,0.3871,-7.8946
THETAUSDT,pre_confirm_trail15,0.65,40,0,27,0.325,-2.6228
THETAUSDT,pre_confirm_prox15_trail15,0.65,31,0,19,0.3871,-7.8946
THETAUSDT,r8_btc_minsl_strict,0.65,9,0,7,0.2222,-0.8677
THETAUSDT,r8_sol_hlbuy_cooldown,0.65,67,0,54,0.194,-3.611
THETAUSDT,trail_15_from_30_act2_min1,0.65,81,0,73,0.0988,-13.6999
THETAUSDT,trail_15_from_30_act3_min1,0.65,76,0,70,0.0789,-12.331
THETAUSDT,trail_15_from_30_act5_min15,0.65,52,0,51,0.0192,-17.0309
THETAUSDT,trail_20_from_30_act2_min1,0.65,20,0,13,0.35,-5.7758
THETAUSDT,trail_20_from_30_act3_min1,0.65,14,0,11,0.2143,-9.7131
THETAUSDT,trail_20_from_30_act5_min15,0.65,13,1,11,0.1538,-8.6436
THETAUSDT,trail_15_from_15_act2_min1,0.65,38,0,27,0.2895,-5.4967
THETAUSDT,trail_15_from_15_act3_min1,0.65,27,0,22,0.1852,-7.1056
THETAUSDT,trail_15_from_15_act5_min15,0.65,18,0,17,0.0556,-11.4275
THETAUSDT,trail_20_from_15_act2_min1,0.65,72,0,63,0.125,-13.1361
THETAUSDT,trail_20_from_15_act3_min1,0.65,75,0,70,0.0667,-17.1427
THETAUSDT,trail_20_from_15_act5_min15,0.65,55,0,54,0.0182,-18.85
THETAUSDT,default,0.5,52,1,51,0.0192,-7.5956
THETAUSDT,loose_entry,0.5,52,1,51,0.0192,-8.2037
THETAUSDT,broad_zone,0.5,52,1,51,0.0192,-7.5956
THETAUSDT,low_rr,0.5,52,1,51,0.0192,-8.2037
THETAUSDT,aggressive,0.5,52,1,51,0.0192,-8.2037
THETAUSDT,partial_50,0.5,18,0,14,0.2222,-5.0565
THETAUSDT,partial_60,0.5,23,0,18,0.2174,4.0645
THETAUSDT,partial_70,0.5,21,0,19,0.0952,-4.4679
THETAUSDT,partial_tight,0.5,23,0,18,0.2174,5.9262
THETAUSDT,partial_high_rr,0.5,17,0,14,0.1765,-1.2595
THETAUSDT,partial_conservative,0.5,18,0,14,0.2222,-3.5748
THETAUSDT,trail_20_from_15,0.5,104,0,82,0.2115,-2.5228
THETAUSDT,trail_15_from_15,0.5,38,0,21,0.4474,4.0992
THETAUSDT,trail_15_from_15_d1,0.5,43,0,22,0.4884,6.6573
THETAUSDT,trail_25_from_15,0.5,72,0,50,0.3056,-1.0982
THETAUSDT,db_layer_0,0.5,26,0,15,0.4231,1.7794
THETAUSDT,db_layer_1,0.5,80,0,66,0.175,-2.2545
THETAUSDT,db_layer_3,0.5,62,0,52,0.1613,-4.1167
THETAUSDT,rr_4x_trail_20,0.5,26,0,15,0.4231,1.7794
THETAUSDT,rr_3x_trail_15,0.5,80,0,66,0.175,-2.2545
THETAUSDT,sl_filter_trail,0.5,48,0,38,0.2083,2.8465
THETAUSDT,trail_20_from_30_sl_filter,0.5,23,0,15,0.3478,5.0837
THETAUSDT,trail_20_from_30_full,0.5,23,0,15,0.3478,5.0837
THETAUSDT,trail_15_from_30,0.5,74,0,63,0.1486,-1.8044
THETAUSDT,trail_20_from_30_cooldown,0.5,20,0,10,0.5,2.048
THETAUSDT,trail_15_from_30_tp95,0.5,27,0,15,0.4444,4.2222
THETAUSDT,trail_15_from_30_cooldown,0.5,20,0,10,0.5,2.9632
THETAUSDT,trail_15_from_30_full,0.5,20,0,10,0.5,2.5659
THETAUSDT,db_clone_cooldown,0.5,19,0,10,0.4737,7.2825
THETAUSDT,correction_w20_trail15_30,0.5,27,0,15,0.4444,4.2222
THETAUSDT,db_full_clone,0.5,27,0,17,0.3704,6.0125
THETAUSDT,sl_adjust_rr_trail,0.5,41,0,32,0.2195,-1.5792
THETAUSDT,sl_adjust_rr_tp95,0.5,28,0,15,0.4643,1.5352
THETAUSDT,max_profit_2pct,0.5,0,0,0,0.0,0
THETAUSDT,max_profit_2pct_trail,0.5,0,0,0,0.0,0
THETAUSDT,max_profit_3pct_trail,0.5,11,0,11,0.0,-1.7803
THETAUSDT,r5_tight,0.5,20,0,10,0.5,2.5659
THETAUSDT,r5_rr3,0.5,18,0,10,0.4444,2.9043
THETAUSDT,r5_sl_filter,0.5,17,0,9,0.4706,10.7212
THETAUSDT,r5_sl_adjust,0.5,18,0,10,0.4444,2.0516
THETAUSDT,r5_tight_rr3,0.5,18,0,10,0.4444,2.9043
THETAUSDT,r5_tight_sl,0.5,17,0,9,0.4706,10.7212
THETAUSDT,r5_all_filters,0.5,17,0,9,0.4706,10.7212
THETAUSDT,r5_trail10,0.5,34,0,25,0.2647,1.2614
THETAUSDT,r5_arm25,0.5,27,0,16,0.4074,3.9791
THETAUSDT,r5_arm20,0.5,33,0,21,0.3636,1.1893
THETAUSDT,r5_arm15_cooldown,0.5,39,0,20,0.4872,6.4008
THETAUSDT,r6_arm15_rr4,0.5,18,0,9,0.5,2.2781
THETAUSDT,r6_arm15_maxp3_trail20,0.5,3,0,3,0.0,-1.672
THETAUSDT,r6_arm15_full,0.5,7,0,5,0.2857,-0.6585
THETAUSDT,r7_arm20_maxp3_trail20,0.5,3,0,3,0.0,-1.672
THETAUSDT,r7_trail15_maxp3,0.5,8,0,5,0.375,-0.7265
THETAUSDT,r7_trail20_maxp3,0.5,8,0,5,0.375,-0.8165
THETAUSDT,r7_full_clone_cooldown,0.5,7,0,5,0.2857,-0.6585
THETAUSDT,r5_sl_adj_cooldown,0.5,20,0,10,0.5,-0.0858
THETAUSDT,r5_trail10_rr3,0.5,18,0,10,0.4444,3.6956
THETAUSDT,full_clone_max_tp,0.5,11,0,11,0.0,-1.7803
THETAUSDT,full_clone_sl_adjust,0.5,51,0,44,0.1373,2.5654
THETAUSDT,lh_sell_trail15,0.5,27,0,15,0.4444,4.2222
THETAUSDT,lh_sell_prox15_trail15,0.5,27,0,15,0.4444,4.2222
THETAUSDT,hl_buy_trail15,0.5,36,0,23,0.3611,1.9535
THETAUSDT,hl_buy_prox15_trail15,0.5,29,0,17,0.4138,-3.6027
THETAUSDT,pre_confirm_trail15,0.5,36,0,23,0.3611,1.9535
THETAUSDT,pre_confirm_prox15_trail15,0.5,29,0,17,0.4138,-3.6027
THETAUSDT,r8_btc_minsl_strict,0.5,6,0,5,0.1667,-0.6483
THETAUSDT,r8_sol_hlbuy_cooldown,0.5,50,0,38,0.24,1.2421
THETAUSDT,trail_15_from_30_act2_min1,0.5,68,0,61,0.1029,-9.5587
THETAUSDT,trail_15_from_30_act3_min1,0.5,67,0,61,0.0896,-8.219
THETAUSDT,trail_15_from_30_act5_min15,0.5,48,0,47,0.0208,-15.6209
THETAUSDT,trail_20_from_30_act2_min1,0.5,17,0,11,0.3529,-3.2159
THETAUSDT,trail_20_from_30_act3_min1,0.5,12,0,9,0.25,-7.9739
THETAUSDT,trail_20_from_30_act5_min15,0.5,11,1,9,0.1818,-6.9044
THETAUSDT,trail_15_from_15_act2_min1,0.5,29,0,22,0.2414,-5.9984
THETAUSDT,trail_15_from_15_act3_min1,0.5,24,0,20,0.1667,-4.729
THETAUSDT,trail_15_from_15_act5_min15,0.5,17,0,16,0.0588,-10.5046
THETAUSDT,trail_20_from_15_act2_min1,0.5,71,0,63,0.1127,-10.5484
THETAUSDT,trail_20_from_15_act3_min1,0.5,66,0,61,0.0758,-12.2227
THETAUSDT,trail_20_from_15_act5_min15,0.5,50,0,49,0.02,-16.4936
THETAUSDT,default,0.3,32,1,31,0.0312,-0.3928
THETAUSDT,loose_entry,0.3,32,1,31,0.0312,-0.3928
THETAUSDT,broad_zone,0.3,32,1,31,0.0312,-0.3928
THETAUSDT,low_rr,0.3,32,1,31,0.0312,-0.3928
THETAUSDT,aggressive,0.3,32,1,31,0.0312,-0.3928
THETAUSDT,partial_50,0.3,12,0,8,0.3333,5.602
THETAUSDT,partial_60,0.3,16,0,12,0.25,6.2856
THETAUSDT,partial_70,0.3,16,0,14,0.125,-0.2353
THETAUSDT,partial_tight,0.3,16,0,12,0.25,6.7209
THETAUSDT,partial_high_rr,0.3,12,0,9,0.25,1.62
THETAUSDT,partial_conservative,0.3,12,0,8,0.3333,5.9648
THETAUSDT,trail_20_from_15,0.3,43,0,34,0.2093,-0.3434
THETAUSDT,trail_15_from_15,0.3,16,0,7,0.5625,6.9821
THETAUSDT,trail_15_from_15_d1,0.3,18,0,9,0.5,5.9189
THETAUSDT,trail_25_from_15,0.3,33,0,24,0.2727,0.6434
THETAUSDT,db_layer_0,0.3,13,0,8,0.3846,-0.2701
THETAUSDT,db_layer_1,0.3,35,0,28,0.2,2.5859
THETAUSDT,db_layer_3,0.3,28,0,23,0.1786,-1.47
THETAUSDT,rr_4x_trail_20,0.3,13,0,8,0.3846,-0.2701
THETAUSDT,rr_3x_trail_15,0.3,35,0,28,0.2,2.5859
THETAUSDT,sl_filter_trail,0.3,16,0,13,0.1875,3.5033
THETAUSDT,trail_20_from_30_sl_filter,0.3,10,0,8,0.2,1.585
THETAUSDT,trail_20_from_30_full,0.3,10,0,8,0.2,1.585
THETAUSDT,trail_15_from_30,0.3,34,0,28,0.1765,4.6242
THETAUSDT,trail_20_from_30_cooldown,0.3,10,0,4,0.6,4.9054
THETAUSDT,trail_15_from_30_tp95,0.3,15,0,8,0.4667,6.8273
THETAUSDT,trail_15_from_30_cooldown,0.3,10,0,4,0.6,5.6723
THETAUSDT,trail_15_from_30_full,0.3,10,0,4,0.6,5.6723
THETAUSDT,db_clone_cooldown,0.3,6,0,3,0.5,4.796
THETAUSDT,correction_w20_trail15_30,0.3,15,0,8,0.4667,6.8273
THETAUSDT,db_full_clone,0.3,10,0,7,0.3,3.8635
THETAUSDT,sl_adjust_rr_trail,0.3,18,0,13,0.2778,1.6023
THETAUSDT,sl_adjust_rr_tp95,0.3,15,0,8,0.4667,0.4581
THETAUSDT,max_profit_2pct,0.3,0,0,0,0.0,0
THETAUSDT,max_profit_2pct_trail,0.3,0,0,0,0.0,0
THETAUSDT,max_profit_3pct_trail,0.3,0,0,0,0.0,0
THETAUSDT,r5_tight,0.3,10,0,4,0.6,5.6723
THETAUSDT,r5_rr3,0.3,8,0,4,0.5,2.236
THETAUSDT,r5_sl_filter,0.3,6,0,3,0.5,7.2804
THETAUSDT,r5_sl_adjust,0.3,8,0,4,0.5,2.0074
THETAUSDT,r5_tight_rr3,0.3,8,0,4,0.5,2.236
THETAUSDT,r5_tight_sl,0.3,6,0,3,0.5,7.2804
THETAUSDT,r5_all_filters,0.3,6,0,3,0.5,7.2804
THETAUSDT,r5_trail10,0.3,15,0,10,0.3333,6.232
THETAUSDT,r5_arm25,0.3,13,0,8,0.3846,4.5318
THETAUSDT,r5_arm20,0.3,14,0,7,0.5,5.645
THETAUSDT,r5_arm15_cooldown,0.3,17,0,6,0.6471,7.4533
THETAUSDT,r6_arm15_rr4,0.3,9,0,4,0.5556,0.4808
THETAUSDT,r6_arm15_maxp3_trail20,0.3,0,0,0,0.0,0
THETAUSDT,r6_arm15_full,0.3,0,0,0,0.0,0
THETAUSDT,r7_arm20_maxp3_trail20,0.3,0,0,0,0.0,0
THETAUSDT,r7_trail15_maxp3,0.3,0,0,0,0.0,0
THETAUSDT,r7_trail20_maxp3,0.3,0,0,0,0.0,0
THETAUSDT,r7_full_clone_cooldown,0.3,0,0,0,0.0,0
THETAUSDT,r5_sl_adj_cooldown,0.3,10,0,4,0.6,-0.4162
THETAUSDT,r5_trail10_rr3,0.3,8,0,4,0.5,2.7653
THETAUSDT,full_clone_max_tp,0.3,0,0,0,0.0,0
THETAUSDT,full_clone_sl_adjust,0.3,16,0,13,0.1875,4.4672
THETAUSDT,lh_sell_trail15,0.3,15,0,8,0.4667,6.8273
THETAUSDT,lh_sell_prox15_trail15,0.3,15,0,8,0.4667,6.8273
THETAUSDT,hl_buy_trail15,0.3,21,0,13,0.381,4.3502
THETAUSDT,hl_buy_prox15_trail15,0.3,17,0,10,0.4118,-0.9976
THETAUSDT,pre_confirm_trail15,0.3,21,0,13,0.381,4.3502
THETAUSDT,pre_confirm_prox15_trail15,0.3,17,0,10,0.4118,-0.9976
THETAUSDT,r8_btc_minsl_strict,0.3,0,0,0,0.0,0
THETAUSDT,r8_sol_hlbuy_cooldown,0.3,23,0,17,0.2609,2.6567
THETAUSDT,trail_15_from_30_act2_min1,0.3,34,0,28,0.1765,1.7561
THETAUSDT,trail_15_from_30_act3_min1,0.3,34,0,28,0.1765,4.4532
THETAUSDT,trail_15_from_30_act5_min15,0.3,31,0,30,0.0323,-8.5601
THETAUSDT,trail_20_from_30_act2_min1,0.3,10,0,4,0.6,3.7816
THETAUSDT,trail_20_from_30_act3_min1,0.3,9,0,4,0.5556,4.1592
THETAUSDT,trail_20_from_30_act5_min15,0.3,8,1,6,0.25,-2.0594
THETAUSDT,trail_15_from_15_act2_min1,0.3,14,0,7,0.5,3.1505
THETAUSDT,trail_15_from_15_act3_min1,0.3,12,0,7,0.4167,5.0005
THETAUSDT,trail_15_from_15_act5_min15,0.3,10,0,9,0.1,-6.526
THETAUSDT,trail_20_from_15_act2_min1,0.3,40,0,33,0.175,-0.926
THETAUSDT,trail_20_from_15_act3_min1,0.3,34,0,29,0.1471,0.0998
THETAUSDT,trail_20_from_15_act5_min15,0.3,32,0,31,0.0312,-9.588
THETAUSDT,default,0.1,22,1,21,0.0455,3.9863
THETAUSDT,loose_entry,0.1,22,1,21,0.0455,3.9863
THETAUSDT,broad_zone,0.1,22,1,21,0.0455,3.9863
THETAUSDT,low_rr,0.1,22,1,21,0.0455,3.9863
THETAUSDT,aggressive,0.1,22,1,21,0.0455,3.9863
THETAUSDT,partial_50,0.1,9,0,7,0.2222,2.0866
THETAUSDT,partial_60,0.1,11,0,9,0.1818,4.3664
THETAUSDT,partial_70,0.1,11,0,9,0.1818,5.8
THETAUSDT,partial_tight,0.1,11,0,9,0.1818,4.8017
THETAUSDT,partial_high_rr,0.1,9,0,7,0.2222,3.9555
THETAUSDT,partial_conservative,0.1,9,0,7,0.2222,2.4493
THETAUSDT,trail_20_from_15,0.1,28,0,24,0.1429,-2.1205
THETAUSDT,trail_15_from_15,0.1,9,0,5,0.4444,1.4612
THETAUSDT,trail_15_from_15_d1,0.1,11,0,7,0.3636,0.6405
THETAUSDT,trail_25_from_15,0.1,23,0,19,0.1739,-3.2767
THETAUSDT,db_layer_0,0.1,9,0,7,0.2222,-1.6985
THETAUSDT,db_layer_1,0.1,23,0,21,0.087,-2.2124
THETAUSDT,db_layer_3,0.1,19,0,17,0.1053,-2.8384
THETAUSDT,rr_4x_trail_20,0.1,9,0,7,0.2222,-1.6985
THETAUSDT,rr_3x_trail_15,0.1,23,0,21,0.087,-2.2124
THETAUSDT,sl_filter_trail,0.1,12,0,10,0.1667,2.2443
THETAUSDT,trail_20_from_30_sl_filter,0.1,8,0,7,0.125,0.3691
THETAUSDT,trail_20_from_30_full,0.1,8,0,7,0.125,0.3691
THETAUSDT,trail_15_from_30,0.1,23,0,21,0.087,-1.324
THETAUSDT,trail_20_from_30_cooldown,0.1,6,0,4,0.3333,-0.158
THETAUSDT,trail_15_from_30_tp95,0.1,10,0,7,0.3,1.4411
THETAUSDT,trail_15_from_30_cooldown,0.1,6,0,4,0.3333,0.0931
THETAUSDT,trail_15_from_30_full,0.1,6,0,4,0.3333,0.0931
THETAUSDT,db_clone_cooldown,0.1,5,0,3,0.4,3.2199
THETAUSDT,correction_w20_trail15_30,0.1,10,0,7,0.3,1.4411
THETAUSDT,db_full_clone,0.1,8,0,6,0.25,2.7211
THETAUSDT,sl_adjust_rr_trail,0.1,9,0,8,0.1111,-1.1555
THETAUSDT,sl_adjust_rr_tp95,0.1,9,0,7,0.2222,-2.4771
THETAUSDT,max_profit_2pct,0.1,0,0,0,0.0,0
THETAUSDT,max_profit_2pct_trail,0.1,0,0,0,0.0,0
THETAUSDT,max_profit_3pct_trail,0.1,0,0,0,0.0,0
THETAUSDT,r5_tight,0.1,6,0,4,0.3333,0.0931
THETAUSDT,r5_rr3,0.1,4,0,4,0.0,-4.0151
THETAUSDT,r5_sl_filter,0.1,5,0,3,0.4,5.4999
THETAUSDT,r5_sl_adjust,0.1,4,0,4,0.0,-4.0151
THETAUSDT,r5_tight_rr3,0.1,4,0,4,0.0,-4.0151
THETAUSDT,r5_tight_sl,0.1,5,0,3,0.4,5.4999
THETAUSDT,r5_all_filters,0.1,5,0,3,0.4,5.4999
THETAUSDT,r5_trail10,0.1,8,0,6,0.25,1.7156
THETAUSDT,r5_arm25,0.1,7,0,5,0.2857,0.4801
THETAUSDT,r5_arm20,0.1,8,0,5,0.375,-0.2034
THETAUSDT,r5_arm15_cooldown,0.1,10,0,4,0.6,3.7072
THETAUSDT,r6_arm15_rr4,0.1,5,0,4,0.2,-3.0832
THETAUSDT,r6_arm15_maxp3_trail20,0.1,0,0,0,0.0,0
THETAUSDT,r6_arm15_full,0.1,0,0,0,0.0,0
THETAUSDT,r7_arm20_maxp3_trail20,0.1,0,0,0,0.0,0
THETAUSDT,r7_trail15_maxp3,0.1,0,0,0,0.0,0
THETAUSDT,r7_trail20_maxp3,0.1,0,0,0,0.0,0
THETAUSDT,r7_full_clone_cooldown,0.1,0,0,0,0.0,0
THETAUSDT,r5_sl_adj_cooldown,0.1,5,0,4,0.2,-4.001
THETAUSDT,r5_trail10_rr3,0.1,4,0,4,0.0,-4.0151
THETAUSDT,full_clone_max_tp,0.1,0,0,0,0.0,0
THETAUSDT,full_clone_sl_adjust,0.1,12,0,10,0.1667,2.9004
THETAUSDT,lh_sell_trail15,0.1,10,0,7,0.3,1.4411
THETAUSDT,lh_sell_prox15_trail15,0.1,10,0,7,0.3,1.4411
THETAUSDT,hl_buy_trail15,0.1,15,0,11,0.2667,-1.3477
THETAUSDT,hl_buy_prox15_trail15,0.1,12,0,9,0.25,-6.3838
THETAUSDT,pre_confirm_trail15,0.1,15,0,11,0.2667,-1.3477
THETAUSDT,pre_confirm_prox15_trail15,0.1,12,0,9,0.25,-6.3838
THETAUSDT,r8_btc_minsl_strict,0.1,0,0,0,0.0,0
THETAUSDT,r8_sol_hlbuy_cooldown,0.1,14,0,11,0.2143,-0.8122
THETAUSDT,trail_15_from_30_act2_min1,0.1,23,0,21,0.087,-2.2947
THETAUSDT,trail_15_from_30_act3_min1,0.1,23,0,21,0.087,-0.9439
THETAUSDT,trail_15_from_30_act5_min15,0.1,22,0,21,0.0455,-2.9495
THETAUSDT,trail_20_from_30_act2_min1,0.1,6,0,4,0.3333,0.1435
THETAUSDT,trail_20_from_30_act3_min1,0.1,6,0,4,0.3333,0.1435
THETAUSDT,trail_20_from_30_act5_min15,0.1,6,1,4,0.3333,3.352
THETAUSDT,trail_15_from_15_act2_min1,0.1,8,0,5,0.375,-1.0822
THETAUSDT,trail_15_from_15_act3_min1,0.1,7,0,5,0.2857,0.3907
THETAUSDT,trail_15_from_15_act5_min15,0.1,6,0,5,0.1667,-1.0898
THETAUSDT,trail_20_from_15_act2_min1,0.1,27,0,24,0.1111,-4.0061
THETAUSDT,trail_20_from_15_act3_min1,0.1,23,0,21,0.087,-3.4075
THETAUSDT,trail_20_from_15_act5_min15,0.1,22,0,21,0.0455,-3.6311
REZUSDT,default,1.0,103,4,99,0.0388,11.666
REZUSDT,loose_entry,1.0,106,4,102,0.0377,10.8099
REZUSDT,broad_zone,1.0,103,4,99,0.0388,11.666
REZUSDT,low_rr,1.0,106,4,102,0.0377,10.8099
REZUSDT,aggressive,1.0,106,4,102,0.0377,10.8099
REZUSDT,partial_50,1.0,52,0,39,0.25,7.6189
REZUSDT,partial_60,1.0,63,0,53,0.1587,13.0581
REZUSDT,partial_70,1.0,59,0,51,0.1356,15.4709
REZUSDT,partial_tight,1.0,62,0,53,0.1452,8.4687
REZUSDT,partial_high_rr,1.0,46,0,35,0.2391,23.4694
REZUSDT,partial_conservative,1.0,49,0,37,0.2449,10.7729
REZUSDT,trail_20_from_15,1.0,298,0,230,0.2282,17.412
REZUSDT,trail_15_from_15,1.0,129,1,75,0.4186,29.1471
REZUSDT,trail_15_from_15_d1,1.0,151,1,93,0.3841,20.7602
REZUSDT,trail_25_from_15,1.0,199,1,132,0.3367,19.2504
REZUSDT,db_layer_0,1.0,78,0,47,0.3974,18.5744
REZUSDT,db_layer_1,1.0,225,0,185,0.1778,10.0667
REZUSDT,db_layer_3,1.0,169,0,134,0.2071,8.4423
REZUSDT,rr_4x_trail_20,1.0,78,0,47,0.3974,18.5744
REZUSDT,rr_3x_trail_15,1.0,225,0,185,0.1778,10.0667
REZUSDT,sl_filter_trail,1.0,130,0,107,0.1769,1.1372
REZUSDT,trail_20_from_30_sl_filter,1.0,69,0,54,0.2174,2.3616
REZUSDT,trail_20_from_30_full,1.0,69,0,54,0.2174,3.4946
REZUSDT,trail_15_from_30,1.0,199,0,174,0.1256,6.1396
REZUSDT,trail_20_from_30_cooldown,1.0,58,0,36,0.3793,9.7194
REZUSDT,trail_15_from_30_tp95,1.0,74,1,49,0.3378,11.3312
REZUSDT,trail_15_from_30_cooldown,1.0,58,0,36,0.3793,9.6203
REZUSDT,trail_15_from_30_full,1.0,61,1,37,0.3934,12.8637
REZUSDT,db_clone_cooldown,1.0,57,0,38,0.3333,8.7201
REZUSDT,correction_w20_trail15_30,1.0,74,1,49,0.3378,11.3312
REZUSDT,db_full_clone,1.0,82,0,62,0.2439,0.7783
REZUSDT,sl_adjust_rr_trail,1.0,126,0,95,0.246,15.1472
REZUSDT,sl_adjust_rr_tp95,1.0,91,0,50,0.4505,20.1061
REZUSDT,max_profit_2pct,1.0,6,0,6,0.0,-1.6963
REZUSDT,max_profit_2pct_trail,1.0,2,0,2,0.0,-0.7699
REZUSDT,max_profit_3pct_trail,1.0,8,0,6,0.25,-0.1945
REZUSDT,r5_tight,1.0,61,1,37,0.3934,12.8637
REZUSDT,r5_rr3,1.0,62,0,40,0.3548,18.8066
REZUSDT,r5_sl_filter,1.0,57,0,41,0.2807,9.3169
REZUSDT,r5_sl_adjust,1.0,62,0,39,0.371,23.8402
REZUSDT,r5_tight_rr3,1.0,62,0,40,0.3548,18.8066
REZUSDT,r5_tight_sl,1.0,57,0,41,0.2807,9.3169
REZUSDT,r5_all_filters,1.0,55,0,40,0.2727,9.5798
REZUSDT,r5_trail10,1.0,111,1,84,0.2432,11.1048
REZUSDT,r5_arm25,1.0,84,0,49,0.4167,26.2745
REZUSDT,r5_arm20,1.0,108,1,66,0.3889,25.9402
REZUSDT,r5_arm15_cooldown,1.0,122,0,69,0.4344,28.8294
REZUSDT,r6_arm15_rr4,1.0,56,0,27,0.5179,27.8461
REZUSDT,r6_arm15_maxp3_trail20,1.0,14,0,5,0.6429,0.5472
REZUSDT,r6_arm15_full,1.0,8,0,6,0.25,-0.8092
REZUSDT,r7_arm20_maxp3_trail20,1.0,13,1,6,0.5385,0.9398
REZUSDT,r7_trail15_maxp3,1.0,16,1,6,0.625,2.4123
REZUSDT,r7_trail20_maxp3,1.0,16,1,6,0.625,2.0798
REZUSDT,r7_full_clone_cooldown,1.0,8,0,6,0.25,-0.8092
REZUSDT,r5_sl_adj_cooldown,1.0,70,0,34,0.5143,20.0715
REZUSDT,r5_trail10_rr3,1.0,62,0,40,0.3548,21.7762
REZUSDT,full_clone_max_tp,1.0,10,0,8,0.2,-0.4529
REZUSDT,full_clone_sl_adjust,1.0,146,0,128,0.1233,2.2591
REZUSDT,lh_sell_trail15,1.0,74,1,49,0.3378,11.3312
REZUSDT,lh_sell_prox15_trail15,1.0,74,1,49,0.3378,11.3312
REZUSDT,hl_buy_trail15,1.0,94,1,61,0.3511,34.0982
REZUSDT,hl_buy_prox15_trail15,1.0,68,0,41,0.3971,31.9783
REZUSDT,pre_confirm_trail15,1.0,94,1,61,0.3511,34.0982
REZUSDT,pre_confirm_prox15_trail15,1.0,68,0,41,0.3971,31.9783
REZUSDT,r8_btc_minsl_strict,1.0,13,0,9,0.3077,-0.8842
REZUSDT,r8_sol_hlbuy_cooldown,1.0,135,0,104,0.2296,19.2748
REZUSDT,trail_15_from_30_act2_min1,1.0,184,1,161,0.125,5.8402
REZUSDT,trail_15_from_30_act3_min1,1.0,183,2,161,0.1202,8.7033
REZUSDT,trail_15_from_30_act5_min15,1.0,145,1,131,0.0966,2.865
REZUSDT,trail_20_from_30_act2_min1,1.0,57,2,36,0.3684,9.4719
REZUSDT,trail_20_from_30_act3_min1,1.0,51,1,35,0.3137,1.3619
REZUSDT,trail_20_from_30_act5_min15,1.0,45,1,33,0.2667,3.4754
REZUSDT,trail_15_from_15_act2_min1,1.0,92,0,62,0.3261,-0.3485
REZUSDT,trail_15_from_15_act3_min1,1.0,72,0,51,0.2917,6.4969
REZUSDT,trail_15_from_15_act5_min15,1.0,64,1,47,0.2656,23.2587
REZUSDT,trail_20_from_15_act2_min1,1.0,213,1,177,0.169,-7.988
REZUSDT,trail_20_from_15_act3_min1,1.0,162,0,139,0.142,2.7587
REZUSDT,trail_20_from_15_act5_min15,1.0,147,1,130,0.1156,11.4969
REZUSDT,default,0.8,103,4,99,0.0388,11.666
REZUSDT,loose_entry,0.8,103,4,99,0.0388,11.666
REZUSDT,broad_zone,0.8,103,4,99,0.0388,11.666
REZUSDT,low_rr,0.8,103,4,99,0.0388,11.666
REZUSDT,aggressive,0.8,103,4,99,0.0388,11.666
REZUSDT,partial_50,0.8,52,0,38,0.2692,13.9342
REZUSDT,partial_60,0.8,63,0,53,0.1587,13.5944
REZUSDT,partial_70,0.8,59,0,51,0.1356,16.0072
REZUSDT,partial_tight,0.8,62,0,53,0.1452,8.4687
REZUSDT,partial_high_rr,0.8,46,0,35,0.2391,23.4694
REZUSDT,partial_conservative,0.8,49,0,37,0.2449,10.7729
REZUSDT,trail_20_from_15,0.8,282,0,215,0.2376,25.0379
REZUSDT,trail_15_from_15,0.8,123,1,69,0.439,38.0145
REZUSDT,trail_15_from_15_d1,0.8,146,1,87,0.4041,33.3009
REZUSDT,trail_25_from_15,0.8,195,1,128,0.3436,25.5677
REZUSDT,db_layer_0,0.8,76,0,46,0.3947,19.4919
REZUSDT,db_layer_1,0.8,214,0,176,0.1776,10.2339
REZUSDT,db_layer_3,0.8,158,0,125,0.2089,9.6625
REZUSDT,rr_4x_trail_20,0.8,76,0,46,0.3947,19.4919
REZUSDT,rr_3x_trail_15,0.8,214,0,176,0.1776,10.2339
REZUSDT,sl_filter_trail,0.8,122,0,100,0.1803,3.1564
REZUSDT,trail_20_from_30_sl_filter,0.8,66,0,51,0.2273,5.8471
REZUSDT,trail_20_from_30_full,0.8,66,0,51,0.2273,6.98
REZUSDT,trail_15_from_30,0.8,191,0,165,0.1361,13.611
REZUSDT,trail_20_from_30_cooldown,0.8,62,0,38,0.3871,14.5028
REZUSDT,trail_15_from_30_tp95,0.8,74,0,49,0.3378,11.4448
REZUSDT,trail_15_from_30_cooldown,0.8,62,0,38,0.3871,14.5367
REZUSDT,trail_15_from_30_full,0.8,62,0,38,0.3871,12.7951
REZUSDT,db_clone_cooldown,0.8,55,0,36,0.3455,10.4721
REZUSDT,correction_w20_trail15_30,0.8,74,0,49,0.3378,11.4448
REZUSDT,db_full_clone,0.8,77,0,58,0.2468,2.5578
REZUSDT,sl_adjust_rr_trail,0.8,121,0,91,0.2479,15.9466
REZUSDT,sl_adjust_rr_tp95,0.8,88,0,48,0.4545,22.3855
REZUSDT,max_profit_2pct,0.8,6,0,6,0.0,-1.6963
REZUSDT,max_profit_2pct_trail,0.8,2,0,2,0.0,-0.7699
REZUSDT,max_profit_3pct_trail,0.8,8,0,6,0.25,-0.1945
REZUSDT,r5_tight,0.8,62,0,38,0.3871,12.7951
REZUSDT,r5_rr3,0.8,60,0,38,0.3667,22.4595
REZUSDT,r5_sl_filter,0.8,55,0,39,0.2909,12.6202
REZUSDT,r5_sl_adjust,0.8,60,0,37,0.3833,27.4931
REZUSDT,r5_tight_rr3,0.8,60,0,38,0.3667,22.4595
REZUSDT,r5_tight_sl,0.8,55,0,39,0.2909,12.6202
REZUSDT,r5_all_filters,0.8,53,0,38,0.283,12.8831
REZUSDT,r5_trail10,0.8,109,1,82,0.2477,14.6475
REZUSDT,r5_arm25,0.8,85,0,48,0.4353,33.4025
REZUSDT,r5_arm20,0.8,107,1,63,0.4112,31.756
REZUSDT,r5_arm15_cooldown,0.8,119,0,65,0.4538,36.3422
REZUSDT,r6_arm15_rr4,0.8,53,0,25,0.5283,28.4585
REZUSDT,r6_arm15_maxp3_trail20,0.8,14,0,5,0.6429,0.5472
REZUSDT,r6_arm15_full,0.8,8,0,6,0.25,-0.8092
REZUSDT,r7_arm20_maxp3_trail20,0.8,13,1,6,0.5385,0.9398
REZUSDT,r7_trail15_maxp3,0.8,16,1,6,0.625,2.4123
REZUSDT,r7_trail20_maxp3,0.8,16,1,6,0.625,2.0798
REZUSDT,r7_full_clone_cooldown,0.8,8,0,6,0.25,-0.8092
REZUSDT,r5_sl_adj_cooldown,0.8,68,0,32,0.5294,23.2691
REZUSDT,r5_trail10_rr3,0.8,60,0,38,0.3667,25.4291
REZUSDT,full_clone_max_tp,0.8,10,0,8,0.2,-0.4529
REZUSDT,full_clone_sl_adjust,0.8,138,0,121,0.1232,2.8509
REZUSDT,lh_sell_trail15,0.8,74,0,49,0.3378,11.4448
REZUSDT,lh_sell_prox15_trail15,0.8,74,0,49,0.3378,11.4448
REZUSDT,hl_buy_trail15,0.8,95,0,62,0.3474,33.7684
REZUSDT,hl_buy_prox15_trail15,0.8,67,0,40,0.403,34.9691
REZUSDT,pre_confirm_trail15,0.8,95,0,62,0.3474,33.7684
REZUSDT,pre_confirm_prox15_trail15,0.8,67,0,40,0.403,34.9691
REZUSDT,r8_btc_minsl_strict,0.8,13,0,9,0.3077,-0.8842
REZUSDT,r8_sol_hlbuy_cooldown,0.8,129,0,99,0.2326,20.8372
REZUSDT,trail_15_from_30_act2_min1,0.8,181,1,157,0.1326,11.2846
REZUSDT,trail_15_from_30_act3_min1,0.8,180,2,157,0.1278,15.8869
REZUSDT,trail_15_from_30_act5_min15,0.8,144,1,130,0.0972,4.1175
REZUSDT,trail_20_from_30_act2_min1,0.8,60,2,37,0.3833,13.851
REZUSDT,trail_20_from_30_act3_min1,0.8,51,1,34,0.3333,8.9356
REZUSDT,trail_20_from_30_act5_min15,0.8,45,1,33,0.2667,4.2415
REZUSDT,trail_15_from_15_act2_min1,0.8,88,0,56,0.3636,7.6803
REZUSDT,trail_15_from_15_act3_min1,0.8,67,0,45,0.3284,15.528
REZUSDT,trail_15_from_15_act5_min15,0.8,58,1,42,0.2759,22.8171
REZUSDT,trail_20_from_15_act2_min1,0.8,194,1,158,0.1856,1.2958
REZUSDT,trail_20_from_15_act3_min1,0.8,139,0,117,0.1583,8.4544
REZUSDT,trail_20_from_15_act5_min15,0.8,139,1,124,0.1079,3.3239
REZUSDT,default,0.65,103,3,100,0.0291,2.2808
REZUSDT,loose_entry,0.65,103,3,100,0.0291,2.2808
REZUSDT,broad_zone,0.65,103,3,100,0.0291,2.2808
REZUSDT,low_rr,0.65,103,3,100,0.0291,2.2808
REZUSDT,aggressive,0.65,103,3,100,0.0291,2.2808
REZUSDT,partial_50,0.65,50,0,38,0.24,8.9745
REZUSDT,partial_60,0.65,62,0,53,0.1452,11.0342
REZUSDT,partial_70,0.65,57,0,50,0.1228,12.8227
REZUSDT,partial_tight,0.65,61,0,52,0.1475,12.9583
REZUSDT,partial_high_rr,0.65,46,0,35,0.2391,23.8762
REZUSDT,partial_conservative,0.65,48,0,37,0.2292,10.1951
REZUSDT,trail_20_from_15,0.65,258,0,202,0.2171,14.9985
REZUSDT,trail_15_from_15,0.65,110,1,66,0.4,27.0266
REZUSDT,trail_15_from_15_d1,0.65,127,1,78,0.3858,24.9871
REZUSDT,trail_25_from_15,0.65,174,1,117,0.3276,18.5269
REZUSDT,db_layer_0,0.65,71,0,44,0.3803,18.0388
REZUSDT,db_layer_1,0.65,201,0,166,0.1741,8.8913
REZUSDT,db_layer_3,0.65,147,0,118,0.1973,8.1995
REZUSDT,rr_4x_trail_20,0.65,71,0,44,0.3803,18.0388
REZUSDT,rr_3x_trail_15,0.65,201,0,166,0.1741,8.8913
REZUSDT,sl_filter_trail,0.65,112,0,94,0.1607,-0.0173
REZUSDT,trail_20_from_30_sl_filter,0.65,62,0,49,0.2097,4.6167
REZUSDT,trail_20_from_30_full,0.65,61,0,49,0.1967,4.7593
REZUSDT,trail_15_from_30,0.65,177,0,154,0.1299,9.5064
REZUSDT,trail_20_from_30_cooldown,0.65,60,0,37,0.3833,13.6188
REZUSDT,trail_15_from_30_tp95,0.65,72,0,48,0.3333,16.3674
REZUSDT,trail_15_from_30_cooldown,0.65,60,0,37,0.3833,13.8235
REZUSDT,trail_15_from_30_full,0.65,60,0,37,0.3833,17.7178
REZUSDT,db_clone_cooldown,0.65,49,0,34,0.3061,7.1244
REZUSDT,correction_w20_trail15_30,0.65,72,0,48,0.3333,16.3674
REZUSDT,db_full_clone,0.65,71,0,55,0.2254,0.7796
REZUSDT,sl_adjust_rr_trail,0.65,112,0,88,0.2143,5.912
REZUSDT,sl_adjust_rr_tp95,0.65,80,0,46,0.425,19.4663
REZUSDT,max_profit_2pct,0.65,6,0,6,0.0,-1.6963
REZUSDT,max_profit_2pct_trail,0.65,2,0,2,0.0,-0.7699
REZUSDT,max_profit_3pct_trail,0.65,8,0,6,0.25,-0.1945
REZUSDT,r5_tight,0.65,60,0,37,0.3833,17.7178
REZUSDT,r5_rr3,0.65,56,0,36,0.3571,22.5473
REZUSDT,r5_sl_filter,0.65,51,0,38,0.2549,10.8934
REZUSDT,r5_sl_adjust,0.65,56,0,35,0.375,27.0408
REZUSDT,r5_tight_rr3,0.65,56,0,36,0.3571,22.5473
REZUSDT,r5_tight_sl,0.65,51,0,38,0.2549,10.8934
REZUSDT,r5_all_filters,0.65,49,0,37,0.2449,11.1564
REZUSDT,r5_trail10,0.65,102,1,78,0.2353,11.878
REZUSDT,r5_arm25,0.65,75,0,46,0.3867,27.4192
REZUSDT,r5_arm20,0.65,94,1,59,0.3723,23.5633
REZUSDT,r5_arm15_cooldown,0.65,104,0,61,0.4135,25.3465
REZUSDT,r6_arm15_rr4,0.65,47,0,24,0.4894,23.4844
REZUSDT,r6_arm15_maxp3_trail20,0.65,14,0,5,0.6429,0.5472
REZUSDT,r6_arm15_full,0.65,8,0,6,0.25,-0.8092
REZUSDT,r7_arm20_maxp3_trail20,0.65,13,1,6,0.5385,0.9398
REZUSDT,r7_trail15_maxp3,0.65,16,1,6,0.625,2.4123
REZUSDT,r7_trail20_maxp3,0.65,16,1,6,0.625,2.0798
REZUSDT,r7_full_clone_cooldown,0.65,8,0,6,0.25,-0.8092
REZUSDT,r5_sl_adj_cooldown,0.65,61,0,31,0.4918,20.4159
REZUSDT,r5_trail10_rr3,0.65,56,0,36,0.3571,25.3756
REZUSDT,full_clone_max_tp,0.65,10,0,8,0.2,-0.4529
REZUSDT,full_clone_sl_adjust,0.65,129,0,114,0.1163,1.9131
REZUSDT,lh_sell_trail15,0.65,72,0,48,0.3333,16.3674
REZUSDT,lh_sell_prox15_trail15,0.65,72,0,48,0.3333,16.3674
REZUSDT,hl_buy_trail15,0.65,89,0,59,0.3371,35.7256
REZUSDT,hl_buy_prox15_trail15,0.65,68,0,40,0.4118,40.7254
REZUSDT,pre_confirm_trail15,0.65,89,0,59,0.3371,35.7256
REZUSDT,pre_confirm_prox15_trail15,0.65,68,0,40,0.4118,40.7254
REZUSDT,r8_btc_minsl_strict,0.65,13,0,9,0.3077,-0.8842
REZUSDT,r8_sol_hlbuy_cooldown,0.65,115,0,92,0.2,9.344
REZUSDT,trail_15_from_30_act2_min1,0.65,170,1,149,0.1235,6.889
REZUSDT,trail_15_from_30_act3_min1,0.65,169,1,149,0.1183,8.1623
REZUSDT,trail_15_from_30_act5_min15,0.65,139,0,128,0.0791,-9.5288
REZUSDT,trail_20_from_30_act2_min1,0.65,59,2,37,0.3729,12.1071
REZUSDT,trail_20_from_30_act3_min1,0.65,50,1,34,0.32,6.5615
REZUSDT,trail_20_from_30_act5_min15,0.65,42,1,33,0.2143,-5.689
REZUSDT,trail_15_from_15_act2_min1,0.65,94,0,63,0.3298,10.4252
REZUSDT,trail_15_from_15_act3_min1,0.65,76,0,54,0.2895,15.8923
REZUSDT,trail_15_from_15_act5_min15,0.65,64,0,51,0.2031,0.6584
REZUSDT,trail_20_from_15_act2_min1,0.65,214,1,179,0.1636,1.172
REZUSDT,trail_20_from_15_act3_min1,0.65,169,0,147,0.1302,5.8461
REZUSDT,trail_20_from_15_act5_min15,0.65,150,0,137,0.0867,-11.2927
REZUSDT,default,0.5,88,3,85,0.0341,5.9094
REZUSDT,loose_entry,0.5,88,3,85,0.0341,5.9094
REZUSDT,broad_zone,0.5,88,3,85,0.0341,5.9094
REZUSDT,low_rr,0.5,88,3,85,0.0341,5.9094
REZUSDT,aggressive,0.5,88,3,85,0.0341,5.9094
REZUSDT,partial_50,0.5,41,0,31,0.2439,10.924
REZUSDT,partial_60,0.5,48,0,39,0.1875,22.1162
REZUSDT,partial_70,0.5,44,0,36,0.1818,27.893
REZUSDT,partial_tight,0.5,47,0,38,0.1915,24.0402
REZUSDT,partial_high_rr,0.5,37,0,28,0.2432,24.6665
REZUSDT,partial_conservative,0.5,39,0,30,0.2308,12.1446
REZUSDT,trail_20_from_15,0.5,208,0,163,0.2163,8.4736
REZUSDT,trail_15_from_15,0.5,89,0,53,0.4045,20.4926
REZUSDT,trail_15_from_15_d1,0.5,94,0,56,0.4043,20.8846
REZUSDT,trail_25_from_15,0.5,143,0,99,0.3077,7.5356
REZUSDT,db_layer_0,0.5,55,0,32,0.4182,23.2391
REZUSDT,db_layer_1,0.5,165,0,134,0.1879,12.4672
REZUSDT,db_layer_3,0.5,119,0,94,0.2101,10.5816
REZUSDT,rr_4x_trail_20,0.5,55,0,32,0.4182,23.2391
REZUSDT,rr_3x_trail_15,0.5,165,0,134,0.1879,12.4672
REZUSDT,sl_filter_trail,0.5,87,0,72,0.1724,2.3871
REZUSDT,trail_20_from_30_sl_filter,0.5,46,0,35,0.2391,10.8117
REZUSDT,trail_20_from_30_full,0.5,45,0,35,0.2222,10.9543
REZUSDT,trail_15_from_30,0.5,142,0,123,0.1338,10.7438
REZUSDT,trail_20_from_30_cooldown,0.5,49,0,29,0.4082,18.7899
REZUSDT,trail_15_from_30_tp95,0.5,55,0,35,0.3636,18.4696
REZUSDT,trail_15_from_30_cooldown,0.5,49,0,29,0.4082,20.953
REZUSDT,trail_15_from_30_full,0.5,48,0,29,0.3958,17.7022
REZUSDT,db_clone_cooldown,0.5,37,0,25,0.3243,10.9546
REZUSDT,correction_w20_trail15_30,0.5,55,0,35,0.3636,18.4696
REZUSDT,db_full_clone,0.5,54,0,42,0.2222,4.6858
REZUSDT,sl_adjust_rr_trail,0.5,97,0,76,0.2165,5.4897
REZUSDT,sl_adjust_rr_tp95,0.5,63,0,34,0.4603,21.1237
REZUSDT,max_profit_2pct,0.5,6,0,6,0.0,-1.6963
REZUSDT,max_profit_2pct_trail,0.5,2,0,2,0.0,-0.7699
REZUSDT,max_profit_3pct_trail,0.5,7,0,5,0.2857,-0.0057
REZUSDT,r5_tight,0.5,48,0,29,0.3958,17.7022
REZUSDT,r5_rr3,0.5,45,0,28,0.3778,24.112
REZUSDT,r5_sl_filter,0.5,39,0,28,0.2821,14.3938
REZUSDT,r5_sl_adjust,0.5,45,0,27,0.4,28.8922
REZUSDT,r5_tight_rr3,0.5,45,0,28,0.3778,24.112
REZUSDT,r5_tight_sl,0.5,39,0,28,0.2821,14.3938
REZUSDT,r5_all_filters,0.5,37,0,27,0.2703,14.6567
REZUSDT,r5_trail10,0.5,82,0,65,0.2073,1.5366
REZUSDT,r5_arm25,0.5,62,0,41,0.3387,20.1522
REZUSDT,r5_arm20,0.5,78,0,50,0.359,20.6112
REZUSDT,r5_arm15_cooldown,0.5,84,0,49,0.4167,22.5723
REZUSDT,r6_arm15_rr4,0.5,38,0,18,0.5263,27.4606
REZUSDT,r6_arm15_maxp3_trail20,0.5,9,0,5,0.4444,-2.234
REZUSDT,r6_arm15_full,0.5,6,0,4,0.3333,-0.1725
REZUSDT,r7_arm20_maxp3_trail20,0.5,9,0,5,0.4444,-1.8343
REZUSDT,r7_trail15_maxp3,0.5,11,0,6,0.4545,-2.3264
REZUSDT,r7_trail20_maxp3,0.5,11,0,6,0.4545,-2.4754
REZUSDT,r7_full_clone_cooldown,0.5,6,0,4,0.3333,-0.1725
REZUSDT,r5_sl_adj_cooldown,0.5,51,0,25,0.5098,20.1069
REZUSDT,r5_trail10_rr3,0.5,45,0,28,0.3778,26.6563
REZUSDT,full_clone_max_tp,0.5,8,0,6,0.25,-0.1226
REZUSDT,full_clone_sl_adjust,0.5,99,0,87,0.1212,3.8546
REZUSDT,lh_sell_trail15,0.5,55,0,35,0.3636,18.4696
REZUSDT,lh_sell_prox15_trail15,0.5,55,0,35,0.3636,18.4696
REZUSDT,hl_buy_trail15,0.5,70,0,43,0.3857,40.4106
REZUSDT,hl_buy_prox15_trail15,0.5,55,0,30,0.4545,41.7317
REZUSDT,pre_confirm_trail15,0.5,70,0,43,0.3857,40.4106
REZUSDT,pre_confirm_prox15_trail15,0.5,55,0,30,0.4545,41.7317
REZUSDT,r8_btc_minsl_strict,0.5,11,0,7,0.3636,-0.4765
REZUSDT,r8_sol_hlbuy_cooldown,0.5,101,0,80,0.2079,11.5341
REZUSDT,trail_15_from_30_act2_min1,0.5,137,0,120,0.1241,5.5536
REZUSDT,trail_15_from_30_act3_min1,0.5,137,0,120,0.1241,9.5364
REZUSDT,trail_15_from_30_act5_min15,0.5,124,0,113,0.0887,-2.9209
REZUSDT,trail_20_from_30_act2_min1,0.5,48,1,29,0.3958,15.4163
REZUSDT,trail_20_from_30_act3_min1,0.5,43,0,28,0.3488,11.7551
REZUSDT,trail_20_from_30_act5_min15,0.5,36,0,27,0.25,1.0541
REZUSDT,trail_15_from_15_act2_min1,0.5,77,0,51,0.3377,13.6086
REZUSDT,trail_15_from_15_act3_min1,0.5,65,0,45,0.3077,20.9376
REZUSDT,trail_15_from_15_act5_min15,0.5,56,0,43,0.2321,8.3667
REZUSDT,trail_20_from_15_act2_min1,0.5,177,0,149,0.1582,-1.2239
REZUSDT,trail_20_from_15_act3_min1,0.5,143,0,123,0.1399,9.767
REZUSDT,trail_20_from_15_act5_min15,0.5,127,0,115,0.0945,-1.6386
REZUSDT,default,0.3,80,2,78,0.025,-2.4706
REZUSDT,loose_entry,0.3,80,2,78,0.025,-2.4706
REZUSDT,broad_zone,0.3,80,2,78,0.025,-2.4706
REZUSDT,low_rr,0.3,80,2,78,0.025,-2.4706
REZUSDT,aggressive,0.3,80,2,78,0.025,-2.4706
REZUSDT,partial_50,0.3,37,0,30,0.1892,2.7302
REZUSDT,partial_60,0.3,42,0,36,0.1429,7.537
REZUSDT,partial_70,0.3,42,0,37,0.119,7.3143
REZUSDT,partial_tight,0.3,42,0,36,0.1429,7.537
REZUSDT,partial_high_rr,0.3,32,0,26,0.1875,8.6961
REZUSDT,partial_conservative,0.3,36,0,30,0.1667,0.5332
REZUSDT,trail_20_from_15,0.3,155,0,121,0.2194,12.5812
REZUSDT,trail_15_from_15,0.3,58,0,35,0.3966,15.7753
REZUSDT,trail_15_from_15_d1,0.3,66,0,40,0.3939,15.7696
REZUSDT,trail_25_from_15,0.3,109,0,76,0.3028,11.0587
REZUSDT,db_layer_0,0.3,43,0,25,0.4186,18.7108
REZUSDT,db_layer_1,0.3,120,0,96,0.2,18.0715
REZUSDT,db_layer_3,0.3,92,0,71,0.2283,14.0482
REZUSDT,rr_4x_trail_20,0.3,43,0,25,0.4186,18.7108
REZUSDT,rr_3x_trail_15,0.3,120,0,96,0.2,18.0715
REZUSDT,sl_filter_trail,0.3,66,0,55,0.1667,3.8642
REZUSDT,trail_20_from_30_sl_filter,0.3,33,0,26,0.2121,4.7024
REZUSDT,trail_20_from_30_full,0.3,33,0,26,0.2121,5.5294
REZUSDT,trail_15_from_30,0.3,115,0,100,0.1304,10.8085
REZUSDT,trail_20_from_30_cooldown,0.3,37,0,23,0.3784,11.6228
REZUSDT,trail_15_from_30_tp95,0.3,42,0,28,0.3333,12.109
REZUSDT,trail_15_from_30_cooldown,0.3,37,0,23,0.3784,13.3375
REZUSDT,trail_15_from_30_full,0.3,36,0,23,0.3611,10.8827
REZUSDT,db_clone_cooldown,0.3,28,0,19,0.3214,6.9062
REZUSDT,correction_w20_trail15_30,0.3,42,0,28,0.3333,12.109
REZUSDT,db_full_clone,0.3,42,0,33,0.2143,1.519
REZUSDT,sl_adjust_rr_trail,0.3,69,0,54,0.2174,6.1736
REZUSDT,sl_adjust_rr_tp95,0.3,47,0,26,0.4468,20.7665
REZUSDT,max_profit_2pct,0.3,2,0,2,0.0,-0.5166
REZUSDT,max_profit_2pct_trail,0.3,1,0,1,0.0,-0.3111
REZUSDT,max_profit_3pct_trail,0.3,5,0,3,0.4,0.2739
REZUSDT,r5_tight,0.3,36,0,23,0.3611,10.8827
REZUSDT,r5_rr3,0.3,35,0,21,0.4,23.9498
REZUSDT,r5_sl_filter,0.3,28,0,21,0.25,6.9414
REZUSDT,r5_sl_adjust,0.3,35,0,21,0.4,23.4369
REZUSDT,r5_tight_rr3,0.3,35,0,21,0.4,23.9498
REZUSDT,r5_tight_sl,0.3,28,0,21,0.25,6.9414
REZUSDT,r5_all_filters,0.3,28,0,21,0.25,7.7684
REZUSDT,r5_trail10,0.3,60,0,48,0.2,3.6173
REZUSDT,r5_arm25,0.3,49,0,33,0.3265,15.482
REZUSDT,r5_arm20,0.3,49,0,32,0.3469,11.2277
REZUSDT,r5_arm15_cooldown,0.3,53,0,31,0.4151,15.0261
REZUSDT,r6_arm15_rr4,0.3,27,0,12,0.5556,23.3543
REZUSDT,r6_arm15_maxp3_trail20,0.3,3,0,3,0.0,-2.2163
REZUSDT,r6_arm15_full,0.3,4,0,2,0.5,0.3223
REZUSDT,r7_arm20_maxp3_trail20,0.3,3,0,3,0.0,-2.2163
REZUSDT,r7_trail15_maxp3,0.3,4,0,2,0.5,-0.9918
REZUSDT,r7_trail20_maxp3,0.3,4,0,2,0.5,-1.0362
REZUSDT,r7_full_clone_cooldown,0.3,4,0,2,0.5,0.3223
REZUSDT,r5_sl_adj_cooldown,0.3,36,0,18,0.5,20.2426
REZUSDT,r5_trail10_rr3,0.3,35,0,21,0.4,25.9838
REZUSDT,full_clone_max_tp,0.3,6,0,4,0.3333,0.157
REZUSDT,full_clone_sl_adjust,0.3,79,0,69,0.1266,4.7916
REZUSDT,lh_sell_trail15,0.3,42,0,28,0.3333,12.109
REZUSDT,lh_sell_prox15_trail15,0.3,42,0,28,0.3333,12.109
REZUSDT,hl_buy_trail15,0.3,59,0,37,0.3729,31.0304
REZUSDT,hl_buy_prox15_trail15,0.3,45,0,25,0.4444,32.5234
REZUSDT,pre_confirm_trail15,0.3,59,0,37,0.3729,31.0304
REZUSDT,pre_confirm_prox15_trail15,0.3,45,0,25,0.4444,32.5234
REZUSDT,r8_btc_minsl_strict,0.3,6,0,4,0.3333,-0.231
REZUSDT,r8_sol_hlbuy_cooldown,0.3,78,0,61,0.2179,11.5278
REZUSDT,trail_15_from_30_act2_min1,0.3,112,0,98,0.125,7.2946
REZUSDT,trail_15_from_30_act3_min1,0.3,112,0,98,0.125,9.0338
REZUSDT,trail_15_from_30_act5_min15,0.3,107,0,97,0.0935,1.9846
REZUSDT,trail_20_from_30_act2_min1,0.3,36,0,23,0.3611,8.257
REZUSDT,trail_20_from_30_act3_min1,0.3,34,0,24,0.2941,2.8483
REZUSDT,trail_20_from_30_act5_min15,0.3,28,0,21,0.25,3.5037
REZUSDT,trail_15_from_15_act2_min1,0.3,53,0,34,0.3585,14.3337
REZUSDT,trail_15_from_15_act3_min1,0.3,49,0,34,0.3061,16.6148
REZUSDT,trail_15_from_15_act5_min15,0.3,45,0,35,0.2222,4.7161
REZUSDT,trail_20_from_15_act2_min1,0.3,133,0,111,0.1654,5.2785
REZUSDT,trail_20_from_15_act3_min1,0.3,118,0,102,0.1356,10.3409
REZUSDT,trail_20_from_15_act5_min15,0.3,109,0,99,0.0917,0.1184
REZUSDT,default,0.1,66,1,65,0.0152,-17.9207
REZUSDT,loose_entry,0.1,67,0,67,0.0,-25.5048
REZUSDT,broad_zone,0.1,66,1,65,0.0152,-17.9207
REZUSDT,low_rr,0.1,67,0,67,0.0,-25.5048
REZUSDT,aggressive,0.1,67,0,67,0.0,-25.5048
REZUSDT,partial_50,0.1,29,0,25,0.1379,-8.9329
REZUSDT,partial_60,0.1,36,0,32,0.1111,-5.2358
REZUSDT,partial_70,0.1,36,0,33,0.0833,-8.3337
REZUSDT,partial_tight,0.1,35,0,32,0.0857,-8.4035
REZUSDT,partial_high_rr,0.1,28,0,25,0.1071,-7.7979
REZUSDT,partial_conservative,0.1,28,0,25,0.1071,-11.5593
REZUSDT,trail_20_from_15,0.1,100,0,73,0.27,8.125
REZUSDT,trail_15_from_15,0.1,41,0,24,0.4146,5.5844
REZUSDT,trail_15_from_15_d1,0.1,47,0,27,0.4255,7.0186
REZUSDT,trail_25_from_15,0.1,79,0,53,0.3291,4.548
REZUSDT,db_layer_0,0.1,32,0,20,0.375,7.382
REZUSDT,db_layer_1,0.1,73,0,56,0.2329,11.4547
REZUSDT,db_layer_3,0.1,58,0,44,0.2414,6.4667
REZUSDT,rr_4x_trail_20,0.1,32,0,20,0.375,7.382
REZUSDT,rr_3x_trail_15,0.1,73,0,56,0.2329,11.4547
REZUSDT,sl_filter_trail,0.1,44,0,37,0.1591,-0.4113
REZUSDT,trail_20_from_30_sl_filter,0.1,25,0,21,0.16,-1.8902
REZUSDT,trail_20_from_30_full,0.1,25,0,21,0.16,-1.4927
REZUSDT,trail_15_from_30,0.1,74,0,64,0.1351,1.9484
REZUSDT,trail_20_from_30_cooldown,0.1,28,0,18,0.3571,0.7536
REZUSDT,trail_15_from_30_tp95,0.1,33,0,23,0.303,1.7602
REZUSDT,trail_15_from_30_cooldown,0.1,28,0,18,0.3571,2.2611
REZUSDT,trail_15_from_30_full,0.1,27,0,18,0.3333,0.018
REZUSDT,db_clone_cooldown,0.1,21,0,16,0.2381,-0.9177
REZUSDT,correction_w20_trail15_30,0.1,33,0,23,0.303,1.7602
REZUSDT,db_full_clone,0.1,27,0,22,0.1852,-1.8435
REZUSDT,sl_adjust_rr_trail,0.1,43,0,33,0.2326,2.0075
REZUSDT,sl_adjust_rr_tp95,0.1,36,0,21,0.4167,10.6718
REZUSDT,max_profit_2pct,0.1,1,0,1,0.0,-0.1724
REZUSDT,max_profit_2pct_trail,0.1,1,0,1,0.0,-0.3111
REZUSDT,max_profit_3pct_trail,0.1,5,0,3,0.4,0.2739
REZUSDT,r5_tight,0.1,27,0,18,0.3333,0.018
REZUSDT,r5_rr3,0.1,26,0,16,0.3846,12.6557
REZUSDT,r5_sl_filter,0.1,20,0,16,0.2,-0.4686
REZUSDT,r5_sl_adjust,0.1,26,0,16,0.3846,12.1428
REZUSDT,r5_tight_rr3,0.1,26,0,16,0.3846,12.6557
REZUSDT,r5_tight_sl,0.1,20,0,16,0.2,-0.4686
REZUSDT,r5_all_filters,0.1,20,0,16,0.2,-0.071
REZUSDT,r5_trail10,0.1,43,0,34,0.2093,-0.1238
REZUSDT,r5_arm25,0.1,33,0,22,0.3333,6.2988
REZUSDT,r5_arm20,0.1,35,0,22,0.3714,5.5286
REZUSDT,r5_arm15_cooldown,0.1,39,0,21,0.4615,8.9887
REZUSDT,r6_arm15_rr4,0.1,18,0,9,0.5,11.0388
REZUSDT,r6_arm15_maxp3_trail20,0.1,3,0,3,0.0,-1.7869
REZUSDT,r6_arm15_full,0.1,4,0,2,0.5,0.3223
REZUSDT,r7_arm20_maxp3_trail20,0.1,3,0,3,0.0,-1.7869
REZUSDT,r7_trail15_maxp3,0.1,4,0,2,0.5,-0.5623
REZUSDT,r7_trail20_maxp3,0.1,4,0,2,0.5,-0.6068
REZUSDT,r7_full_clone_cooldown,0.1,4,0,2,0.5,0.3223
REZUSDT,r5_sl_adj_cooldown,0.1,26,0,14,0.4615,9.9657
REZUSDT,r5_trail10_rr3,0.1,26,0,16,0.3846,14.1669
REZUSDT,full_clone_max_tp,0.1,6,0,4,0.3333,0.157
REZUSDT,full_clone_sl_adjust,0.1,47,0,41,0.1277,1.2505
REZUSDT,lh_sell_trail15,0.1,33,0,23,0.303,1.7602
REZUSDT,lh_sell_prox15_trail15,0.1,33,0,23,0.303,1.7602
REZUSDT,hl_buy_trail15,0.1,50,0,32,0.36,21.5967
REZUSDT,hl_buy_prox15_trail15,0.1,40,0,23,0.425,24.8392
REZUSDT,pre_confirm_trail15,0.1,50,0,32,0.36,21.5967
REZUSDT,pre_confirm_prox15_trail15,0.1,40,0,23,0.425,24.8392
REZUSDT,r8_btc_minsl_strict,0.1,5,0,3,0.4,0.0141
REZUSDT,r8_sol_hlbuy_cooldown,0.1,57,0,44,0.2281,2.9781
REZUSDT,trail_15_from_30_act2_min1,0.1,71,0,62,0.1268,-1.0951
REZUSDT,trail_15_from_30_act3_min1,0.1,71,0,62,0.1268,0.6441
REZUSDT,trail_15_from_30_act5_min15,0.1,67,0,62,0.0746,-7.1059
REZUSDT,trail_20_from_30_act2_min1,0.1,28,0,19,0.3214,-2.0076
REZUSDT,trail_20_from_30_act3_min1,0.1,26,0,20,0.2308,-7.4163
REZUSDT,trail_20_from_30_act5_min15,0.1,24,0,21,0.125,-10.5323
REZUSDT,trail_15_from_15_act2_min1,0.1,36,0,23,0.3611,5.3826
REZUSDT,trail_15_from_15_act3_min1,0.1,33,0,23,0.303,5.7384
REZUSDT,trail_15_from_15_act5_min15,0.1,30,0,25,0.1667,-7.9658
REZUSDT,trail_20_from_15_act2_min1,0.1,79,0,63,0.2025,2.9232
REZUSDT,trail_20_from_15_act3_min1,0.1,70,0,59,0.1571,3.4957
REZUSDT,trail_20_from_15_act5_min15,0.1,62,0,57,0.0806,-7.8899
DOGEUSDT,default,1.0,77,7,70,0.0909,16.3191
DOGEUSDT,loose_entry,1.0,71,8,63,0.1127,18.163
DOGEUSDT,broad_zone,1.0,77,7,70,0.0909,16.3191
DOGEUSDT,low_rr,1.0,71,8,63,0.1127,18.163
DOGEUSDT,aggressive,1.0,71,8,63,0.1127,18.163
DOGEUSDT,partial_50,1.0,63,4,43,0.3175,12.2687
DOGEUSDT,partial_60,1.0,76,5,60,0.2105,11.4998
DOGEUSDT,partial_70,1.0,63,5,53,0.1587,11.0121
DOGEUSDT,partial_tight,1.0,83,3,67,0.1928,11.4718
DOGEUSDT,partial_high_rr,1.0,55,2,41,0.2545,11.5428
DOGEUSDT,partial_conservative,1.0,62,4,45,0.2742,11.2287
DOGEUSDT,trail_20_from_15,1.0,304,0,221,0.273,2.9935
DOGEUSDT,trail_15_from_15,1.0,137,0,67,0.5109,16.5968
DOGEUSDT,trail_15_from_15_d1,1.0,160,0,76,0.525,25.5204
DOGEUSDT,trail_25_from_15,1.0,220,0,135,0.3864,10.526
DOGEUSDT,db_layer_0,1.0,92,0,53,0.4239,8.2932
DOGEUSDT,db_layer_1,1.0,200,0,162,0.19,-0.59
DOGEUSDT,db_layer_3,1.0,160,0,121,0.2437,2.5269
DOGEUSDT,rr_4x_trail_20,1.0,85,0,47,0.4471,9.1497
DOGEUSDT,rr_3x_trail_15,1.0,200,0,162,0.19,-0.59
DOGEUSDT,sl_filter_trail,1.0,199,0,133,0.3317,1.2309
DOGEUSDT,trail_20_from_30_sl_filter,1.0,79,0,46,0.4177,6.3811
DOGEUSDT,trail_20_from_30_full,1.0,71,0,49,0.3099,3.3675
DOGEUSDT,trail_15_from_30,1.0,207,0,166,0.1981,9.6648
DOGEUSDT,trail_20_from_30_cooldown,1.0,76,0,38,0.5,17.5209
DOGEUSDT,trail_15_from_30_tp95,1.0,90,1,48,0.4667,23.2105
DOGEUSDT,trail_15_from_30_cooldown,1.0,76,0,38,0.5,20.0887
DOGEUSDT,trail_15_from_30_full,1.0,81,1,39,0.5185,23.7079
DOGEUSDT,db_clone_cooldown,1.0,83,0,45,0.4578,5.6295
DOGEUSDT,correction_w20_trail15_30,1.0,90,1,48,0.4667,23.2105
DOGEUSDT,db_full_clone,1.0,105,0,66,0.3714,2.7329
DOGEUSDT,sl_adjust_rr_trail,1.0,118,0,88,0.2542,-0.0892
DOGEUSDT,sl_adjust_rr_tp95,1.0,102,0,56,0.451,9.2565
DOGEUSDT,max_profit_2pct,1.0,52,5,47,0.0962,-2.792
DOGEUSDT,max_profit_2pct_trail,1.0,23,0,14,0.3913,-0.9531
DOGEUSDT,max_profit_3pct_trail,1.0,111,0,90,0.1892,-0.7305
DOGEUSDT,r5_tight,1.0,81,1,39,0.5185,23.7079
DOGEUSDT,r5_rr3,1.0,65,0,42,0.3538,9.4771
DOGEUSDT,r5_sl_filter,1.0,73,1,40,0.4521,10.4719
DOGEUSDT,r5_sl_adjust,1.0,64,0,44,0.3125,7.4598
DOGEUSDT,r5_tight_rr3,1.0,65,0,42,0.3538,9.4771
DOGEUSDT,r5_tight_sl,1.0,73,1,40,0.4521,10.4719
DOGEUSDT,r5_all_filters,1.0,62,0,41,0.3387,4.8025
DOGEUSDT,r5_trail10,1.0,112,0,77,0.3125,15.6777
DOGEUSDT,r5_arm25,1.0,96,0,55,0.4271,13.0807
DOGEUSDT,r5_arm20,1.0,113,0,57,0.4956,20.7121
DOGEUSDT,r5_arm15_cooldown,1.0,130,0,60,0.5385,20.4056
DOGEUSDT,r6_arm15_rr4,1.0,65,0,31,0.5231,9.0687
DOGEUSDT,r6_arm15_maxp3_trail20,1.0,68,0,25,0.6324,4.6522
DOGEUSDT,r6_arm15_full,1.0,67,0,42,0.3731,1.1007
DOGEUSDT,r7_arm20_maxp3_trail20,1.0,61,0,25,0.5902,4.5362
DOGEUSDT,r7_trail15_maxp3,1.0,89,0,34,0.618,9.1935
DOGEUSDT,r7_trail20_maxp3,1.0,89,0,34,0.618,7.2862
DOGEUSDT,r7_full_clone_cooldown,1.0,64,0,41,0.3594,0.0111
DOGEUSDT,r5_sl_adj_cooldown,1.0,75,0,36,0.52,9.7833
DOGEUSDT,r5_trail10_rr3,1.0,65,0,42,0.3538,11.069
DOGEUSDT,full_clone_max_tp,1.0,113,0,93,0.177,-2.6818
DOGEUSDT,full_clone_sl_adjust,1.0,168,0,138,0.1786,-2.0992
DOGEUSDT,lh_sell_trail15,1.0,90,1,48,0.4667,23.2105
DOGEUSDT,lh_sell_prox15_trail15,1.0,90,1,48,0.4667,23.2105
DOGEUSDT,hl_buy_trail15,1.0,113,1,72,0.3628,14.1323
DOGEUSDT,hl_buy_prox15_trail15,1.0,81,1,40,0.5062,25.0727
DOGEUSDT,pre_confirm_trail15,1.0,113,1,72,0.3628,13.8685
DOGEUSDT,pre_confirm_prox15_trail15,1.0,81,1,40,0.5062,25.0727
DOGEUSDT,r8_btc_minsl_strict,1.0,111,0,75,0.3243,0.4819
DOGEUSDT,r8_sol_hlbuy_cooldown,1.0,131,1,94,0.2824,13.2375
DOGEUSDT,trail_15_from_30_act2_min1,1.0,119,6,104,0.1261,4.8962
DOGEUSDT,trail_15_from_30_act3_min1,1.0,84,5,75,0.1071,8.2634
DOGEUSDT,trail_15_from_30_act5_min15,1.0,83,6,76,0.0843,3.8382
DOGEUSDT,trail_20_from_30_act2_min1,1.0,50,7,34,0.32,11.2588
DOGEUSDT,trail_20_from_30_act3_min1,1.0,38,6,27,0.2895,16.0337
DOGEUSDT,trail_20_from_30_act5_min15,1.0,36,7,28,0.2222,9.0595
DOGEUSDT,trail_15_from_15_act2_min1,1.0,57,6,40,0.2982,5.9478
DOGEUSDT,trail_15_from_15_act3_min1,1.0,45,6,34,0.2444,11.6213
DOGEUSDT,trail_15_from_15_act5_min15,1.0,44,7,36,0.1818,5.5681
DOGEUSDT,trail_20_from_15_act2_min1,1.0,102,5,86,0.1569,7.4301
DOGEUSDT,trail_20_from_15_act3_min1,1.0,82,5,73,0.1098,7.2033
DOGEUSDT,trail_20_from_15_act5_min15,1.0,81,6,74,0.0864,3.8728
DOGEUSDT,default,0.8,67,7,60,0.1045,17.776
DOGEUSDT,loose_entry,0.8,61,8,53,0.1311,19.62
DOGEUSDT,broad_zone,0.8,67,7,60,0.1045,17.776
DOGEUSDT,low_rr,0.8,61,8,53,0.1311,19.62
DOGEUSDT,aggressive,0.8,61,8,53,0.1311,19.62
DOGEUSDT,partial_50,0.8,56,3,38,0.3214,13.1364
DOGEUSDT,partial_60,0.8,69,3,55,0.2029,10.7269
DOGEUSDT,partial_70,0.8,57,3,48,0.1579,11.4345
DOGEUSDT,partial_tight,0.8,74,3,59,0.2027,12.8459
DOGEUSDT,partial_high_rr,0.8,48,2,35,0.2708,12.7974
DOGEUSDT,partial_conservative,0.8,55,3,39,0.2909,11.4206
DOGEUSDT,trail_20_from_15,0.8,254,0,186,0.2677,4.4025
DOGEUSDT,trail_15_from_15,0.8,119,0,56,0.5294,18.8757
DOGEUSDT,trail_15_from_15_d1,0.8,139,0,65,0.5324,25.915
DOGEUSDT,trail_25_from_15,0.8,182,0,112,0.3846,12.7322
DOGEUSDT,db_layer_0,0.8,81,0,47,0.4198,8.9454
DOGEUSDT,db_layer_1,0.8,178,0,145,0.1854,-0.5188
DOGEUSDT,db_layer_3,0.8,142,0,108,0.2394,2.5695
DOGEUSDT,rr_4x_trail_20,0.8,74,0,41,0.4459,9.8019
DOGEUSDT,rr_3x_trail_15,0.8,178,0,145,0.1854,-0.5188
DOGEUSDT,sl_filter_trail,0.8,164,0,111,0.3232,3.7166
DOGEUSDT,trail_20_from_30_sl_filter,0.8,68,0,40,0.4118,8.2627
DOGEUSDT,trail_20_from_30_full,0.8,63,0,43,0.3175,4.6954
DOGEUSDT,trail_15_from_30,0.8,176,0,141,0.1989,10.6764
DOGEUSDT,trail_20_from_30_cooldown,0.8,69,0,34,0.5072,19.1494
DOGEUSDT,trail_15_from_30_tp95,0.8,78,0,43,0.4487,21.527
DOGEUSDT,trail_15_from_30_cooldown,0.8,69,0,34,0.5072,21.5297
DOGEUSDT,trail_15_from_30_full,0.8,69,0,34,0.5072,22.0244
DOGEUSDT,db_clone_cooldown,0.8,73,0,40,0.4521,6.1253
DOGEUSDT,correction_w20_trail15_30,0.8,78,0,43,0.4487,21.527
DOGEUSDT,db_full_clone,0.8,91,0,57,0.3736,3.6531
DOGEUSDT,sl_adjust_rr_trail,0.8,101,0,75,0.2574,1.7085
DOGEUSDT,sl_adjust_rr_tp95,0.8,90,0,50,0.4444,9.9457
DOGEUSDT,max_profit_2pct,0.8,34,3,31,0.0882,-1.0906
DOGEUSDT,max_profit_2pct_trail,0.8,15,0,10,0.3333,-0.5734
DOGEUSDT,max_profit_3pct_trail,0.8,93,0,77,0.172,-1.2849
DOGEUSDT,r5_tight,0.8,69,0,34,0.5072,22.0244
DOGEUSDT,r5_rr3,0.8,58,0,36,0.3793,11.0577
DOGEUSDT,r5_sl_filter,0.8,62,0,35,0.4355,9.4401
DOGEUSDT,r5_sl_adjust,0.8,57,0,38,0.3333,9.0404
DOGEUSDT,r5_tight_rr3,0.8,58,0,36,0.3793,11.0577
DOGEUSDT,r5_tight_sl,0.8,62,0,35,0.4355,9.4401
DOGEUSDT,r5_all_filters,0.8,55,0,35,0.3636,6.3831
DOGEUSDT,r5_trail10,0.8,99,0,68,0.3131,16.5658
DOGEUSDT,r5_arm25,0.8,83,0,47,0.4337,13.6971
DOGEUSDT,r5_arm20,0.8,101,0,48,0.5248,22.4046
DOGEUSDT,r5_arm15_cooldown,0.8,116,0,50,0.569,22.5477
DOGEUSDT,r6_arm15_rr4,0.8,58,0,27,0.5345,9.9849
DOGEUSDT,r6_arm15_maxp3_trail20,0.8,61,0,20,0.6721,7.7005
DOGEUSDT,r6_arm15_full,0.8,56,0,35,0.375,1.7153
DOGEUSDT,r7_arm20_maxp3_trail20,0.8,54,0,20,0.6296,6.3716
DOGEUSDT,r7_trail15_maxp3,0.8,76,0,29,0.6184,10.9862
DOGEUSDT,r7_trail20_maxp3,0.8,76,0,29,0.6184,9.2774
DOGEUSDT,r7_full_clone_cooldown,0.8,53,0,34,0.3585,0.6257
DOGEUSDT,r5_sl_adj_cooldown,0.8,68,0,32,0.5294,11.2017
DOGEUSDT,r5_trail10_rr3,0.8,58,0,36,0.3793,12.6192
DOGEUSDT,full_clone_max_tp,0.8,97,0,81,0.1649,-2.2407
DOGEUSDT,full_clone_sl_adjust,0.8,150,0,125,0.1667,-2.6556
DOGEUSDT,lh_sell_trail15,0.8,78,0,43,0.4487,21.527
DOGEUSDT,lh_sell_prox15_trail15,0.8,78,0,43,0.4487,21.527
DOGEUSDT,hl_buy_trail15,0.8,101,0,65,0.3564,13.0484
DOGEUSDT,hl_buy_prox15_trail15,0.8,71,0,35,0.507,23.8508
DOGEUSDT,pre_confirm_trail15,0.8,101,0,65,0.3564,13.0484
DOGEUSDT,pre_confirm_prox15_trail15,0.8,71,0,35,0.507,23.8508
DOGEUSDT,r8_btc_minsl_strict,0.8,86,0,56,0.3488,3.0738
DOGEUSDT,r8_sol_hlbuy_cooldown,0.8,117,0,84,0.2821,13.2275
DOGEUSDT,trail_15_from_30_act2_min1,0.8,109,5,95,0.1284,4.9718
DOGEUSDT,trail_15_from_30_act3_min1,0.8,76,5,68,0.1053,5.2843
DOGEUSDT,trail_15_from_30_act5_min15,0.8,75,6,68,0.0933,5.4193
DOGEUSDT,trail_20_from_30_act2_min1,0.8,44,4,30,0.3182,9.6917
DOGEUSDT,trail_20_from_30_act3_min1,0.8,25,5,16,0.36,14.118
DOGEUSDT,trail_20_from_30_act5_min15,0.8,24,6,17,0.2917,11.5303
DOGEUSDT,trail_15_from_15_act2_min1,0.8,53,5,37,0.3019,5.0468
DOGEUSDT,trail_15_from_15_act3_min1,0.8,39,5,30,0.2308,8.6395
DOGEUSDT,trail_15_from_15_act5_min15,0.8,38,6,31,0.1842,7.1464
DOGEUSDT,trail_20_from_15_act2_min1,0.8,96,5,80,0.1667,5.3449
DOGEUSDT,trail_20_from_15_act3_min1,0.8,74,5,66,0.1081,3.3579
DOGEUSDT,trail_20_from_15_act5_min15,0.8,73,6,66,0.0959,4.5875
DOGEUSDT,default,0.65,49,7,42,0.1429,20.5053
DOGEUSDT,loose_entry,0.65,48,8,40,0.1667,21.0157
DOGEUSDT,broad_zone,0.65,49,7,42,0.1429,20.5053
DOGEUSDT,low_rr,0.65,48,8,40,0.1667,21.0157
DOGEUSDT,aggressive,0.65,48,8,40,0.1667,21.0157
DOGEUSDT,partial_50,0.65,41,2,26,0.3659,15.2821
DOGEUSDT,partial_60,0.65,58,2,47,0.1897,9.0669
DOGEUSDT,partial_70,0.65,47,2,40,0.1489,8.8942
DOGEUSDT,partial_tight,0.65,60,2,48,0.2,11.0061
DOGEUSDT,partial_high_rr,0.65,43,1,32,0.2558,10.5356
DOGEUSDT,partial_conservative,0.65,40,2,28,0.3,10.6146
DOGEUSDT,trail_20_from_15,0.65,189,0,135,0.2857,7.7026
DOGEUSDT,trail_15_from_15,0.65,93,0,46,0.5054,13.89
DOGEUSDT,trail_15_from_15_d1,0.65,111,0,52,0.5315,22.5495
DOGEUSDT,trail_25_from_15,0.65,146,0,88,0.3973,13.6996
DOGEUSDT,db_layer_0,0.65,64,0,34,0.4688,9.8532
DOGEUSDT,db_layer_1,0.65,138,0,111,0.1957,1.8518
DOGEUSDT,db_layer_3,0.65,111,0,79,0.2883,6.4483
DOGEUSDT,rr_4x_trail_20,0.65,64,0,34,0.4688,9.8532
DOGEUSDT,rr_3x_trail_15,0.65,138,0,111,0.1957,1.8518
DOGEUSDT,sl_filter_trail,0.65,129,0,87,0.3256,3.7011
DOGEUSDT,trail_20_from_30_sl_filter,0.65,50,0,29,0.42,6.5766
DOGEUSDT,trail_20_from_30_full,0.65,48,0,32,0.3333,4.5744
DOGEUSDT,trail_15_from_30,0.65,144,0,114,0.2083,11.8398
DOGEUSDT,trail_20_from_30_cooldown,0.65,56,0,28,0.5,15.5443
DOGEUSDT,trail_15_from_30_tp95,0.65,61,0,32,0.4754,19.157
DOGEUSDT,trail_15_from_30_cooldown,0.65,56,0,28,0.5,17.5094
DOGEUSDT,trail_15_from_30_full,0.65,57,0,28,0.5088,17.805
DOGEUSDT,db_clone_cooldown,0.65,58,0,30,0.4828,6.1588
DOGEUSDT,correction_w20_trail15_30,0.65,61,0,32,0.4754,19.157
DOGEUSDT,db_full_clone,0.65,70,0,41,0.4143,4.8691
DOGEUSDT,sl_adjust_rr_trail,0.65,79,0,57,0.2785,2.8661
DOGEUSDT,sl_adjust_rr_tp95,0.65,70,0,36,0.4857,10.7656
DOGEUSDT,max_profit_2pct,0.65,21,2,19,0.0952,-1.0918
DOGEUSDT,max_profit_2pct_trail,0.65,8,0,4,0.5,0.3677
DOGEUSDT,max_profit_3pct_trail,0.65,62,0,50,0.1935,-0.1261
DOGEUSDT,r5_tight,0.65,57,0,28,0.5088,17.805
DOGEUSDT,r5_rr3,0.65,48,0,30,0.375,9.8875
DOGEUSDT,r5_sl_filter,0.65,48,0,27,0.4375,6.6504
DOGEUSDT,r5_sl_adjust,0.65,46,0,30,0.3478,8.492
DOGEUSDT,r5_tight_rr3,0.65,48,0,30,0.375,9.8875
DOGEUSDT,r5_tight_sl,0.65,48,0,27,0.4375,6.6504
DOGEUSDT,r5_all_filters,0.65,44,0,28,0.3636,5.3288
DOGEUSDT,r5_trail10,0.65,80,0,55,0.3125,14.6729
DOGEUSDT,r5_arm25,0.65,65,0,37,0.4308,13.5526
DOGEUSDT,r5_arm20,0.65,79,0,39,0.5063,16.6791
DOGEUSDT,r5_arm15_cooldown,0.65,90,0,41,0.5444,17.3959
DOGEUSDT,r6_arm15_rr4,0.65,49,0,22,0.551,9.3278
DOGEUSDT,r6_arm15_maxp3_trail20,0.65,45,0,15,0.6667,6.1775
DOGEUSDT,r6_arm15_full,0.65,41,0,25,0.3902,1.7574
DOGEUSDT,r7_arm20_maxp3_trail20,0.65,41,0,15,0.6341,5.1707
DOGEUSDT,r7_trail15_maxp3,0.65,58,0,22,0.6207,8.7611
DOGEUSDT,r7_trail20_maxp3,0.65,58,0,22,0.6207,7.4442
DOGEUSDT,r7_full_clone_cooldown,0.65,37,0,23,0.3784,0.7354
DOGEUSDT,r5_sl_adj_cooldown,0.65,55,0,26,0.5273,9.3637
DOGEUSDT,r5_trail10_rr3,0.65,48,0,30,0.375,11.23
DOGEUSDT,full_clone_max_tp,0.65,68,0,55,0.1912,0.0706
DOGEUSDT,full_clone_sl_adjust,0.65,118,0,96,0.1864,0.1437
DOGEUSDT,lh_sell_trail15,0.65,61,0,32,0.4754,19.157
DOGEUSDT,lh_sell_prox15_trail15,0.65,61,0,32,0.4754,19.157
DOGEUSDT,hl_buy_trail15,0.65,92,0,60,0.3478,12.9471
DOGEUSDT,hl_buy_prox15_trail15,0.65,64,0,32,0.5,20.5722
DOGEUSDT,pre_confirm_trail15,0.65,92,0,60,0.3478,12.9471
DOGEUSDT,pre_confirm_prox15_trail15,0.65,64,0,32,0.5,20.5722
DOGEUSDT,r8_btc_minsl_strict,0.65,59,0,38,0.3559,1.3489
DOGEUSDT,r8_sol_hlbuy_cooldown,0.65,102,0,76,0.2549,9.1462
DOGEUSDT,trail_15_from_30_act2_min1,0.65,93,4,80,0.1398,5.9619
DOGEUSDT,trail_15_from_30_act3_min1,0.65,60,5,52,0.1333,7.921
DOGEUSDT,trail_15_from_30_act5_min15,0.65,59,6,52,0.1186,8.056
DOGEUSDT,trail_20_from_30_act2_min1,0.65,34,3,21,0.3824,12.3037
DOGEUSDT,trail_20_from_30_act3_min1,0.65,24,4,16,0.3333,12.8627
DOGEUSDT,trail_20_from_30_act5_min15,0.65,23,5,17,0.2609,10.2749
DOGEUSDT,trail_15_from_15_act2_min1,0.65,42,5,27,0.3571,9.9315
DOGEUSDT,trail_15_from_15_act3_min1,0.65,30,5,21,0.3,13.3938
DOGEUSDT,trail_15_from_15_act5_min15,0.65,29,6,22,0.2414,11.9007
DOGEUSDT,trail_20_from_15_act2_min1,0.65,76,4,61,0.1974,6.4429
DOGEUSDT,trail_20_from_15_act3_min1,0.65,58,5,50,0.1379,5.9946
DOGEUSDT,trail_20_from_15_act5_min15,0.65,57,6,50,0.1228,7.2242
DOGEUSDT,default,0.5,47,4,43,0.0851,12.0771
DOGEUSDT,loose_entry,0.5,49,5,44,0.102,12.2033
DOGEUSDT,broad_zone,0.5,47,4,43,0.0851,12.0771
DOGEUSDT,low_rr,0.5,49,5,44,0.102,12.2033
DOGEUSDT,aggressive,0.5,49,5,44,0.102,12.2033
DOGEUSDT,partial_50,0.5,37,2,24,0.3514,14.495
DOGEUSDT,partial_60,0.5,49,1,42,0.1429,2.9215
DOGEUSDT,partial_70,0.5,40,2,36,0.1,3.5993
DOGEUSDT,partial_tight,0.5,50,1,42,0.16,5.9201
DOGEUSDT,partial_high_rr,0.5,39,1,30,0.2308,9.1387
DOGEUSDT,partial_conservative,0.5,36,2,26,0.2778,9.8934
DOGEUSDT,trail_20_from_15,0.5,119,0,86,0.2773,8.7599
DOGEUSDT,trail_15_from_15,0.5,64,0,31,0.5156,14.4195
DOGEUSDT,trail_15_from_15_d1,0.5,75,0,37,0.5067,18.9149
DOGEUSDT,trail_25_from_15,0.5,102,0,64,0.3725,11.9721
DOGEUSDT,db_layer_0,0.5,51,0,32,0.3725,4.7437
DOGEUSDT,db_layer_1,0.5,91,0,76,0.1648,1.5333
DOGEUSDT,db_layer_3,0.5,78,0,62,0.2051,1.1038
DOGEUSDT,rr_4x_trail_20,0.5,51,0,32,0.3725,4.7437
DOGEUSDT,rr_3x_trail_15,0.5,91,0,76,0.1648,1.5333
DOGEUSDT,sl_filter_trail,0.5,85,0,64,0.2471,-0.1389
DOGEUSDT,trail_20_from_30_sl_filter,0.5,47,0,31,0.3404,5.0049
DOGEUSDT,trail_20_from_30_full,0.5,45,0,32,0.2889,4.6053
DOGEUSDT,trail_15_from_30,0.5,105,0,84,0.2,10.6026
DOGEUSDT,trail_20_from_30_cooldown,0.5,46,0,27,0.413,9.0328
DOGEUSDT,trail_15_from_30_tp95,0.5,54,0,32,0.4074,12.6597
DOGEUSDT,trail_15_from_30_cooldown,0.5,46,0,27,0.413,10.5137
DOGEUSDT,trail_15_from_30_full,0.5,47,0,27,0.4255,11.1681
DOGEUSDT,db_clone_cooldown,0.5,41,0,26,0.3659,2.4483
DOGEUSDT,correction_w20_trail15_30,0.5,54,0,32,0.4074,12.6597
DOGEUSDT,db_full_clone,0.5,50,0,34,0.32,1.2401
DOGEUSDT,sl_adjust_rr_trail,0.5,53,0,38,0.283,4.0706
DOGEUSDT,sl_adjust_rr_tp95,0.5,56,0,34,0.3929,5.8609
DOGEUSDT,max_profit_2pct,0.5,9,0,9,0.0,-1.9488
DOGEUSDT,max_profit_2pct_trail,0.5,4,0,3,0.25,-0.7088
DOGEUSDT,max_profit_3pct_trail,0.5,39,0,33,0.1538,-0.0137
DOGEUSDT,r5_tight,0.5,47,0,27,0.4255,11.1681
DOGEUSDT,r5_rr3,0.5,39,0,27,0.3077,9.2642
DOGEUSDT,r5_sl_filter,0.5,42,0,28,0.3333,4.8507
DOGEUSDT,r5_sl_adjust,0.5,41,0,28,0.3171,9.7411
DOGEUSDT,r5_tight_rr3,0.5,39,0,27,0.3077,9.2642
DOGEUSDT,r5_tight_sl,0.5,42,0,28,0.3333,4.8507
DOGEUSDT,r5_all_filters,0.5,37,0,27,0.2703,4.1929
DOGEUSDT,r5_trail10,0.5,58,0,39,0.3276,14.6385
DOGEUSDT,r5_arm25,0.5,55,0,34,0.3818,12.3262
DOGEUSDT,r5_arm20,0.5,57,0,30,0.4737,15.0342
DOGEUSDT,r5_arm15_cooldown,0.5,61,0,29,0.5246,15.8649
DOGEUSDT,r6_arm15_rr4,0.5,32,0,17,0.4688,6.039
DOGEUSDT,r6_arm15_maxp3_trail20,0.5,29,0,11,0.6207,3.4696
DOGEUSDT,r6_arm15_full,0.5,24,0,18,0.25,-0.8109
DOGEUSDT,r7_arm20_maxp3_trail20,0.5,26,0,11,0.5769,2.8776
DOGEUSDT,r7_trail15_maxp3,0.5,41,0,18,0.561,5.1806
DOGEUSDT,r7_trail20_maxp3,0.5,41,0,18,0.561,4.3082
DOGEUSDT,r7_full_clone_cooldown,0.5,23,0,18,0.2174,-1.8263
DOGEUSDT,r5_sl_adj_cooldown,0.5,40,0,22,0.45,6.5533
DOGEUSDT,r5_trail10_rr3,0.5,39,0,27,0.3077,10.3979
DOGEUSDT,full_clone_max_tp,0.5,42,0,38,0.0952,-2.1115
DOGEUSDT,full_clone_sl_adjust,0.5,79,0,70,0.1139,-3.3523
DOGEUSDT,lh_sell_trail15,0.5,54,0,32,0.4074,12.0886
DOGEUSDT,lh_sell_prox15_trail15,0.5,54,0,32,0.4074,12.0886
DOGEUSDT,hl_buy_trail15,0.5,78,0,56,0.2821,5.0802
DOGEUSDT,hl_buy_prox15_trail15,0.5,58,0,32,0.4483,14.7213
DOGEUSDT,pre_confirm_trail15,0.5,78,0,56,0.2821,4.6804
DOGEUSDT,pre_confirm_prox15_trail15,0.5,58,0,32,0.4483,14.1501
DOGEUSDT,r8_btc_minsl_strict,0.5,25,0,15,0.4,2.2134
DOGEUSDT,r8_sol_hlbuy_cooldown,0.5,78,0,58,0.2564,7.8412
DOGEUSDT,trail_15_from_30_act2_min1,0.5,75,2,65,0.1333,3.4605
DOGEUSDT,trail_15_from_30_act3_min1,0.5,53,2,48,0.0943,0.0773
DOGEUSDT,trail_15_from_30_act5_min15,0.5,52,3,48,0.0769,0.2123
DOGEUSDT,trail_20_from_30_act2_min1,0.5,32,2,21,0.3438,6.1523
DOGEUSDT,trail_20_from_30_act3_min1,0.5,22,3,15,0.3182,9.6054
DOGEUSDT,trail_20_from_30_act5_min15,0.5,21,4,16,0.2381,7.0177
DOGEUSDT,trail_15_from_15_act2_min1,0.5,37,2,25,0.3243,3.761
DOGEUSDT,trail_15_from_15_act3_min1,0.5,26,2,20,0.2308,4.9083
DOGEUSDT,trail_15_from_15_act5_min15,0.5,25,3,21,0.16,3.4152
DOGEUSDT,trail_20_from_15_act2_min1,0.5,71,2,59,0.169,1.5632
DOGEUSDT,trail_20_from_15_act3_min1,0.5,51,2,46,0.098,-1.8491
DOGEUSDT,trail_20_from_15_act5_min15,0.5,50,3,46,0.08,-0.6195
DOGEUSDT,default,0.3,44,2,42,0.0455,4.4268
DOGEUSDT,loose_entry,0.3,46,3,43,0.0652,4.553
DOGEUSDT,broad_zone,0.3,44,2,42,0.0455,4.4268
DOGEUSDT,low_rr,0.3,46,3,43,0.0652,4.553
DOGEUSDT,aggressive,0.3,46,3,43,0.0652,4.553
DOGEUSDT,partial_50,0.3,25,0,18,0.28,6.4614
DOGEUSDT,partial_60,0.3,37,0,33,0.1081,-1.7327
DOGEUSDT,partial_70,0.3,35,0,33,0.0571,-3.387
DOGEUSDT,partial_tight,0.3,35,0,31,0.1143,1.8738
DOGEUSDT,partial_high_rr,0.3,26,0,22,0.1538,4.0548
DOGEUSDT,partial_conservative,0.3,23,0,18,0.2174,4.0481
DOGEUSDT,trail_20_from_15,0.3,74,0,56,0.2432,2.6157
DOGEUSDT,trail_15_from_15,0.3,41,0,22,0.4634,7.1789
DOGEUSDT,trail_15_from_15_d1,0.3,46,0,25,0.4565,10.1781
DOGEUSDT,trail_25_from_15,0.3,66,0,45,0.3182,5.1567
DOGEUSDT,db_layer_0,0.3,30,0,21,0.3,2.207
DOGEUSDT,db_layer_1,0.3,57,0,50,0.1228,-0.2422
DOGEUSDT,db_layer_3,0.3,50,0,42,0.16,-0.6041
DOGEUSDT,rr_4x_trail_20,0.3,30,0,21,0.3,2.207
DOGEUSDT,rr_3x_trail_15,0.3,57,0,50,0.1228,-0.2422
DOGEUSDT,sl_filter_trail,0.3,52,0,42,0.1923,-1.5889
DOGEUSDT,trail_20_from_30_sl_filter,0.3,29,0,20,0.3103,3.2998
DOGEUSDT,trail_20_from_30_full,0.3,26,0,19,0.2692,3.1145
DOGEUSDT,trail_15_from_30,0.3,70,0,57,0.1857,6.7932
DOGEUSDT,trail_20_from_30_cooldown,0.3,29,0,17,0.4138,9.3603
DOGEUSDT,trail_15_from_30_tp95,0.3,36,0,22,0.3889,11.6173
DOGEUSDT,trail_15_from_30_cooldown,0.3,29,0,17,0.4138,10.4159
DOGEUSDT,trail_15_from_30_full,0.3,30,0,17,0.4333,11.1131
DOGEUSDT,db_clone_cooldown,0.3,24,0,16,0.3333,1.2779
DOGEUSDT,correction_w20_trail15_30,0.3,36,0,22,0.3889,11.6173
DOGEUSDT,db_full_clone,0.3,29,0,22,0.2414,-0.0244
DOGEUSDT,sl_adjust_rr_trail,0.3,31,0,23,0.2581,2.8599
DOGEUSDT,sl_adjust_rr_tp95,0.3,32,0,21,0.3438,3.9342
DOGEUSDT,max_profit_2pct,0.3,3,0,3,0.0,-0.8134
DOGEUSDT,max_profit_2pct_trail,0.3,1,0,1,0.0,-0.1338
DOGEUSDT,max_profit_3pct_trail,0.3,21,0,19,0.0952,-1.1061
DOGEUSDT,r5_tight,0.3,30,0,17,0.4333,11.1131
DOGEUSDT,r5_rr3,0.3,23,0,16,0.3043,7.3092
DOGEUSDT,r5_sl_filter,0.3,25,0,17,0.32,3.6645
DOGEUSDT,r5_sl_adjust,0.3,23,0,16,0.3043,7.3092
DOGEUSDT,r5_tight_rr3,0.3,23,0,16,0.3043,7.3092
DOGEUSDT,r5_tight_sl,0.3,25,0,17,0.32,3.6645
DOGEUSDT,r5_all_filters,0.3,22,0,16,0.2727,3.3216
DOGEUSDT,r5_trail10,0.3,39,0,27,0.3077,9.9315
DOGEUSDT,r5_arm25,0.3,34,0,22,0.3529,7.4465
DOGEUSDT,r5_arm20,0.3,38,0,20,0.4737,10.7085
DOGEUSDT,r5_arm15_cooldown,0.3,38,0,20,0.4737,8.5482
DOGEUSDT,r6_arm15_rr4,0.3,18,0,11,0.3889,3.5698
DOGEUSDT,r6_arm15_maxp3_trail20,0.3,16,0,6,0.625,3.6119
DOGEUSDT,r6_arm15_full,0.3,13,0,11,0.1538,-2.2561
DOGEUSDT,r7_arm20_maxp3_trail20,0.3,16,0,6,0.625,4.0354
DOGEUSDT,r7_trail15_maxp3,0.3,19,0,7,0.6316,4.6164
DOGEUSDT,r7_trail20_maxp3,0.3,19,0,7,0.6316,4.1132
DOGEUSDT,r7_full_clone_cooldown,0.3,13,0,11,0.1538,-2.2561
DOGEUSDT,r5_sl_adj_cooldown,0.3,24,0,14,0.4167,5.1564
DOGEUSDT,r5_trail10_rr3,0.3,23,0,16,0.3043,8.0507
DOGEUSDT,full_clone_max_tp,0.3,24,0,22,0.0833,-1.52
DOGEUSDT,full_clone_sl_adjust,0.3,49,0,45,0.0816,-3.2532
DOGEUSDT,lh_sell_trail15,0.3,37,0,23,0.3784,10.5702
DOGEUSDT,lh_sell_prox15_trail15,0.3,37,0,23,0.3784,10.5702
DOGEUSDT,hl_buy_trail15,0.3,57,0,42,0.2632,4.2519
DOGEUSDT,hl_buy_prox15_trail15,0.3,42,0,24,0.4286,13.0635
DOGEUSDT,pre_confirm_trail15,0.3,58,0,43,0.2586,3.4949
DOGEUSDT,pre_confirm_prox15_trail15,0.3,43,0,25,0.4186,12.0164
DOGEUSDT,r8_btc_minsl_strict,0.3,14,0,9,0.3571,1.7675
DOGEUSDT,r8_sol_hlbuy_cooldown,0.3,54,0,41,0.2407,6.6883
DOGEUSDT,trail_15_from_30_act2_min1,0.3,53,0,48,0.0943,-2.0427
DOGEUSDT,trail_15_from_30_act3_min1,0.3,53,1,50,0.0566,-6.4064
DOGEUSDT,trail_15_from_30_act5_min15,0.3,49,1,47,0.0408,-7.3992
DOGEUSDT,trail_20_from_30_act2_min1,0.3,23,0,17,0.2609,2.9171
DOGEUSDT,trail_20_from_30_act3_min1,0.3,21,2,16,0.2381,3.5089
DOGEUSDT,trail_20_from_30_act5_min15,0.3,18,2,15,0.1667,-0.263
DOGEUSDT,trail_15_from_15_act2_min1,0.3,24,0,19,0.2083,-5.519
DOGEUSDT,trail_15_from_15_act3_min1,0.3,23,1,19,0.1739,-1.8425
DOGEUSDT,trail_15_from_15_act5_min15,0.3,20,1,18,0.1,-4.5424
DOGEUSDT,trail_20_from_15_act2_min1,0.3,50,0,45,0.1,-6.4113
DOGEUSDT,trail_20_from_15_act3_min1,0.3,50,1,47,0.06,-8.2394
DOGEUSDT,trail_20_from_15_act5_min15,0.3,46,1,44,0.0435,-8.1375
DOGEUSDT,default,0.1,50,1,49,0.02,-7.9861
DOGEUSDT,loose_entry,0.1,50,1,49,0.02,-8.0193
DOGEUSDT,broad_zone,0.1,50,1,49,0.02,-7.9861
DOGEUSDT,low_rr,0.1,50,1,49,0.02,-8.0193
DOGEUSDT,aggressive,0.1,50,1,49,0.02,-8.0193
DOGEUSDT,partial_50,0.1,21,0,15,0.2857,3.3182
DOGEUSDT,partial_60,0.1,33,0,30,0.0909,-6.4451
DOGEUSDT,partial_70,0.1,32,0,31,0.0312,-10.8922
DOGEUSDT,partial_tight,0.1,31,0,28,0.0968,-2.8386
DOGEUSDT,partial_high_rr,0.1,21,0,18,0.1429,-0.0215
DOGEUSDT,partial_conservative,0.1,19,0,15,0.2105,0.905
DOGEUSDT,trail_20_from_15,0.1,59,0,46,0.2203,0.3242
DOGEUSDT,trail_15_from_15,0.1,32,0,17,0.4688,4.2631
DOGEUSDT,trail_15_from_15_d1,0.1,37,0,20,0.4595,7.2558
DOGEUSDT,trail_25_from_15,0.1,53,0,36,0.3208,3.1941
DOGEUSDT,db_layer_0,0.1,22,0,16,0.2727,0.0829
DOGEUSDT,db_layer_1,0.1,45,0,41,0.0889,-2.4886
DOGEUSDT,db_layer_3,0.1,38,0,33,0.1316,-2.424
DOGEUSDT,rr_4x_trail_20,0.1,22,0,16,0.2727,0.0829
DOGEUSDT,rr_3x_trail_15,0.1,45,0,41,0.0889,-2.4886
DOGEUSDT,sl_filter_trail,0.1,40,0,33,0.175,-2.0055
DOGEUSDT,trail_20_from_30_sl_filter,0.1,21,0,15,0.2857,0.7111
DOGEUSDT,trail_20_from_30_full,0.1,19,0,14,0.2632,1.1941
DOGEUSDT,trail_15_from_30,0.1,56,0,47,0.1607,0.4967
DOGEUSDT,trail_20_from_30_cooldown,0.1,21,0,13,0.381,2.8647
DOGEUSDT,trail_15_from_30_tp95,0.1,27,0,17,0.3704,4.9537
DOGEUSDT,trail_15_from_30_cooldown,0.1,21,0,13,0.381,3.4511
DOGEUSDT,trail_15_from_30_full,0.1,22,0,13,0.4091,4.1484
DOGEUSDT,db_clone_cooldown,0.1,17,0,12,0.2941,0.3889
DOGEUSDT,correction_w20_trail15_30,0.1,27,0,17,0.3704,4.9537
DOGEUSDT,db_full_clone,0.1,22,0,17,0.2273,-0.4152
DOGEUSDT,sl_adjust_rr_trail,0.1,22,0,18,0.1818,0.0065
DOGEUSDT,sl_adjust_rr_tp95,0.1,24,0,16,0.3333,1.81
DOGEUSDT,max_profit_2pct,0.1,2,0,2,0.0,-0.7119
DOGEUSDT,max_profit_2pct_trail,0.1,0,0,0,0.0,0
DOGEUSDT,max_profit_3pct_trail,0.1,20,0,18,0.1,-1.0126
DOGEUSDT,r5_tight,0.1,22,0,13,0.4091,4.1484
DOGEUSDT,r5_rr3,0.1,15,0,12,0.2,-0.0091
DOGEUSDT,r5_sl_filter,0.1,18,0,13,0.2778,0.5356
DOGEUSDT,r5_sl_adjust,0.1,15,0,12,0.2,-0.0091
DOGEUSDT,r5_tight_rr3,0.1,15,0,12,0.2,-0.0091
DOGEUSDT,r5_tight_sl,0.1,18,0,13,0.2778,0.5356
DOGEUSDT,r5_all_filters,0.1,15,0,12,0.2,-0.0091
DOGEUSDT,r5_trail10,0.1,29,0,21,0.2759,2.7884
DOGEUSDT,r5_arm25,0.1,26,0,18,0.3077,0.4232
DOGEUSDT,r5_arm20,0.1,30,0,16,0.4667,5.9821
DOGEUSDT,r5_arm15_cooldown,0.1,30,0,16,0.4667,5.52
DOGEUSDT,r6_arm15_rr4,0.1,12,0,8,0.3333,1.1021
DOGEUSDT,r6_arm15_maxp3_trail20,0.1,13,0,4,0.6923,3.5765
DOGEUSDT,r6_arm15_full,0.1,10,0,8,0.2,-1.5473
DOGEUSDT,r7_arm20_maxp3_trail20,0.1,13,0,4,0.6923,3.8631
DOGEUSDT,r7_trail15_maxp3,0.1,17,0,6,0.6471,4.34
DOGEUSDT,r7_trail20_maxp3,0.1,17,0,6,0.6471,3.8657
DOGEUSDT,r7_full_clone_cooldown,0.1,10,0,8,0.2,-1.5473
DOGEUSDT,r5_sl_adj_cooldown,0.1,18,0,11,0.3889,2.8063
DOGEUSDT,r5_trail10_rr3,0.1,15,0,12,0.2,0.234
DOGEUSDT,full_clone_max_tp,0.1,22,0,20,0.0909,-1.3135
DOGEUSDT,full_clone_sl_adjust,0.1,38,0,36,0.0526,-3.5564
DOGEUSDT,lh_sell_trail15,0.1,28,0,18,0.3571,3.9067
DOGEUSDT,lh_sell_prox15_trail15,0.1,28,0,18,0.3571,3.9067
DOGEUSDT,hl_buy_trail15,0.1,47,0,36,0.234,-2.4325
DOGEUSDT,hl_buy_prox15_trail15,0.1,34,0,20,0.4118,6.0769
DOGEUSDT,pre_confirm_trail15,0.1,48,0,37,0.2292,-3.1894
DOGEUSDT,pre_confirm_prox15_trail15,0.1,35,0,21,0.4,5.0298
DOGEUSDT,r8_btc_minsl_strict,0.1,13,0,9,0.3077,1.4117
DOGEUSDT,r8_sol_hlbuy_cooldown,0.1,45,0,35,0.2222,0.822
DOGEUSDT,trail_15_from_30_act2_min1,0.1,44,0,41,0.0682,-5.9224
DOGEUSDT,trail_15_from_30_act3_min1,0.1,44,1,43,0.0227,-10.2861
DOGEUSDT,trail_15_from_30_act5_min15,0.1,44,1,43,0.0227,-10.2861
DOGEUSDT,trail_20_from_30_act2_min1,0.1,15,0,12,0.2,-2.5128
DOGEUSDT,trail_20_from_30_act3_min1,0.1,14,1,12,0.1429,-3.5992
DOGEUSDT,trail_20_from_30_act5_min15,0.1,14,1,13,0.0714,-6.3219
DOGEUSDT,trail_15_from_15_act2_min1,0.1,17,0,14,0.1765,-5.9994
DOGEUSDT,trail_15_from_15_act3_min1,0.1,16,1,14,0.125,-4.8586
DOGEUSDT,trail_15_from_15_act5_min15,0.1,16,1,15,0.0625,-7.5813
DOGEUSDT,trail_20_from_15_act2_min1,0.1,41,0,38,0.0732,-6.6607
DOGEUSDT,trail_20_from_15_act3_min1,0.1,41,1,40,0.0244,-11.0244
DOGEUSDT,trail_20_from_15_act5_min15,0.1,41,1,40,0.0244,-11.0244
1000PEPEUSDT,default,1.0,83,3,80,0.0361,-5.3114
1000PEPEUSDT,loose_entry,1.0,73,3,70,0.0411,-2.806
1000PEPEUSDT,broad_zone,1.0,83,3,80,0.0361,-5.3114
1000PEPEUSDT,low_rr,1.0,73,3,70,0.0411,-2.806
1000PEPEUSDT,aggressive,1.0,73,3,70,0.0411,-2.806
1000PEPEUSDT,partial_50,1.0,36,1,24,0.3333,7.3342
1000PEPEUSDT,partial_60,1.0,46,1,37,0.1957,0.048
1000PEPEUSDT,partial_70,1.0,36,1,31,0.1389,-2.4204
1000PEPEUSDT,partial_tight,1.0,43,0,35,0.186,0.8306
1000PEPEUSDT,partial_high_rr,1.0,32,0,24,0.25,2.8799
1000PEPEUSDT,partial_conservative,1.0,35,1,24,0.3143,8.0313
1000PEPEUSDT,trail_20_from_15,1.0,238,0,175,0.2647,-6.5718
1000PEPEUSDT,trail_15_from_15,1.0,101,0,46,0.5446,13.1254
1000PEPEUSDT,trail_15_from_15_d1,1.0,119,0,59,0.5042,9.2569
1000PEPEUSDT,trail_25_from_15,1.0,149,0,92,0.3826,-1.6681
1000PEPEUSDT,db_layer_0,1.0,42,0,25,0.4048,3.667
1000PEPEUSDT,db_layer_1,1.0,147,0,114,0.2245,-2.4366
1000PEPEUSDT,db_layer_3,1.0,86,0,65,0.2442,-1.2358
1000PEPEUSDT,rr_4x_trail_20,1.0,42,0,25,0.4048,3.667
1000PEPEUSDT,rr_3x_trail_15,1.0,147,0,114,0.2245,-2.4366
1000PEPEUSDT,sl_filter_trail,1.0,108,0,72,0.3333,-1.7576
1000PEPEUSDT,trail_20_from_30_sl_filter,1.0,41,0,23,0.439,5.6616
1000PEPEUSDT,trail_20_from_30_full,1.0,39,0,24,0.3846,4.5275
1000PEPEUSDT,trail_15_from_30,1.0,146,0,124,0.1507,-7.7245
1000PEPEUSDT,trail_20_from_30_cooldown,1.0,38,0,20,0.4737,4.0556
1000PEPEUSDT,trail_15_from_30_tp95,1.0,44,0,25,0.4318,2.966
1000PEPEUSDT,trail_15_from_30_cooldown,1.0,35,0,19,0.4571,4.8098
1000PEPEUSDT,trail_15_from_30_full,1.0,39,0,20,0.4872,4.2661
1000PEPEUSDT,db_clone_cooldown,1.0,32,0,18,0.4375,2.9524
1000PEPEUSDT,correction_w20_trail15_30,1.0,44,0,25,0.4318,2.966
1000PEPEUSDT,db_full_clone,1.0,47,0,31,0.3404,1.0286
1000PEPEUSDT,sl_adjust_rr_trail,1.0,91,0,67,0.2637,-4.0688
1000PEPEUSDT,sl_adjust_rr_tp95,1.0,59,0,27,0.5424,7.2154
1000PEPEUSDT,max_profit_2pct,1.0,17,1,16,0.0588,-2.704
1000PEPEUSDT,max_profit_2pct_trail,1.0,4,0,3,0.25,-0.2271
1000PEPEUSDT,max_profit_3pct_trail,1.0,18,0,17,0.0556,-2.502
1000PEPEUSDT,r5_tight,1.0,39,0,20,0.4872,4.2661
1000PEPEUSDT,r5_rr3,1.0,36,0,21,0.4167,7.8801
1000PEPEUSDT,r5_sl_filter,1.0,38,0,19,0.5,6.4786
1000PEPEUSDT,r5_sl_adjust,1.0,37,0,21,0.4324,8.1804
1000PEPEUSDT,r5_tight_rr3,1.0,36,0,21,0.4167,7.8801
1000PEPEUSDT,r5_tight_sl,1.0,38,0,19,0.5,6.4786
1000PEPEUSDT,r5_all_filters,1.0,35,0,20,0.4286,6.7767
1000PEPEUSDT,r5_trail10,1.0,80,0,59,0.2625,-2.2295
1000PEPEUSDT,r5_arm25,1.0,57,0,36,0.3684,0.8096
1000PEPEUSDT,r5_arm20,1.0,85,0,46,0.4588,8.2452
1000PEPEUSDT,r5_arm15_cooldown,1.0,102,0,47,0.5392,11.2835
1000PEPEUSDT,r6_arm15_rr4,1.0,30,0,15,0.5,6.1704
1000PEPEUSDT,r6_arm15_maxp3_trail20,1.0,27,0,7,0.7407,0.2908
1000PEPEUSDT,r6_arm15_full,1.0,11,0,10,0.0909,-1.8805
1000PEPEUSDT,r7_arm20_maxp3_trail20,1.0,24,0,7,0.7083,0.2754
1000PEPEUSDT,r7_trail15_maxp3,1.0,31,0,8,0.7419,2.1434
1000PEPEUSDT,r7_trail20_maxp3,1.0,31,0,8,0.7419,1.5172
1000PEPEUSDT,r7_full_clone_cooldown,1.0,11,0,10,0.0909,-1.8805
1000PEPEUSDT,r5_sl_adj_cooldown,1.0,50,0,18,0.64,8.949
1000PEPEUSDT,r5_trail10_rr3,1.0,36,0,21,0.4167,8.8448
1000PEPEUSDT,full_clone_max_tp,1.0,19,0,18,0.0526,-2.4257
1000PEPEUSDT,full_clone_sl_adjust,1.0,93,0,80,0.1398,-6.8634
1000PEPEUSDT,lh_sell_trail15,1.0,44,0,25,0.4318,2.966
1000PEPEUSDT,lh_sell_prox15_trail15,1.0,44,0,25,0.4318,2.966
1000PEPEUSDT,hl_buy_trail15,1.0,67,0,44,0.3433,-0.332
1000PEPEUSDT,hl_buy_prox15_trail15,1.0,49,0,27,0.449,1.8738
1000PEPEUSDT,pre_confirm_trail15,1.0,67,0,44,0.3433,-0.332
1000PEPEUSDT,pre_confirm_prox15_trail15,1.0,49,0,27,0.449,1.8738
1000PEPEUSDT,r8_btc_minsl_strict,1.0,42,0,29,0.3095,-3.6437
1000PEPEUSDT,r8_sol_hlbuy_cooldown,1.0,106,0,85,0.1981,-5.3073
1000PEPEUSDT,trail_15_from_30_act2_min1,1.0,113,3,101,0.1062,-8.7976
1000PEPEUSDT,trail_15_from_30_act3_min1,1.0,72,4,65,0.0972,-0.8408
1000PEPEUSDT,trail_15_from_30_act5_min15,1.0,68,4,63,0.0735,-3.015
1000PEPEUSDT,trail_20_from_30_act2_min1,1.0,26,3,18,0.3077,2.0943
1000PEPEUSDT,trail_20_from_30_act3_min1,1.0,21,4,13,0.381,9.645
1000PEPEUSDT,trail_20_from_30_act5_min15,1.0,18,5,13,0.2778,10.1883
1000PEPEUSDT,trail_15_from_15_act2_min1,1.0,34,3,25,0.2647,3.6781
1000PEPEUSDT,trail_15_from_15_act3_min1,1.0,31,4,23,0.2581,5.5987
1000PEPEUSDT,trail_15_from_15_act5_min15,1.0,26,4,21,0.1923,5.1148
1000PEPEUSDT,trail_20_from_15_act2_min1,1.0,88,3,78,0.1136,-10.1086
1000PEPEUSDT,trail_20_from_15_act3_min1,1.0,58,4,51,0.1207,1.2549
1000PEPEUSDT,trail_20_from_15_act5_min15,1.0,60,4,55,0.0833,-2.4099
1000PEPEUSDT,default,0.8,74,3,71,0.0405,-2.9414
1000PEPEUSDT,loose_entry,0.8,64,3,61,0.0469,-0.4359
1000PEPEUSDT,broad_zone,0.8,74,3,71,0.0405,-2.9414
1000PEPEUSDT,low_rr,0.8,64,3,61,0.0469,-0.4359
1000PEPEUSDT,aggressive,0.8,64,3,61,0.0469,-0.4359
1000PEPEUSDT,partial_50,0.8,35,1,24,0.3143,7.3989
1000PEPEUSDT,partial_60,0.8,44,1,35,0.2045,1.4658
1000PEPEUSDT,partial_70,0.8,35,2,28,0.2,5.0978
1000PEPEUSDT,partial_tight,0.8,41,0,33,0.1951,2.2484
1000PEPEUSDT,partial_high_rr,0.8,32,0,24,0.25,3.6778
1000PEPEUSDT,partial_conservative,0.8,34,1,24,0.2941,7.9055
1000PEPEUSDT,trail_20_from_15,0.8,215,0,159,0.2605,-6.6694
1000PEPEUSDT,trail_15_from_15,0.8,94,0,44,0.5319,10.938
1000PEPEUSDT,trail_15_from_15_d1,0.8,112,0,56,0.5,8.1206
1000PEPEUSDT,trail_25_from_15,0.8,138,0,86,0.3768,-1.4173
1000PEPEUSDT,db_layer_0,0.8,41,0,25,0.3902,3.2496
1000PEPEUSDT,db_layer_1,0.8,136,0,104,0.2353,-0.6317
1000PEPEUSDT,db_layer_3,0.8,82,0,62,0.2439,-1.0778
1000PEPEUSDT,rr_4x_trail_20,0.8,41,0,25,0.3902,3.2496
1000PEPEUSDT,rr_3x_trail_15,0.8,136,0,104,0.2353,-0.6317
1000PEPEUSDT,sl_filter_trail,0.8,97,0,66,0.3196,-1.6209
1000PEPEUSDT,trail_20_from_30_sl_filter,0.8,38,0,23,0.3947,5.6347
1000PEPEUSDT,trail_20_from_30_full,0.8,37,0,24,0.3514,3.4476
1000PEPEUSDT,trail_15_from_30,0.8,137,0,117,0.146,-6.5046
1000PEPEUSDT,trail_20_from_30_cooldown,0.8,35,0,20,0.4286,3.5874
1000PEPEUSDT,trail_15_from_30_tp95,0.8,42,0,25,0.4048,2.8908
1000PEPEUSDT,trail_15_from_30_cooldown,0.8,35,0,20,0.4286,4.507
1000PEPEUSDT,trail_15_from_30_full,0.8,37,0,20,0.4595,4.1909
1000PEPEUSDT,db_clone_cooldown,0.8,31,0,18,0.4194,2.3765
1000PEPEUSDT,correction_w20_trail15_30,0.8,42,0,25,0.4048,2.8908
1000PEPEUSDT,db_full_clone,0.8,46,0,31,0.3261,0.3428
1000PEPEUSDT,sl_adjust_rr_trail,0.8,87,0,64,0.2644,-3.6176
1000PEPEUSDT,sl_adjust_rr_tp95,0.8,57,0,27,0.5263,7.0454
1000PEPEUSDT,max_profit_2pct,0.8,15,1,14,0.0667,-1.8717
1000PEPEUSDT,max_profit_2pct_trail,0.8,4,0,3,0.25,-0.2271
1000PEPEUSDT,max_profit_3pct_trail,0.8,12,0,11,0.0833,-1.2858
1000PEPEUSDT,r5_tight,0.8,37,0,20,0.4595,4.1909
1000PEPEUSDT,r5_rr3,0.8,35,0,21,0.4,7.0134
1000PEPEUSDT,r5_sl_filter,0.8,36,0,19,0.4722,6.8363
1000PEPEUSDT,r5_sl_adjust,0.8,36,0,21,0.4167,7.8139
1000PEPEUSDT,r5_tight_rr3,0.8,35,0,21,0.4,7.0134
1000PEPEUSDT,r5_tight_sl,0.8,36,0,19,0.4722,6.8363
1000PEPEUSDT,r5_all_filters,0.8,33,0,20,0.3939,5.5935
1000PEPEUSDT,r5_trail10,0.8,77,0,58,0.2468,-2.6999
1000PEPEUSDT,r5_arm25,0.8,53,0,33,0.3774,1.92
1000PEPEUSDT,r5_arm20,0.8,82,0,45,0.4512,7.0381
1000PEPEUSDT,r5_arm15_cooldown,0.8,95,0,46,0.5158,9.2692
1000PEPEUSDT,r6_arm15_rr4,0.8,29,0,15,0.4828,5.5407
1000PEPEUSDT,r6_arm15_maxp3_trail20,0.8,23,0,6,0.7391,0.8275
1000PEPEUSDT,r6_arm15_full,0.8,10,0,10,0.0,-2.517
1000PEPEUSDT,r7_arm20_maxp3_trail20,0.8,20,0,6,0.7,1.1017
1000PEPEUSDT,r7_trail15_maxp3,0.8,25,0,7,0.72,1.5998
1000PEPEUSDT,r7_trail20_maxp3,0.8,25,0,7,0.72,1.1891
1000PEPEUSDT,r7_full_clone_cooldown,0.8,10,0,10,0.0,-2.517
1000PEPEUSDT,r5_sl_adj_cooldown,0.8,48,0,18,0.625,8.779
1000PEPEUSDT,r5_trail10_rr3,0.8,35,0,21,0.4,7.9105
1000PEPEUSDT,full_clone_max_tp,0.8,15,0,14,0.0667,-1.666
1000PEPEUSDT,full_clone_sl_adjust,0.8,87,0,74,0.1494,-5.6555
1000PEPEUSDT,lh_sell_trail15,0.8,42,0,25,0.4048,2.8908
1000PEPEUSDT,lh_sell_prox15_trail15,0.8,42,0,25,0.4048,2.8908
1000PEPEUSDT,hl_buy_trail15,0.8,62,0,41,0.3387,0.3583
1000PEPEUSDT,hl_buy_prox15_trail15,0.8,47,0,27,0.4255,1.7986
1000PEPEUSDT,pre_confirm_trail15,0.8,62,0,41,0.3387,0.3583
1000PEPEUSDT,pre_confirm_prox15_trail15,0.8,47,0,27,0.4255,1.7986
1000PEPEUSDT,r8_btc_minsl_strict,0.8,34,0,21,0.3824,-0.5825
1000PEPEUSDT,r8_sol_hlbuy_cooldown,0.8,101,0,82,0.1881,-4.7135
1000PEPEUSDT,trail_15_from_30_act2_min1,0.8,106,3,94,0.1132,-5.7442
1000PEPEUSDT,trail_15_from_30_act3_min1,0.8,70,4,63,0.1,1.0252
1000PEPEUSDT,trail_15_from_30_act5_min15,0.8,66,4,61,0.0758,-1.149
1000PEPEUSDT,trail_20_from_30_act2_min1,0.8,26,3,18,0.3077,3.1353
1000PEPEUSDT,trail_20_from_30_act3_min1,0.8,21,4,13,0.381,10.484
1000PEPEUSDT,trail_20_from_30_act5_min15,0.8,18,5,13,0.2778,11.0273
1000PEPEUSDT,trail_15_from_15_act2_min1,0.8,34,3,25,0.2647,4.5761
1000PEPEUSDT,trail_15_from_15_act3_min1,0.8,32,4,24,0.25,5.0236
1000PEPEUSDT,trail_15_from_15_act5_min15,0.8,26,4,21,0.1923,6.0128
1000PEPEUSDT,trail_20_from_15_act2_min1,0.8,78,3,67,0.141,-2.8387
1000PEPEUSDT,trail_20_from_15_act3_min1,0.8,56,4,49,0.125,3.1209
1000PEPEUSDT,trail_20_from_15_act5_min15,0.8,58,4,53,0.0862,-0.5439
1000PEPEUSDT,default,0.65,69,4,65,0.058,1.7245
1000PEPEUSDT,loose_entry,0.65,59,4,55,0.0678,4.2299
1000PEPEUSDT,broad_zone,0.65,69,4,65,0.058,1.7245
1000PEPEUSDT,low_rr,0.65,59,4,55,0.0678,4.2299
1000PEPEUSDT,aggressive,0.65,59,4,55,0.0678,4.2299
1000PEPEUSDT,partial_50,0.65,30,0,20,0.3333,5.5171
1000PEPEUSDT,partial_60,0.65,37,1,29,0.2162,1.5665
1000PEPEUSDT,partial_70,0.65,31,2,25,0.1935,4.1633
1000PEPEUSDT,partial_tight,0.65,34,0,27,0.2059,2.349
1000PEPEUSDT,partial_high_rr,0.65,27,0,20,0.2593,3.8761
1000PEPEUSDT,partial_conservative,0.65,29,0,20,0.3103,6.0237
1000PEPEUSDT,trail_20_from_15,0.65,182,0,133,0.2692,-4.5569
1000PEPEUSDT,trail_15_from_15,0.65,85,0,39,0.5412,9.4559
1000PEPEUSDT,trail_15_from_15_d1,0.65,99,0,49,0.5051,5.8809
1000PEPEUSDT,trail_25_from_15,0.65,119,0,72,0.395,-0.6362
1000PEPEUSDT,db_layer_0,0.65,38,0,21,0.4474,5.8206
1000PEPEUSDT,db_layer_1,0.65,115,0,88,0.2348,-0.0531
1000PEPEUSDT,db_layer_3,0.65,70,0,51,0.2714,1.2442
1000PEPEUSDT,rr_4x_trail_20,0.65,38,0,21,0.4474,5.8206
1000PEPEUSDT,rr_3x_trail_15,0.65,115,0,88,0.2348,-0.0531
1000PEPEUSDT,sl_filter_trail,0.65,78,0,52,0.3333,-0.6379
1000PEPEUSDT,trail_20_from_30_sl_filter,0.65,32,0,19,0.4062,5.9309
1000PEPEUSDT,trail_20_from_30_full,0.65,31,0,20,0.3548,3.4264
1000PEPEUSDT,trail_15_from_30,0.65,118,0,100,0.1525,-5.4546
1000PEPEUSDT,trail_20_from_30_cooldown,0.65,30,0,17,0.4333,3.7828
1000PEPEUSDT,trail_15_from_30_tp95,0.65,36,0,21,0.4167,3.3448
1000PEPEUSDT,trail_15_from_30_cooldown,0.65,30,0,17,0.4333,4.5696
1000PEPEUSDT,trail_15_from_30_full,0.65,32,0,17,0.4688,4.4507
1000PEPEUSDT,db_clone_cooldown,0.65,28,0,15,0.4643,4.2817
1000PEPEUSDT,correction_w20_trail15_30,0.65,36,0,21,0.4167,3.3448
1000PEPEUSDT,db_full_clone,0.65,39,0,25,0.359,2.3518
1000PEPEUSDT,sl_adjust_rr_trail,0.65,76,0,56,0.2632,-2.7057
1000PEPEUSDT,sl_adjust_rr_tp95,0.65,50,0,23,0.54,7.9228
1000PEPEUSDT,max_profit_2pct,0.65,15,1,14,0.0667,-1.8717
1000PEPEUSDT,max_profit_2pct_trail,0.65,4,0,3,0.25,-0.2271
1000PEPEUSDT,max_profit_3pct_trail,0.65,5,0,4,0.2,-0.1884
1000PEPEUSDT,r5_tight,0.65,32,0,17,0.4688,4.4507
1000PEPEUSDT,r5_rr3,0.65,29,0,18,0.3793,5.0129
1000PEPEUSDT,r5_sl_filter,0.65,31,0,16,0.4839,6.7875
1000PEPEUSDT,r5_sl_adjust,0.65,32,0,19,0.4062,7.3726
1000PEPEUSDT,r5_tight_rr3,0.65,29,0,18,0.3793,5.0129
1000PEPEUSDT,r5_tight_sl,0.65,31,0,16,0.4839,6.7875
1000PEPEUSDT,r5_all_filters,0.65,27,0,17,0.3704,3.593
1000PEPEUSDT,r5_trail10,0.65,68,0,51,0.25,-3.1208
1000PEPEUSDT,r5_arm25,0.65,46,0,30,0.3478,-0.6983
1000PEPEUSDT,r5_arm20,0.65,74,0,39,0.473,6.5393
1000PEPEUSDT,r5_arm15_cooldown,0.65,86,0,40,0.5349,8.8668
1000PEPEUSDT,r6_arm15_rr4,0.65,27,0,13,0.5185,7.2636
1000PEPEUSDT,r6_arm15_maxp3_trail20,0.65,20,0,3,0.85,2.3626
1000PEPEUSDT,r6_arm15_full,0.65,4,0,4,0.0,-0.5047
1000PEPEUSDT,r7_arm20_maxp3_trail20,0.65,17,0,3,0.8235,2.3561
1000PEPEUSDT,r7_trail15_maxp3,0.65,19,0,4,0.7895,1.1479
1000PEPEUSDT,r7_trail20_maxp3,0.65,19,0,4,0.7895,0.8848
1000PEPEUSDT,r7_full_clone_cooldown,0.65,4,0,4,0.0,-0.5047
1000PEPEUSDT,r5_sl_adj_cooldown,0.65,42,0,16,0.619,8.7906
1000PEPEUSDT,r5_trail10_rr3,0.65,29,0,18,0.3793,5.6578
1000PEPEUSDT,full_clone_max_tp,0.65,4,0,4,0.0,-0.3861
1000PEPEUSDT,full_clone_sl_adjust,0.65,70,0,58,0.1714,-3.1771
1000PEPEUSDT,lh_sell_trail15,0.65,36,0,21,0.4167,3.3448
1000PEPEUSDT,lh_sell_prox15_trail15,0.65,36,0,21,0.4167,3.3448
1000PEPEUSDT,hl_buy_trail15,0.65,53,0,34,0.3585,0.7246
1000PEPEUSDT,hl_buy_prox15_trail15,0.65,41,0,23,0.439,2.2525
1000PEPEUSDT,pre_confirm_trail15,0.65,53,0,34,0.3585,0.7246
1000PEPEUSDT,pre_confirm_prox15_trail15,0.65,41,0,23,0.439,2.2525
1000PEPEUSDT,r8_btc_minsl_strict,0.65,23,0,12,0.4783,0.2636
1000PEPEUSDT,r8_sol_hlbuy_cooldown,0.65,85,0,68,0.2,-3.8625
1000PEPEUSDT,trail_15_from_30_act2_min1,0.65,97,4,84,0.134,-0.9647
1000PEPEUSDT,trail_15_from_30_act3_min1,0.65,64,5,56,0.125,5.5811
1000PEPEUSDT,trail_15_from_30_act5_min15,0.65,61,5,55,0.0984,4.1396
1000PEPEUSDT,trail_20_from_30_act2_min1,0.65,25,4,16,0.36,7.2222
1000PEPEUSDT,trail_20_from_30_act3_min1,0.65,22,5,13,0.4091,14.1078
1000PEPEUSDT,trail_20_from_30_act5_min15,0.65,19,6,13,0.3158,15.4619
1000PEPEUSDT,trail_15_from_15_act2_min1,0.65,30,4,21,0.3,7.0707
1000PEPEUSDT,trail_15_from_15_act3_min1,0.65,27,4,19,0.2963,7.4925
1000PEPEUSDT,trail_15_from_15_act5_min15,0.65,23,4,18,0.2174,7.6505
1000PEPEUSDT,trail_20_from_15_act2_min1,0.65,69,4,57,0.1739,1.9837
1000PEPEUSDT,trail_20_from_15_act3_min1,0.65,49,5,41,0.1633,7.792
1000PEPEUSDT,trail_20_from_15_act5_min15,0.65,53,5,47,0.1132,4.7876
1000PEPEUSDT,default,0.5,65,4,61,0.0615,2.8255
1000PEPEUSDT,loose_entry,0.5,56,4,52,0.0714,4.7433
1000PEPEUSDT,broad_zone,0.5,65,4,61,0.0615,2.8255
1000PEPEUSDT,low_rr,0.5,56,4,52,0.0714,4.7433
1000PEPEUSDT,aggressive,0.5,56,4,52,0.0714,4.7433
1000PEPEUSDT,partial_50,0.5,22,0,14,0.3636,3.7433
1000PEPEUSDT,partial_60,0.5,31,1,24,0.2258,1.071
1000PEPEUSDT,partial_70,0.5,27,2,21,0.2222,5.6635
1000PEPEUSDT,partial_tight,0.5,28,0,22,0.2143,1.8536
1000PEPEUSDT,partial_high_rr,0.5,21,0,15,0.2857,2.9784
1000PEPEUSDT,partial_conservative,0.5,21,0,14,0.3333,4.2498
1000PEPEUSDT,trail_20_from_15,0.5,158,0,116,0.2658,-3.4631
1000PEPEUSDT,trail_15_from_15,0.5,73,0,31,0.5753,10.7859
1000PEPEUSDT,trail_15_from_15_d1,0.5,85,0,40,0.5294,7.7165
1000PEPEUSDT,trail_25_from_15,0.5,103,0,61,0.4078,1.1572
1000PEPEUSDT,db_layer_0,0.5,30,0,15,0.5,6.1596
1000PEPEUSDT,db_layer_1,0.5,103,0,80,0.2233,-0.7769
1000PEPEUSDT,db_layer_3,0.5,61,0,44,0.2787,1.269
1000PEPEUSDT,rr_4x_trail_20,0.5,30,0,15,0.5,6.1596
1000PEPEUSDT,rr_3x_trail_15,0.5,103,0,80,0.2233,-0.7769
1000PEPEUSDT,sl_filter_trail,0.5,69,0,47,0.3188,-1.4953
1000PEPEUSDT,trail_20_from_30_sl_filter,0.5,26,0,15,0.4231,4.2401
1000PEPEUSDT,trail_20_from_30_full,0.5,25,0,16,0.36,1.7355
1000PEPEUSDT,trail_15_from_30,0.5,106,0,90,0.1509,-5.7867
1000PEPEUSDT,trail_20_from_30_cooldown,0.5,26,0,14,0.4615,4.5015
1000PEPEUSDT,trail_15_from_30_tp95,0.5,29,0,15,0.4828,3.988
1000PEPEUSDT,trail_15_from_30_cooldown,0.5,26,0,14,0.4615,5.1949
1000PEPEUSDT,trail_15_from_30_full,0.5,28,0,14,0.5,4.7301
1000PEPEUSDT,db_clone_cooldown,0.5,23,0,12,0.4783,4.1951
1000PEPEUSDT,correction_w20_trail15_30,0.5,29,0,15,0.4828,3.988
1000PEPEUSDT,db_full_clone,0.5,33,0,21,0.3636,2.4595
1000PEPEUSDT,sl_adjust_rr_trail,0.5,69,0,50,0.2754,-2.1263
1000PEPEUSDT,sl_adjust_rr_tp95,0.5,40,0,17,0.575,7.5682
1000PEPEUSDT,max_profit_2pct,0.5,15,1,14,0.0667,-1.8717
1000PEPEUSDT,max_profit_2pct_trail,0.5,4,0,3,0.25,-0.2271
1000PEPEUSDT,max_profit_3pct_trail,0.5,5,0,4,0.2,-0.1884
1000PEPEUSDT,r5_tight,0.5,28,0,14,0.5,4.7301
1000PEPEUSDT,r5_rr3,0.5,24,0,14,0.4167,5.1123
1000PEPEUSDT,r5_sl_filter,0.5,26,0,13,0.5,4.7873
1000PEPEUSDT,r5_sl_adjust,0.5,27,0,16,0.4074,5.3724
1000PEPEUSDT,r5_tight_rr3,0.5,24,0,14,0.4167,5.1123
1000PEPEUSDT,r5_tight_sl,0.5,26,0,13,0.5,4.7873
1000PEPEUSDT,r5_all_filters,0.5,22,0,13,0.4091,3.6925
1000PEPEUSDT,r5_trail10,0.5,57,0,43,0.2456,-3.6306
1000PEPEUSDT,r5_arm25,0.5,42,0,25,0.4048,2.6994
1000PEPEUSDT,r5_arm20,0.5,63,0,32,0.4921,7.7449
1000PEPEUSDT,r5_arm15_cooldown,0.5,73,0,33,0.5479,8.7602
1000PEPEUSDT,r6_arm15_rr4,0.5,24,0,11,0.5417,7.5523
1000PEPEUSDT,r6_arm15_maxp3_trail20,0.5,18,0,3,0.8333,1.6691
1000PEPEUSDT,r6_arm15_full,0.5,4,0,4,0.0,-0.5047
1000PEPEUSDT,r7_arm20_maxp3_trail20,0.5,15,0,3,0.8,1.3505
1000PEPEUSDT,r7_trail15_maxp3,0.5,18,0,4,0.7778,0.8205
1000PEPEUSDT,r7_trail20_maxp3,0.5,18,0,4,0.7778,0.5814
1000PEPEUSDT,r7_full_clone_cooldown,0.5,4,0,4,0.0,-0.5047
1000PEPEUSDT,r5_sl_adj_cooldown,0.5,36,0,13,0.6389,8.6139
1000PEPEUSDT,r5_trail10_rr3,0.5,24,0,14,0.4167,5.6811
1000PEPEUSDT,full_clone_max_tp,0.5,4,0,4,0.0,-0.3861
1000PEPEUSDT,full_clone_sl_adjust,0.5,63,0,53,0.1587,-3.5107
1000PEPEUSDT,lh_sell_trail15,0.5,29,0,15,0.4828,3.988
1000PEPEUSDT,lh_sell_prox15_trail15,0.5,29,0,15,0.4828,3.988
1000PEPEUSDT,hl_buy_trail15,0.5,45,0,28,0.3778,0.8744
1000PEPEUSDT,hl_buy_prox15_trail15,0.5,34,0,17,0.5,2.8958
1000PEPEUSDT,pre_confirm_trail15,0.5,45,0,28,0.3778,0.8744
1000PEPEUSDT,pre_confirm_prox15_trail15,0.5,34,0,17,0.5,2.8958
1000PEPEUSDT,r8_btc_minsl_strict,0.5,20,0,11,0.45,-0.3947
1000PEPEUSDT,r8_sol_hlbuy_cooldown,0.5,80,0,64,0.2,-3.1254
1000PEPEUSDT,trail_15_from_30_act2_min1,0.5,90,3,79,0.1222,-3.3956
1000PEPEUSDT,trail_15_from_30_act3_min1,0.5,59,3,53,0.1017,-0.1338
1000PEPEUSDT,trail_15_from_30_act5_min15,0.5,58,4,53,0.0862,1.2834
1000PEPEUSDT,trail_20_from_30_act2_min1,0.5,21,3,14,0.3333,3.881
1000PEPEUSDT,trail_20_from_30_act3_min1,0.5,19,3,12,0.3684,8.3974
1000PEPEUSDT,trail_20_from_30_act5_min15,0.5,17,5,12,0.2941,12.7009
1000PEPEUSDT,trail_15_from_15_act2_min1,0.5,27,3,19,0.2963,4.6534
1000PEPEUSDT,trail_15_from_15_act3_min1,0.5,25,3,18,0.28,4.9652
1000PEPEUSDT,trail_15_from_15_act5_min15,0.5,22,4,17,0.2273,8.0725
1000PEPEUSDT,trail_20_from_15_act2_min1,0.5,64,3,54,0.1562,-0.7457
1000PEPEUSDT,trail_20_from_15_act3_min1,0.5,44,3,38,0.1364,2.3208
1000PEPEUSDT,trail_20_from_15_act5_min15,0.5,50,4,45,0.1,2.1751
1000PEPEUSDT,default,0.3,47,4,43,0.0851,8.5981
1000PEPEUSDT,loose_entry,0.3,48,4,44,0.0833,8.3517
1000PEPEUSDT,broad_zone,0.3,47,4,43,0.0851,8.5981
1000PEPEUSDT,low_rr,0.3,48,4,44,0.0833,8.3517
1000PEPEUSDT,aggressive,0.3,48,4,44,0.0833,8.3517
1000PEPEUSDT,partial_50,0.3,20,0,13,0.35,5.6408
1000PEPEUSDT,partial_60,0.3,26,1,20,0.2308,3.7204
1000PEPEUSDT,partial_70,0.3,23,2,18,0.2174,7.5891
1000PEPEUSDT,partial_tight,0.3,24,0,18,0.25,4.8205
1000PEPEUSDT,partial_high_rr,0.3,19,0,13,0.3158,4.8505
1000PEPEUSDT,partial_conservative,0.3,20,0,13,0.35,6.3718
1000PEPEUSDT,trail_20_from_15,0.3,121,0,86,0.2893,-0.9912
1000PEPEUSDT,trail_15_from_15,0.3,58,0,25,0.569,7.672
1000PEPEUSDT,trail_15_from_15_d1,0.3,68,0,32,0.5294,5.0186
1000PEPEUSDT,trail_25_from_15,0.3,82,0,49,0.4024,0.9435
1000PEPEUSDT,db_layer_0,0.3,26,0,14,0.4615,5.2175
1000PEPEUSDT,db_layer_1,0.3,79,0,62,0.2152,-1.5251
1000PEPEUSDT,db_layer_3,0.3,55,0,41,0.2545,0.127
1000PEPEUSDT,rr_4x_trail_20,0.3,26,0,14,0.4615,5.2175
1000PEPEUSDT,rr_3x_trail_15,0.3,79,0,62,0.2152,-1.5251
1000PEPEUSDT,sl_filter_trail,0.3,61,0,42,0.3115,-1.8315
1000PEPEUSDT,trail_20_from_30_sl_filter,0.3,23,0,14,0.3913,2.5228
1000PEPEUSDT,trail_20_from_30_full,0.3,22,0,15,0.3182,0.4147
1000PEPEUSDT,trail_15_from_30,0.3,76,0,62,0.1842,-0.5957
1000PEPEUSDT,trail_20_from_30_cooldown,0.3,23,0,12,0.4783,6.1261
1000PEPEUSDT,trail_15_from_30_tp95,0.3,26,0,13,0.5,5.4702
1000PEPEUSDT,trail_15_from_30_cooldown,0.3,23,0,12,0.4783,6.7032
1000PEPEUSDT,trail_15_from_30_full,0.3,25,0,12,0.52,6.2123
1000PEPEUSDT,db_clone_cooldown,0.3,20,0,12,0.4,2.7892
1000PEPEUSDT,correction_w20_trail15_30,0.3,26,0,13,0.5,5.4702
1000PEPEUSDT,db_full_clone,0.3,28,0,19,0.3214,1.4127
1000PEPEUSDT,sl_adjust_rr_trail,0.3,54,0,41,0.2407,-3.0556
1000PEPEUSDT,sl_adjust_rr_tp95,0.3,33,0,16,0.5152,5.3406
1000PEPEUSDT,max_profit_2pct,0.3,14,1,13,0.0714,-1.5983
1000PEPEUSDT,max_profit_2pct_trail,0.3,4,0,3,0.25,-0.2271
1000PEPEUSDT,max_profit_3pct_trail,0.3,5,0,4,0.2,-0.1884
1000PEPEUSDT,r5_tight,0.3,25,0,12,0.52,6.2123
1000PEPEUSDT,r5_rr3,0.3,21,0,13,0.381,3.4273
1000PEPEUSDT,r5_sl_filter,0.3,24,0,13,0.4583,3.2158
1000PEPEUSDT,r5_sl_adjust,0.3,23,0,15,0.3478,2.7783
1000PEPEUSDT,r5_tight_rr3,0.3,21,0,13,0.381,3.4273
1000PEPEUSDT,r5_tight_sl,0.3,24,0,13,0.4583,3.2158
1000PEPEUSDT,r5_all_filters,0.3,20,0,13,0.35,2.1209
1000PEPEUSDT,r5_trail10,0.3,43,0,31,0.2791,0.0344
1000PEPEUSDT,r5_arm25,0.3,32,0,19,0.4062,3.8034
1000PEPEUSDT,r5_arm20,0.3,50,0,25,0.5,5.371
1000PEPEUSDT,r5_arm15_cooldown,0.3,59,0,27,0.5424,5.9224
1000PEPEUSDT,r6_arm15_rr4,0.3,20,0,10,0.5,6.2789
1000PEPEUSDT,r6_arm15_maxp3_trail20,0.3,18,0,3,0.8333,1.6691
1000PEPEUSDT,r6_arm15_full,0.3,4,0,4,0.0,-0.5047
1000PEPEUSDT,r7_arm20_maxp3_trail20,0.3,15,0,3,0.8,1.3505
1000PEPEUSDT,r7_trail15_maxp3,0.3,17,0,4,0.7647,0.4125
1000PEPEUSDT,r7_trail20_maxp3,0.3,17,0,4,0.7647,0.2021
1000PEPEUSDT,r7_full_clone_cooldown,0.3,4,0,4,0.0,-0.5047
1000PEPEUSDT,r5_sl_adj_cooldown,0.3,29,0,12,0.5862,6.3863
1000PEPEUSDT,r5_trail10_rr3,0.3,21,0,13,0.381,3.8147
1000PEPEUSDT,full_clone_max_tp,0.3,4,0,4,0.0,-0.3861
1000PEPEUSDT,full_clone_sl_adjust,0.3,53,0,45,0.1509,-3.1195
1000PEPEUSDT,lh_sell_trail15,0.3,26,0,13,0.5,5.4702
1000PEPEUSDT,lh_sell_prox15_trail15,0.3,26,0,13,0.5,5.4702
1000PEPEUSDT,hl_buy_trail15,0.3,36,0,21,0.4167,2.8912
1000PEPEUSDT,hl_buy_prox15_trail15,0.3,31,0,15,0.5161,4.3779
1000PEPEUSDT,pre_confirm_trail15,0.3,36,0,21,0.4167,2.8912
1000PEPEUSDT,pre_confirm_prox15_trail15,0.3,31,0,15,0.5161,4.3779
1000PEPEUSDT,r8_btc_minsl_strict,0.3,20,0,11,0.45,-0.3947
1000PEPEUSDT,r8_sol_hlbuy_cooldown,0.3,62,0,46,0.2581,3.1173
1000PEPEUSDT,trail_15_from_30_act2_min1,0.3,61,3,53,0.1311,-1.9225
1000PEPEUSDT,trail_15_from_30_act3_min1,0.3,48,3,42,0.125,3.9637
1000PEPEUSDT,trail_15_from_30_act5_min15,0.3,47,4,42,0.1064,5.3809
1000PEPEUSDT,trail_20_from_30_act2_min1,0.3,20,3,13,0.35,4.9117
1000PEPEUSDT,trail_20_from_30_act3_min1,0.3,19,3,12,0.3684,7.6911
1000PEPEUSDT,trail_20_from_30_act5_min15,0.3,17,4,12,0.2941,9.5924
1000PEPEUSDT,trail_15_from_15_act2_min1,0.3,22,3,15,0.3182,3.6412
1000PEPEUSDT,trail_15_from_15_act3_min1,0.3,23,3,16,0.3043,6.8172
1000PEPEUSDT,trail_15_from_15_act5_min15,0.3,20,4,15,0.25,9.9125
1000PEPEUSDT,trail_20_from_15_act2_min1,0.3,47,3,39,0.1702,-0.0545
1000PEPEUSDT,trail_20_from_15_act3_min1,0.3,39,3,33,0.1538,4.9079
1000PEPEUSDT,trail_20_from_15_act5_min15,0.3,45,4,40,0.1111,4.7621
1000PEPEUSDT,default,0.1,29,2,27,0.069,2.3069
1000PEPEUSDT,loose_entry,0.1,29,2,27,0.069,2.3069
1000PEPEUSDT,broad_zone,0.1,29,2,27,0.069,2.3069
1000PEPEUSDT,low_rr,0.1,29,2,27,0.069,2.3069
1000PEPEUSDT,aggressive,0.1,29,2,27,0.069,2.3069
1000PEPEUSDT,partial_50,0.1,7,0,4,0.4286,4.7759
1000PEPEUSDT,partial_60,0.1,8,0,6,0.25,2.4169
1000PEPEUSDT,partial_70,0.1,8,1,6,0.25,4.4785
1000PEPEUSDT,partial_tight,0.1,8,0,6,0.25,2.7342
1000PEPEUSDT,partial_high_rr,0.1,7,0,5,0.2857,2.2502
1000PEPEUSDT,partial_conservative,0.1,7,0,4,0.4286,5.2292
1000PEPEUSDT,trail_20_from_15,0.1,66,0,47,0.2879,0.0081
1000PEPEUSDT,trail_15_from_15,0.1,31,0,12,0.6129,6.8413
1000PEPEUSDT,trail_15_from_15_d1,0.1,36,0,16,0.5556,4.0942
1000PEPEUSDT,trail_25_from_15,0.1,38,0,21,0.4474,1.7739
1000PEPEUSDT,db_layer_0,0.1,12,0,5,0.5833,4.9345
1000PEPEUSDT,db_layer_1,0.1,44,0,34,0.2273,-0.8406
1000PEPEUSDT,db_layer_3,0.1,23,0,16,0.3043,1.8594
1000PEPEUSDT,rr_4x_trail_20,0.1,12,0,5,0.5833,4.9345
1000PEPEUSDT,rr_3x_trail_15,0.1,44,0,34,0.2273,-0.8406
1000PEPEUSDT,sl_filter_trail,0.1,15,0,12,0.2,-0.4524
1000PEPEUSDT,trail_20_from_30_sl_filter,0.1,8,0,5,0.375,2.9548
1000PEPEUSDT,trail_20_from_30_full,0.1,8,0,5,0.375,2.2656
1000PEPEUSDT,trail_15_from_30,0.1,38,0,32,0.1579,0.8018
1000PEPEUSDT,trail_20_from_30_cooldown,0.1,9,0,4,0.5556,5.1949
1000PEPEUSDT,trail_15_from_30_tp95,0.1,9,0,4,0.5556,4.9588
1000PEPEUSDT,trail_15_from_30_cooldown,0.1,9,0,4,0.5556,5.522
1000PEPEUSDT,trail_15_from_30_full,0.1,9,0,4,0.5556,4.9588
1000PEPEUSDT,db_clone_cooldown,0.1,8,0,4,0.5,1.9619
1000PEPEUSDT,correction_w20_trail15_30,0.1,9,0,4,0.5556,4.9588
1000PEPEUSDT,db_full_clone,0.1,9,0,5,0.4444,1.4033
1000PEPEUSDT,sl_adjust_rr_trail,0.1,26,0,19,0.2692,0.2959
1000PEPEUSDT,sl_adjust_rr_tp95,0.1,16,0,6,0.625,5.1041
1000PEPEUSDT,max_profit_2pct,0.1,0,0,0,0.0,0
1000PEPEUSDT,max_profit_2pct_trail,0.1,0,0,0,0.0,0
1000PEPEUSDT,max_profit_3pct_trail,0.1,0,0,0,0.0,0
1000PEPEUSDT,r5_tight,0.1,9,0,4,0.5556,4.9588
1000PEPEUSDT,r5_rr3,0.1,9,0,5,0.4444,3.8898
1000PEPEUSDT,r5_sl_filter,0.1,8,0,5,0.375,2.5835
1000PEPEUSDT,r5_sl_adjust,0.1,9,0,5,0.4444,3.8898
1000PEPEUSDT,r5_tight_rr3,0.1,9,0,5,0.4444,3.8898
1000PEPEUSDT,r5_tight_sl,0.1,8,0,5,0.375,2.5835
1000PEPEUSDT,r5_all_filters,0.1,8,0,5,0.375,2.5835
1000PEPEUSDT,r5_trail10,0.1,21,0,16,0.2381,1.433
1000PEPEUSDT,r5_arm25,0.1,15,0,8,0.4667,4.7146
1000PEPEUSDT,r5_arm20,0.1,25,0,14,0.44,2.2131
1000PEPEUSDT,r5_arm15_cooldown,0.1,32,0,14,0.5625,4.7101
1000PEPEUSDT,r6_arm15_rr4,0.1,12,0,6,0.5,4.1643
1000PEPEUSDT,r6_arm15_maxp3_trail20,0.1,3,0,1,0.6667,0.0171
1000PEPEUSDT,r6_arm15_full,0.1,0,0,0,0.0,0
1000PEPEUSDT,r7_arm20_maxp3_trail20,0.1,2,0,1,0.5,-0.1193
1000PEPEUSDT,r7_trail15_maxp3,0.1,2,0,1,0.5,-1.1136
1000PEPEUSDT,r7_trail20_maxp3,0.1,2,0,1,0.5,-1.1311
1000PEPEUSDT,r7_full_clone_cooldown,0.1,0,0,0,0.0,0
1000PEPEUSDT,r5_sl_adj_cooldown,0.1,16,0,6,0.625,5.1041
1000PEPEUSDT,r5_trail10_rr3,0.1,9,0,5,0.4444,4.0964
1000PEPEUSDT,full_clone_max_tp,0.1,0,0,0,0.0,0
1000PEPEUSDT,full_clone_sl_adjust,0.1,19,0,17,0.1053,-1.7836
1000PEPEUSDT,lh_sell_trail15,0.1,9,0,4,0.5556,4.9588
1000PEPEUSDT,lh_sell_prox15_trail15,0.1,9,0,4,0.5556,4.9588
1000PEPEUSDT,hl_buy_trail15,0.1,17,0,9,0.4706,2.8504
1000PEPEUSDT,hl_buy_prox15_trail15,0.1,17,0,7,0.5882,3.5749
1000PEPEUSDT,pre_confirm_trail15,0.1,17,0,9,0.4706,2.8504
1000PEPEUSDT,pre_confirm_prox15_trail15,0.1,17,0,7,0.5882,3.5749
1000PEPEUSDT,r8_btc_minsl_strict,0.1,1,0,1,0.0,-0.2634
1000PEPEUSDT,r8_sol_hlbuy_cooldown,0.1,38,0,28,0.2632,3.2667
1000PEPEUSDT,trail_15_from_30_act2_min1,0.1,36,1,31,0.1389,-1.6507
1000PEPEUSDT,trail_15_from_30_act3_min1,0.1,23,1,20,0.1304,3.3544
1000PEPEUSDT,trail_15_from_30_act5_min15,0.1,23,2,21,0.087,2.7134
1000PEPEUSDT,trail_20_from_30_act2_min1,0.1,9,1,5,0.4444,4.5402
1000PEPEUSDT,trail_20_from_30_act3_min1,0.1,8,1,4,0.5,6.4439
1000PEPEUSDT,trail_20_from_30_act5_min15,0.1,7,2,5,0.2857,5.8156
1000PEPEUSDT,trail_15_from_15_act2_min1,0.1,9,1,5,0.4444,4.4351
1000PEPEUSDT,trail_15_from_15_act3_min1,0.1,10,1,6,0.4,6.7347
1000PEPEUSDT,trail_15_from_15_act5_min15,0.1,7,2,5,0.2857,6.8127
1000PEPEUSDT,trail_20_from_15_act2_min1,0.1,23,1,18,0.2174,0.9968
1000PEPEUSDT,trail_20_from_15_act3_min1,0.1,15,1,12,0.2,5.0782
1000PEPEUSDT,trail_20_from_15_act5_min15,0.1,15,2,13,0.1333,4.4373
WLDUSDT,default,1.0,9,1,8,0.1111,3.7276
WLDUSDT,loose_entry,1.0,13,1,12,0.0769,3.1909
WLDUSDT,broad_zone,1.0,12,1,11,0.0833,3.3278
WLDUSDT,low_rr,1.0,10,1,9,0.1,3.5906
WLDUSDT,aggressive,1.0,13,1,12,0.0769,3.1909
WLDUSDT,partial_50,1.0,3,0,2,0.3333,1.159
WLDUSDT,partial_60,1.0,3,0,2,0.3333,2.3383
WLDUSDT,partial_70,1.0,3,0,2,0.3333,2.9779
WLDUSDT,partial_tight,1.0,3,0,2,0.3333,2.8691
WLDUSDT,partial_high_rr,1.0,3,0,2,0.3333,2.9789
WLDUSDT,partial_conservative,1.0,3,0,2,0.3333,1.6013
WLDUSDT,trail_20_from_15,1.0,13,0,10,0.2308,0.1317
WLDUSDT,trail_15_from_15,1.0,6,0,4,0.3333,1.8354
WLDUSDT,trail_15_from_15_d1,1.0,7,0,5,0.2857,3.682
WLDUSDT,trail_25_from_15,1.0,8,0,6,0.25,-0.5013
WLDUSDT,db_layer_0,1.0,7,0,7,0.0,-2.3634
WLDUSDT,db_layer_1,1.0,11,0,11,0.0,-2.0232
WLDUSDT,db_layer_3,1.0,10,0,10,0.0,-1.6492
WLDUSDT,rr_4x_trail_20,1.0,5,0,5,0.0,-1.764
WLDUSDT,rr_3x_trail_15,1.0,8,0,8,0.0,-1.6234
WLDUSDT,sl_filter_trail,1.0,6,0,6,0.0,-1.0577
WLDUSDT,trail_20_from_30_sl_filter,1.0,4,0,4,0.0,-1.6442
WLDUSDT,trail_20_from_30_full,1.0,4,0,4,0.0,-1.6442
WLDUSDT,trail_15_from_30,1.0,9,0,8,0.1111,1.2824
WLDUSDT,trail_20_from_30_cooldown,1.0,3,0,2,0.3333,1.8339
WLDUSDT,trail_15_from_30_tp95,1.0,3,0,2,0.3333,2.3324
WLDUSDT,trail_15_from_30_cooldown,1.0,3,0,2,0.3333,2.076
WLDUSDT,trail_15_from_30_full,1.0,3,0,2,0.3333,2.3324
WLDUSDT,db_clone_cooldown,1.0,5,0,5,0.0,-1.8026
WLDUSDT,correction_w20_trail15_30,1.0,3,0,2,0.3333,2.3324
WLDUSDT,db_full_clone,1.0,6,0,6,0.0,-2.2436
WLDUSDT,sl_adjust_rr_trail,1.0,6,0,5,0.1667,-0.8444
WLDUSDT,sl_adjust_rr_tp95,1.0,6,0,5,0.1667,0.8803
WLDUSDT,max_profit_2pct,1.0,0,0,0,0.0,0
WLDUSDT,max_profit_2pct_trail,1.0,0,0,0,0.0,0
WLDUSDT,max_profit_3pct_trail,1.0,0,0,0,0.0,0
WLDUSDT,r5_tight,1.0,3,0,2,0.3333,2.3324
WLDUSDT,r5_rr3,1.0,5,0,4,0.2,4.0612
WLDUSDT,r5_sl_filter,1.0,3,0,3,0.0,-1.2032
WLDUSDT,r5_sl_adjust,1.0,5,0,4,0.2,4.0612
WLDUSDT,r5_tight_rr3,1.0,5,0,4,0.2,4.0612
WLDUSDT,r5_tight_sl,1.0,3,0,3,0.0,-1.2032
WLDUSDT,r5_all_filters,1.0,3,0,3,0.0,-1.2032
WLDUSDT,r5_trail10,1.0,5,0,4,0.2,3.0925
WLDUSDT,r5_arm25,1.0,4,0,2,0.5,3.6976
WLDUSDT,r5_arm20,1.0,5,0,3,0.4,3.6667
WLDUSDT,r5_arm15_cooldown,1.0,7,0,3,0.5714,4.3577
WLDUSDT,r6_arm15_rr4,1.0,3,0,3,0.0,-0.8014
WLDUSDT,r6_arm15_maxp3_trail20,1.0,0,0,0,0.0,0
WLDUSDT,r6_arm15_full,1.0,0,0,0,0.0,0
WLDUSDT,r7_arm20_maxp3_trail20,1.0,0,0,0,0.0,0
WLDUSDT,r7_trail15_maxp3,1.0,0,0,0,0.0,0
WLDUSDT,r7_trail20_maxp3,1.0,0,0,0,0.0,0
WLDUSDT,r7_full_clone_cooldown,1.0,2,0,2,0.0,-0.5515
WLDUSDT,r5_sl_adj_cooldown,1.0,4,0,3,0.25,1.9235
WLDUSDT,r5_trail10_rr3,1.0,5,0,4,0.2,4.3826
WLDUSDT,full_clone_max_tp,1.0,3,0,3,0.0,-0.3997
WLDUSDT,full_clone_sl_adjust,1.0,9,0,9,0.0,-1.2408
WLDUSDT,lh_sell_trail15,1.0,4,0,3,0.25,0.3499
WLDUSDT,lh_sell_prox15_trail15,1.0,5,0,4,0.2,-0.0898
WLDUSDT,hl_buy_trail15,1.0,4,0,3,0.25,-1.4494
WLDUSDT,hl_buy_prox15_trail15,1.0,5,0,4,0.2,-4.2466
WLDUSDT,pre_confirm_trail15,1.0,5,0,4,0.2,-2.8611
WLDUSDT,pre_confirm_prox15_trail15,1.0,6,0,5,0.1667,-6.2291
WLDUSDT,r8_btc_minsl_strict,1.0,0,0,0,0.0,0
WLDUSDT,r8_sol_hlbuy_cooldown,1.0,10,0,10,0.0,-4.0887
WLDUSDT,trail_15_from_30_act2_min1,1.0,9,0,8,0.1111,1.1924
WLDUSDT,trail_15_from_30_act3_min1,1.0,9,0,8,0.1111,1.1924
WLDUSDT,trail_15_from_30_act5_min15,1.0,9,0,8,0.1111,0.6922
WLDUSDT,trail_20_from_30_act2_min1,1.0,3,0,2,0.3333,1.8017
WLDUSDT,trail_20_from_30_act3_min1,1.0,3,0,2,0.3333,1.8017
WLDUSDT,trail_20_from_30_act5_min15,1.0,3,0,2,0.3333,2.1143
WLDUSDT,trail_15_from_15_act2_min1,1.0,4,0,3,0.25,-0.3828
WLDUSDT,trail_15_from_15_act3_min1,1.0,4,0,3,0.25,-0.3828
WLDUSDT,trail_15_from_15_act5_min15,1.0,4,0,3,0.25,2.1349
WLDUSDT,trail_20_from_15_act2_min1,1.0,7,0,6,0.1429,-1.613
WLDUSDT,trail_20_from_15_act3_min1,1.0,7,0,6,0.1429,-1.613
WLDUSDT,trail_20_from_15_act5_min15,1.0,7,0,6,0.1429,0.9047
WLDUSDT,default,0.8,9,1,8,0.1111,3.7276
WLDUSDT,loose_entry,0.8,13,1,12,0.0769,3.1909
WLDUSDT,broad_zone,0.8,12,1,11,0.0833,3.3278
WLDUSDT,low_rr,0.8,10,1,9,0.1,3.5906
WLDUSDT,aggressive,0.8,13,1,12,0.0769,3.1909
WLDUSDT,partial_50,0.8,3,0,2,0.3333,1.159
WLDUSDT,partial_60,0.8,3,0,2,0.3333,2.3383
WLDUSDT,partial_70,0.8,3,0,2,0.3333,2.9779
WLDUSDT,partial_tight,0.8,3,0,2,0.3333,2.8691
WLDUSDT,partial_high_rr,0.8,3,0,2,0.3333,2.9789
WLDUSDT,partial_conservative,0.8,3,0,2,0.3333,1.6013
WLDUSDT,trail_20_from_15,0.8,13,0,10,0.2308,0.1317
WLDUSDT,trail_15_from_15,0.8,6,0,4,0.3333,1.8354
WLDUSDT,trail_15_from_15_d1,0.8,7,0,5,0.2857,3.682
WLDUSDT,trail_25_from_15,0.8,8,0,6,0.25,-0.5013
WLDUSDT,db_layer_0,0.8,7,0,7,0.0,-2.3634
WLDUSDT,db_layer_1,0.8,11,0,11,0.0,-2.0232
WLDUSDT,db_layer_3,0.8,10,0,10,0.0,-1.6492
WLDUSDT,rr_4x_trail_20,0.8,5,0,5,0.0,-1.764
WLDUSDT,rr_3x_trail_15,0.8,8,0,8,0.0,-1.6234
WLDUSDT,sl_filter_trail,0.8,6,0,6,0.0,-1.0577
WLDUSDT,trail_20_from_30_sl_filter,0.8,4,0,4,0.0,-1.6442
WLDUSDT,trail_20_from_30_full,0.8,4,0,4,0.0,-1.6442
WLDUSDT,trail_15_from_30,0.8,9,0,8,0.1111,1.2824
WLDUSDT,trail_20_from_30_cooldown,0.8,3,0,2,0.3333,1.8339
WLDUSDT,trail_15_from_30_tp95,0.8,3,0,2,0.3333,2.3324
WLDUSDT,trail_15_from_30_cooldown,0.8,3,0,2,0.3333,2.076
WLDUSDT,trail_15_from_30_full,0.8,3,0,2,0.3333,2.3324
WLDUSDT,db_clone_cooldown,0.8,5,0,5,0.0,-1.8026
WLDUSDT,correction_w20_trail15_30,0.8,3,0,2,0.3333,2.3324
WLDUSDT,db_full_clone,0.8,6,0,6,0.0,-2.2436
WLDUSDT,sl_adjust_rr_trail,0.8,6,0,5,0.1667,-0.8444
WLDUSDT,sl_adjust_rr_tp95,0.8,6,0,5,0.1667,0.8803
WLDUSDT,max_profit_2pct,0.8,0,0,0,0.0,0
WLDUSDT,max_profit_2pct_trail,0.8,0,0,0,0.0,0
WLDUSDT,max_profit_3pct_trail,0.8,0,0,0,0.0,0
WLDUSDT,r5_tight,0.8,3,0,2,0.3333,2.3324
WLDUSDT,r5_rr3,0.8,5,0,4,0.2,4.0612
WLDUSDT,r5_sl_filter,0.8,3,0,3,0.0,-1.2032
WLDUSDT,r5_sl_adjust,0.8,5,0,4,0.2,4.0612
WLDUSDT,r5_tight_rr3,0.8,5,0,4,0.2,4.0612
WLDUSDT,r5_tight_sl,0.8,3,0,3,0.0,-1.2032
WLDUSDT,r5_all_filters,0.8,3,0,3,0.0,-1.2032
WLDUSDT,r5_trail10,0.8,5,0,4,0.2,3.0925
WLDUSDT,r5_arm25,0.8,4,0,2,0.5,3.6976
WLDUSDT,r5_arm20,0.8,5,0,3,0.4,3.6667
WLDUSDT,r5_arm15_cooldown,0.8,7,0,3,0.5714,4.3577
WLDUSDT,r6_arm15_rr4,0.8,3,0,3,0.0,-0.8014
WLDUSDT,r6_arm15_maxp3_trail20,0.8,0,0,0,0.0,0
WLDUSDT,r6_arm15_full,0.8,0,0,0,0.0,0
WLDUSDT,r7_arm20_maxp3_trail20,0.8,0,0,0,0.0,0
WLDUSDT,r7_trail15_maxp3,0.8,0,0,0,0.0,0
WLDUSDT,r7_trail20_maxp3,0.8,0,0,0,0.0,0
WLDUSDT,r7_full_clone_cooldown,0.8,2,0,2,0.0,-0.5515
WLDUSDT,r5_sl_adj_cooldown,0.8,4,0,3,0.25,1.9235
WLDUSDT,r5_trail10_rr3,0.8,5,0,4,0.2,4.3826
WLDUSDT,full_clone_max_tp,0.8,3,0,3,0.0,-0.3997
WLDUSDT,full_clone_sl_adjust,0.8,9,0,9,0.0,-1.2408
WLDUSDT,lh_sell_trail15,0.8,4,0,3,0.25,0.3499
WLDUSDT,lh_sell_prox15_trail15,0.8,5,0,4,0.2,-0.0898
WLDUSDT,hl_buy_trail15,0.8,4,0,3,0.25,-1.4494
WLDUSDT,hl_buy_prox15_trail15,0.8,5,0,4,0.2,-4.2466
WLDUSDT,pre_confirm_trail15,0.8,5,0,4,0.2,-2.8611
WLDUSDT,pre_confirm_prox15_trail15,0.8,6,0,5,0.1667,-6.2291
WLDUSDT,r8_btc_minsl_strict,0.8,0,0,0,0.0,0
WLDUSDT,r8_sol_hlbuy_cooldown,0.8,10,0,10,0.0,-4.0887
WLDUSDT,trail_15_from_30_act2_min1,0.8,9,0,8,0.1111,1.1924
WLDUSDT,trail_15_from_30_act3_min1,0.8,9,0,8,0.1111,1.1924
WLDUSDT,trail_15_from_30_act5_min15,0.8,9,0,8,0.1111,0.6922
WLDUSDT,trail_20_from_30_act2_min1,0.8,3,0,2,0.3333,1.8017
WLDUSDT,trail_20_from_30_act3_min1,0.8,3,0,2,0.3333,1.8017
WLDUSDT,trail_20_from_30_act5_min15,0.8,3,0,2,0.3333,2.1143
WLDUSDT,trail_15_from_15_act2_min1,0.8,4,0,3,0.25,-0.3828
WLDUSDT,trail_15_from_15_act3_min1,0.8,4,0,3,0.25,-0.3828
WLDUSDT,trail_15_from_15_act5_min15,0.8,4,0,3,0.25,2.1349
WLDUSDT,trail_20_from_15_act2_min1,0.8,7,0,6,0.1429,-1.613
WLDUSDT,trail_20_from_15_act3_min1,0.8,7,0,6,0.1429,-1.613
WLDUSDT,trail_20_from_15_act5_min15,0.8,7,0,6,0.1429,0.9047
WLDUSDT,default,0.65,9,1,8,0.1111,3.7276
WLDUSDT,loose_entry,0.65,13,1,12,0.0769,3.1909
WLDUSDT,broad_zone,0.65,12,1,11,0.0833,3.3278
WLDUSDT,low_rr,0.65,10,1,9,0.1,3.5906
WLDUSDT,aggressive,0.65,13,1,12,0.0769,3.1909
WLDUSDT,partial_50,0.65,3,0,2,0.3333,1.159
WLDUSDT,partial_60,0.65,3,0,2,0.3333,2.3383
WLDUSDT,partial_70,0.65,3,0,2,0.3333,2.9779
WLDUSDT,partial_tight,0.65,3,0,2,0.3333,2.8691
WLDUSDT,partial_high_rr,0.65,3,0,2,0.3333,2.9789
WLDUSDT,partial_conservative,0.65,3,0,2,0.3333,1.6013
WLDUSDT,trail_20_from_15,0.65,13,0,10,0.2308,0.1317
WLDUSDT,trail_15_from_15,0.65,6,0,4,0.3333,1.8354
WLDUSDT,trail_15_from_15_d1,0.65,7,0,5,0.2857,3.682
WLDUSDT,trail_25_from_15,0.65,8,0,6,0.25,-0.5013
WLDUSDT,db_layer_0,0.65,7,0,7,0.0,-2.3634
WLDUSDT,db_layer_1,0.65,11,0,11,0.0,-2.0232
WLDUSDT,db_layer_3,0.65,10,0,10,0.0,-1.6492
WLDUSDT,rr_4x_trail_20,0.65,5,0,5,0.0,-1.764
WLDUSDT,rr_3x_trail_15,0.65,8,0,8,0.0,-1.6234
WLDUSDT,sl_filter_trail,0.65,6,0,6,0.0,-1.0577
WLDUSDT,trail_20_from_30_sl_filter,0.65,4,0,4,0.0,-1.6442
WLDUSDT,trail_20_from_30_full,0.65,4,0,4,0.0,-1.6442
WLDUSDT,trail_15_from_30,0.65,9,0,8,0.1111,1.2824
WLDUSDT,trail_20_from_30_cooldown,0.65,3,0,2,0.3333,1.8339
WLDUSDT,trail_15_from_30_tp95,0.65,3,0,2,0.3333,2.3324
WLDUSDT,trail_15_from_30_cooldown,0.65,3,0,2,0.3333,2.076
WLDUSDT,trail_15_from_30_full,0.65,3,0,2,0.3333,2.3324
WLDUSDT,db_clone_cooldown,0.65,5,0,5,0.0,-1.8026
WLDUSDT,correction_w20_trail15_30,0.65,3,0,2,0.3333,2.3324
WLDUSDT,db_full_clone,0.65,6,0,6,0.0,-2.2436
WLDUSDT,sl_adjust_rr_trail,0.65,6,0,5,0.1667,-0.8444
WLDUSDT,sl_adjust_rr_tp95,0.65,6,0,5,0.1667,0.8803
WLDUSDT,max_profit_2pct,0.65,0,0,0,0.0,0
WLDUSDT,max_profit_2pct_trail,0.65,0,0,0,0.0,0
WLDUSDT,max_profit_3pct_trail,0.65,0,0,0,0.0,0
WLDUSDT,r5_tight,0.65,3,0,2,0.3333,2.3324
WLDUSDT,r5_rr3,0.65,5,0,4,0.2,4.0612
WLDUSDT,r5_sl_filter,0.65,3,0,3,0.0,-1.2032
WLDUSDT,r5_sl_adjust,0.65,5,0,4,0.2,4.0612
WLDUSDT,r5_tight_rr3,0.65,5,0,4,0.2,4.0612
WLDUSDT,r5_tight_sl,0.65,3,0,3,0.0,-1.2032
WLDUSDT,r5_all_filters,0.65,3,0,3,0.0,-1.2032
WLDUSDT,r5_trail10,0.65,5,0,4,0.2,3.0925
WLDUSDT,r5_arm25,0.65,4,0,2,0.5,3.6976
WLDUSDT,r5_arm20,0.65,5,0,3,0.4,3.6667
WLDUSDT,r5_arm15_cooldown,0.65,7,0,3,0.5714,4.3577
WLDUSDT,r6_arm15_rr4,0.65,3,0,3,0.0,-0.8014
WLDUSDT,r6_arm15_maxp3_trail20,0.65,0,0,0,0.0,0
WLDUSDT,r6_arm15_full,0.65,0,0,0,0.0,0
WLDUSDT,r7_arm20_maxp3_trail20,0.65,0,0,0,0.0,0
WLDUSDT,r7_trail15_maxp3,0.65,0,0,0,0.0,0
WLDUSDT,r7_trail20_maxp3,0.65,0,0,0,0.0,0
WLDUSDT,r7_full_clone_cooldown,0.65,2,0,2,0.0,-0.5515
WLDUSDT,r5_sl_adj_cooldown,0.65,4,0,3,0.25,1.9235
WLDUSDT,r5_trail10_rr3,0.65,5,0,4,0.2,4.3826
WLDUSDT,full_clone_max_tp,0.65,3,0,3,0.0,-0.3997
WLDUSDT,full_clone_sl_adjust,0.65,9,0,9,0.0,-1.2408
WLDUSDT,lh_sell_trail15,0.65,4,0,3,0.25,0.3499
WLDUSDT,lh_sell_prox15_trail15,0.65,5,0,4,0.2,-0.0898
WLDUSDT,hl_buy_trail15,0.65,4,0,3,0.25,-1.4494
WLDUSDT,hl_buy_prox15_trail15,0.65,5,0,4,0.2,-4.2466
WLDUSDT,pre_confirm_trail15,0.65,5,0,4,0.2,-2.8611
WLDUSDT,pre_confirm_prox15_trail15,0.65,6,0,5,0.1667,-6.2291
WLDUSDT,r8_btc_minsl_strict,0.65,0,0,0,0.0,0
WLDUSDT,r8_sol_hlbuy_cooldown,0.65,10,0,10,0.0,-4.0887
WLDUSDT,trail_15_from_30_act2_min1,0.65,9,0,8,0.1111,1.1924
WLDUSDT,trail_15_from_30_act3_min1,0.65,9,0,8,0.1111,1.1924
WLDUSDT,trail_15_from_30_act5_min15,0.65,9,0,8,0.1111,0.6922
WLDUSDT,trail_20_from_30_act2_min1,0.65,3,0,2,0.3333,1.8017
WLDUSDT,trail_20_from_30_act3_min1,0.65,3,0,2,0.3333,1.8017
WLDUSDT,trail_20_from_30_act5_min15,0.65,3,0,2,0.3333,2.1143
WLDUSDT,trail_15_from_15_act2_min1,0.65,4,0,3,0.25,-0.3828
WLDUSDT,trail_15_from_15_act3_min1,0.65,4,0,3,0.25,-0.3828
WLDUSDT,trail_15_from_15_act5_min15,0.65,4,0,3,0.25,2.1349
WLDUSDT,trail_20_from_15_act2_min1,0.65,7,0,6,0.1429,-1.613
WLDUSDT,trail_20_from_15_act3_min1,0.65,7,0,6,0.1429,-1.613
WLDUSDT,trail_20_from_15_act5_min15,0.65,7,0,6,0.1429,0.9047
WLDUSDT,default,0.5,6,1,5,0.1667,4.2391
WLDUSDT,loose_entry,0.5,10,1,9,0.1,3.7024
WLDUSDT,broad_zone,0.5,9,1,8,0.1111,3.8394
WLDUSDT,low_rr,0.5,7,1,6,0.1429,4.1022
WLDUSDT,aggressive,0.5,10,1,9,0.1,3.7024
WLDUSDT,partial_50,0.5,3,0,2,0.3333,1.4025
WLDUSDT,partial_60,0.5,3,0,2,0.3333,2.5088
WLDUSDT,partial_70,0.5,3,0,2,0.3333,3.1484
WLDUSDT,partial_tight,0.5,3,0,2,0.3333,3.0396
WLDUSDT,partial_high_rr,0.5,3,0,2,0.3333,2.9789
WLDUSDT,partial_conservative,0.5,3,0,2,0.3333,1.8448
WLDUSDT,trail_20_from_15,0.5,7,0,5,0.2857,0.9108
WLDUSDT,trail_15_from_15,0.5,4,0,2,0.5,2.3496
WLDUSDT,trail_15_from_15_d1,0.5,4,0,2,0.5,4.3042
WLDUSDT,trail_25_from_15,0.5,4,0,2,0.5,0.9918
WLDUSDT,db_layer_0,0.5,3,0,3,0.0,-0.7192
WLDUSDT,db_layer_1,0.5,5,0,5,0.0,-1.1821
WLDUSDT,db_layer_3,0.5,4,0,4,0.0,-0.5915
WLDUSDT,rr_4x_trail_20,0.5,1,0,1,0.0,-0.1198
WLDUSDT,rr_3x_trail_15,0.5,2,0,2,0.0,-0.7824
WLDUSDT,sl_filter_trail,0.5,0,0,0,0.0,0
WLDUSDT,trail_20_from_30_sl_filter,0.5,0,0,0,0.0,0
WLDUSDT,trail_20_from_30_full,0.5,0,0,0,0.0,0
WLDUSDT,trail_15_from_30,0.5,6,0,5,0.1667,1.7939
WLDUSDT,trail_20_from_30_cooldown,0.5,3,0,2,0.3333,2.0774
WLDUSDT,trail_15_from_30_tp95,0.5,3,0,2,0.3333,2.5759
WLDUSDT,trail_15_from_30_cooldown,0.5,3,0,2,0.3333,2.3195
WLDUSDT,trail_15_from_30_full,0.5,3,0,2,0.3333,2.5759
WLDUSDT,db_clone_cooldown,0.5,2,0,2,0.0,-0.5994
WLDUSDT,correction_w20_trail15_30,0.5,3,0,2,0.3333,2.5759
WLDUSDT,db_full_clone,0.5,2,0,2,0.0,-0.5994
WLDUSDT,sl_adjust_rr_trail,0.5,3,0,2,0.3333,-0.3837
WLDUSDT,sl_adjust_rr_tp95,0.5,2,0,1,0.5,2.5245
WLDUSDT,max_profit_2pct,0.5,0,0,0,0.0,0
WLDUSDT,max_profit_2pct_trail,0.5,0,0,0,0.0,0
WLDUSDT,max_profit_3pct_trail,0.5,0,0,0,0.0,0
WLDUSDT,r5_tight,0.5,3,0,2,0.3333,2.5759
WLDUSDT,r5_rr3,0.5,2,0,1,0.5,5.2644
WLDUSDT,r5_sl_filter,0.5,0,0,0,0.0,0
WLDUSDT,r5_sl_adjust,0.5,2,0,1,0.5,5.2644
WLDUSDT,r5_tight_rr3,0.5,2,0,1,0.5,5.2644
WLDUSDT,r5_tight_sl,0.5,0,0,0,0.0,0
WLDUSDT,r5_all_filters,0.5,0,0,0,0.0,0
WLDUSDT,r5_trail10,0.5,3,0,3,0.0,-2.4051
WLDUSDT,r5_arm25,0.5,3,0,1,0.6667,5.0589
WLDUSDT,r5_arm20,0.5,4,0,2,0.5,5.0043
WLDUSDT,r5_arm15_cooldown,0.5,4,0,2,0.5,2.1946
WLDUSDT,r6_arm15_rr4,0.5,1,0,1,0.0,-0.1198
WLDUSDT,r6_arm15_maxp3_trail20,0.5,0,0,0,0.0,0
WLDUSDT,r6_arm15_full,0.5,0,0,0,0.0,0
WLDUSDT,r7_arm20_maxp3_trail20,0.5,0,0,0,0.0,0
WLDUSDT,r7_trail15_maxp3,0.5,0,0,0,0.0,0
WLDUSDT,r7_trail20_maxp3,0.5,0,0,0,0.0,0
WLDUSDT,r7_full_clone_cooldown,0.5,2,0,2,0.0,-0.5515
WLDUSDT,r5_sl_adj_cooldown,0.5,2,0,1,0.5,2.5245
WLDUSDT,r5_trail10_rr3,0.5,2,0,1,0.5,5.5858
WLDUSDT,full_clone_max_tp,0.5,3,0,3,0.0,-0.3997
WLDUSDT,full_clone_sl_adjust,0.5,3,0,3,0.0,-0.3997
WLDUSDT,lh_sell_trail15,0.5,4,0,3,0.25,0.3499
WLDUSDT,lh_sell_prox15_trail15,0.5,5,0,4,0.2,-0.0898
WLDUSDT,hl_buy_trail15,0.5,4,0,3,0.25,-1.2789
WLDUSDT,hl_buy_prox15_trail15,0.5,5,0,4,0.2,-4.003
WLDUSDT,pre_confirm_trail15,0.5,5,0,4,0.2,-2.8611
WLDUSDT,pre_confirm_prox15_trail15,0.5,6,0,5,0.1667,-6.2291
WLDUSDT,r8_btc_minsl_strict,0.5,0,0,0,0.0,0
WLDUSDT,r8_sol_hlbuy_cooldown,0.5,9,0,8,0.1111,2.887
WLDUSDT,trail_15_from_30_act2_min1,0.5,6,0,5,0.1667,1.7039
WLDUSDT,trail_15_from_30_act3_min1,0.5,6,0,5,0.1667,1.7039
WLDUSDT,trail_15_from_30_act5_min15,0.5,6,0,5,0.1667,1.2037
WLDUSDT,trail_20_from_30_act2_min1,0.5,3,0,2,0.3333,2.0453
WLDUSDT,trail_20_from_30_act3_min1,0.5,3,0,2,0.3333,2.0453
WLDUSDT,trail_20_from_30_act5_min15,0.5,3,0,2,0.3333,2.3578
WLDUSDT,trail_15_from_15_act2_min1,0.5,4,0,3,0.25,-0.1392
WLDUSDT,trail_15_from_15_act3_min1,0.5,4,0,3,0.25,-0.1392
WLDUSDT,trail_15_from_15_act5_min15,0.5,4,0,3,0.25,2.3784
WLDUSDT,trail_20_from_15_act2_min1,0.5,7,0,6,0.1429,-1.3694
WLDUSDT,trail_20_from_15_act3_min1,0.5,7,0,6,0.1429,-1.3694
WLDUSDT,trail_20_from_15_act5_min15,0.5,7,0,6,0.1429,1.1482
WLDUSDT,default,0.3,5,1,4,0.2,4.698
WLDUSDT,loose_entry,0.3,8,1,7,0.125,4.2514
WLDUSDT,broad_zone,0.3,8,1,7,0.125,4.2983
WLDUSDT,low_rr,0.3,5,1,4,0.2,4.6511
WLDUSDT,aggressive,0.3,8,1,7,0.125,4.2514
WLDUSDT,partial_50,0.3,2,0,1,0.5,2.9983
WLDUSDT,partial_60,0.3,2,0,1,0.5,3.6498
WLDUSDT,partial_70,0.3,2,0,1,0.5,4.2894
WLDUSDT,partial_tight,0.3,2,0,1,0.5,4.1806
WLDUSDT,partial_high_rr,0.3,2,0,1,0.5,4.5746
WLDUSDT,partial_conservative,0.3,2,0,1,0.5,3.4406
WLDUSDT,trail_20_from_15,0.3,6,0,5,0.1667,0.5121
WLDUSDT,trail_15_from_15,0.3,3,0,2,0.3333,1.921
WLDUSDT,trail_15_from_15_d1,0.3,3,0,2,0.3333,3.8756
WLDUSDT,trail_25_from_15,0.3,3,0,2,0.3333,0.6231
WLDUSDT,db_layer_0,0.3,3,0,3,0.0,-0.7192
WLDUSDT,db_layer_1,0.3,5,0,5,0.0,-1.1821
WLDUSDT,db_layer_3,0.3,4,0,4,0.0,-0.5915
WLDUSDT,rr_4x_trail_20,0.3,1,0,1,0.0,-0.1198
WLDUSDT,rr_3x_trail_15,0.3,2,0,2,0.0,-0.7824
WLDUSDT,sl_filter_trail,0.3,0,0,0,0.0,0
WLDUSDT,trail_20_from_30_sl_filter,0.3,0,0,0,0.0,0
WLDUSDT,trail_20_from_30_full,0.3,0,0,0,0.0,0
WLDUSDT,trail_15_from_30,0.3,5,0,4,0.2,2.2528
WLDUSDT,trail_20_from_30_cooldown,0.3,2,0,1,0.5,3.6732
WLDUSDT,trail_15_from_30_tp95,0.3,2,0,1,0.5,4.1717
WLDUSDT,trail_15_from_30_cooldown,0.3,2,0,1,0.5,3.9153
WLDUSDT,trail_15_from_30_full,0.3,2,0,1,0.5,4.1717
WLDUSDT,db_clone_cooldown,0.3,2,0,2,0.0,-0.5994
WLDUSDT,correction_w20_trail15_30,0.3,2,0,1,0.5,4.1717
WLDUSDT,db_full_clone,0.3,2,0,2,0.0,-0.5994
WLDUSDT,sl_adjust_rr_trail,0.3,2,0,2,0.0,-0.7824
WLDUSDT,sl_adjust_rr_tp95,0.3,2,0,1,0.5,2.5245
WLDUSDT,max_profit_2pct,0.3,0,0,0,0.0,0
WLDUSDT,max_profit_2pct_trail,0.3,0,0,0,0.0,0
WLDUSDT,max_profit_3pct_trail,0.3,0,0,0,0.0,0
WLDUSDT,r5_tight,0.3,2,0,1,0.5,4.1717
WLDUSDT,r5_rr3,0.3,2,0,1,0.5,5.2644
WLDUSDT,r5_sl_filter,0.3,0,0,0,0.0,0
WLDUSDT,r5_sl_adjust,0.3,2,0,1,0.5,5.2644
WLDUSDT,r5_tight_rr3,0.3,2,0,1,0.5,5.2644
WLDUSDT,r5_tight_sl,0.3,0,0,0,0.0,0
WLDUSDT,r5_all_filters,0.3,0,0,0,0.0,0
WLDUSDT,r5_trail10,0.3,3,0,2,0.3333,4.1329
WLDUSDT,r5_arm25,0.3,2,0,1,0.5,4.1896
WLDUSDT,r5_arm20,0.3,3,0,2,0.3333,4.3383
WLDUSDT,r5_arm15_cooldown,0.3,3,0,2,0.3333,1.766
WLDUSDT,r6_arm15_rr4,0.3,1,0,1,0.0,-0.1198
WLDUSDT,r6_arm15_maxp3_trail20,0.3,0,0,0,0.0,0
WLDUSDT,r6_arm15_full,0.3,0,0,0,0.0,0
WLDUSDT,r7_arm20_maxp3_trail20,0.3,0,0,0,0.0,0
WLDUSDT,r7_trail15_maxp3,0.3,0,0,0,0.0,0
WLDUSDT,r7_trail20_maxp3,0.3,0,0,0,0.0,0
WLDUSDT,r7_full_clone_cooldown,0.3,2,0,2,0.0,-0.5515
WLDUSDT,r5_sl_adj_cooldown,0.3,2,0,1,0.5,2.5245
WLDUSDT,r5_trail10_rr3,0.3,2,0,1,0.5,5.5858
WLDUSDT,full_clone_max_tp,0.3,3,0,3,0.0,-0.3997
WLDUSDT,full_clone_sl_adjust,0.3,3,0,3,0.0,-0.3997
WLDUSDT,lh_sell_trail15,0.3,4,0,3,0.25,0.3499
WLDUSDT,lh_sell_prox15_trail15,0.3,5,0,4,0.2,-0.0898
WLDUSDT,hl_buy_trail15,0.3,3,0,2,0.3333,-0.1379
WLDUSDT,hl_buy_prox15_trail15,0.3,4,0,3,0.25,-2.4073
WLDUSDT,pre_confirm_trail15,0.3,5,0,4,0.2,-2.8611
WLDUSDT,pre_confirm_prox15_trail15,0.3,6,0,5,0.1667,-6.2291
WLDUSDT,r8_btc_minsl_strict,0.3,0,0,0,0.0,0
WLDUSDT,r8_sol_hlbuy_cooldown,0.3,8,0,8,0.0,-3.3303
WLDUSDT,trail_15_from_30_act2_min1,0.3,5,0,4,0.2,2.1628
WLDUSDT,trail_15_from_30_act3_min1,0.3,5,0,4,0.2,2.1628
WLDUSDT,trail_15_from_30_act5_min15,0.3,5,0,4,0.2,1.6626
WLDUSDT,trail_20_from_30_act2_min1,0.3,2,0,1,0.5,3.641
WLDUSDT,trail_20_from_30_act3_min1,0.3,2,0,1,0.5,3.641
WLDUSDT,trail_20_from_30_act5_min15,0.3,2,0,1,0.5,3.9536
WLDUSDT,trail_15_from_15_act2_min1,0.3,3,0,2,0.3333,1.4565
WLDUSDT,trail_15_from_15_act3_min1,0.3,3,0,2,0.3333,1.4565
WLDUSDT,trail_15_from_15_act5_min15,0.3,3,0,2,0.3333,3.9742
WLDUSDT,trail_20_from_15_act2_min1,0.3,6,0,5,0.1667,0.2263
WLDUSDT,trail_20_from_15_act3_min1,0.3,6,0,5,0.1667,0.2263
WLDUSDT,trail_20_from_15_act5_min15,0.3,6,0,5,0.1667,2.744
WLDUSDT,default,0.1,5,1,4,0.2,4.698
WLDUSDT,loose_entry,0.1,8,1,7,0.125,4.2514
WLDUSDT,broad_zone,0.1,8,1,7,0.125,4.2983
WLDUSDT,low_rr,0.1,5,1,4,0.2,4.6511
WLDUSDT,aggressive,0.1,8,1,7,0.125,4.2514
WLDUSDT,partial_50,0.1,2,0,1,0.5,2.9983
WLDUSDT,partial_60,0.1,2,0,1,0.5,3.6498
WLDUSDT,partial_70,0.1,2,0,1,0.5,4.2894
WLDUSDT,partial_tight,0.1,2,0,1,0.5,4.1806
WLDUSDT,partial_high_rr,0.1,2,0,1,0.5,4.5746
WLDUSDT,partial_conservative,0.1,2,0,1,0.5,3.4406
WLDUSDT,trail_20_from_15,0.1,6,0,5,0.1667,0.5121
WLDUSDT,trail_15_from_15,0.1,3,0,2,0.3333,1.921
WLDUSDT,trail_15_from_15_d1,0.1,3,0,2,0.3333,3.8756
WLDUSDT,trail_25_from_15,0.1,3,0,2,0.3333,0.6231
WLDUSDT,db_layer_0,0.1,3,0,3,0.0,-0.7192
WLDUSDT,db_layer_1,0.1,5,0,5,0.0,-1.1821
WLDUSDT,db_layer_3,0.1,4,0,4,0.0,-0.5915
WLDUSDT,rr_4x_trail_20,0.1,1,0,1,0.0,-0.1198
WLDUSDT,rr_3x_trail_15,0.1,2,0,2,0.0,-0.7824
WLDUSDT,sl_filter_trail,0.1,0,0,0,0.0,0
WLDUSDT,trail_20_from_30_sl_filter,0.1,0,0,0,0.0,0
WLDUSDT,trail_20_from_30_full,0.1,0,0,0,0.0,0
WLDUSDT,trail_15_from_30,0.1,5,0,4,0.2,2.2528
WLDUSDT,trail_20_from_30_cooldown,0.1,2,0,1,0.5,3.6732
WLDUSDT,trail_15_from_30_tp95,0.1,2,0,1,0.5,4.1717
WLDUSDT,trail_15_from_30_cooldown,0.1,2,0,1,0.5,3.9153
WLDUSDT,trail_15_from_30_full,0.1,2,0,1,0.5,4.1717
WLDUSDT,db_clone_cooldown,0.1,2,0,2,0.0,-0.5994
WLDUSDT,correction_w20_trail15_30,0.1,2,0,1,0.5,4.1717
WLDUSDT,db_full_clone,0.1,2,0,2,0.0,-0.5994
WLDUSDT,sl_adjust_rr_trail,0.1,2,0,2,0.0,-0.7824
WLDUSDT,sl_adjust_rr_tp95,0.1,2,0,1,0.5,2.5245
WLDUSDT,max_profit_2pct,0.1,0,0,0,0.0,0
WLDUSDT,max_profit_2pct_trail,0.1,0,0,0,0.0,0
WLDUSDT,max_profit_3pct_trail,0.1,0,0,0,0.0,0
WLDUSDT,r5_tight,0.1,2,0,1,0.5,4.1717
WLDUSDT,r5_rr3,0.1,2,0,1,0.5,5.2644
WLDUSDT,r5_sl_filter,0.1,0,0,0,0.0,0
WLDUSDT,r5_sl_adjust,0.1,2,0,1,0.5,5.2644
WLDUSDT,r5_tight_rr3,0.1,2,0,1,0.5,5.2644
WLDUSDT,r5_tight_sl,0.1,0,0,0,0.0,0
WLDUSDT,r5_all_filters,0.1,0,0,0,0.0,0
WLDUSDT,r5_trail10,0.1,3,0,2,0.3333,4.1329
WLDUSDT,r5_arm25,0.1,2,0,1,0.5,4.1896
WLDUSDT,r5_arm20,0.1,3,0,2,0.3333,4.3383
WLDUSDT,r5_arm15_cooldown,0.1,3,0,2,0.3333,1.766
WLDUSDT,r6_arm15_rr4,0.1,1,0,1,0.0,-0.1198
WLDUSDT,r6_arm15_maxp3_trail20,0.1,0,0,0,0.0,0
WLDUSDT,r6_arm15_full,0.1,0,0,0,0.0,0
WLDUSDT,r7_arm20_maxp3_trail20,0.1,0,0,0,0.0,0
WLDUSDT,r7_trail15_maxp3,0.1,0,0,0,0.0,0
WLDUSDT,r7_trail20_maxp3,0.1,0,0,0,0.0,0
WLDUSDT,r7_full_clone_cooldown,0.1,2,0,2,0.0,-0.5515
WLDUSDT,r5_sl_adj_cooldown,0.1,2,0,1,0.5,2.5245
WLDUSDT,r5_trail10_rr3,0.1,2,0,1,0.5,5.5858
WLDUSDT,full_clone_max_tp,0.1,3,0,3,0.0,-0.3997
WLDUSDT,full_clone_sl_adjust,0.1,3,0,3,0.0,-0.3997
WLDUSDT,lh_sell_trail15,0.1,4,0,3,0.25,0.3499
WLDUSDT,lh_sell_prox15_trail15,0.1,5,0,4,0.2,-0.0898
WLDUSDT,hl_buy_trail15,0.1,3,0,2,0.3333,-0.1379
WLDUSDT,hl_buy_prox15_trail15,0.1,4,0,3,0.25,-2.4073
WLDUSDT,pre_confirm_trail15,0.1,5,0,4,0.2,-2.8611
WLDUSDT,pre_confirm_prox15_trail15,0.1,6,0,5,0.1667,-6.2291
WLDUSDT,r8_btc_minsl_strict,0.1,0,0,0,0.0,0
WLDUSDT,r8_sol_hlbuy_cooldown,0.1,8,0,8,0.0,-3.3303
WLDUSDT,trail_15_from_30_act2_min1,0.1,5,0,4,0.2,2.1628
WLDUSDT,trail_15_from_30_act3_min1,0.1,5,0,4,0.2,2.1628
WLDUSDT,trail_15_from_30_act5_min15,0.1,5,0,4,0.2,1.6626
WLDUSDT,trail_20_from_30_act2_min1,0.1,2,0,1,0.5,3.641
WLDUSDT,trail_20_from_30_act3_min1,0.1,2,0,1,0.5,3.641
WLDUSDT,trail_20_from_30_act5_min15,0.1,2,0,1,0.5,3.9536
WLDUSDT,trail_15_from_15_act2_min1,0.1,3,0,2,0.3333,1.4565
WLDUSDT,trail_15_from_15_act3_min1,0.1,3,0,2,0.3333,1.4565
WLDUSDT,trail_15_from_15_act5_min15,0.1,3,0,2,0.3333,3.9742
WLDUSDT,trail_20_from_15_act2_min1,0.1,6,0,5,0.1667,0.2263
WLDUSDT,trail_20_from_15_act3_min1,0.1,6,0,5,0.1667,0.2263
WLDUSDT,trail_20_from_15_act5_min15,0.1,6,0,5,0.1667,2.744
MEMEUSDT,default,1.0,69,2,67,0.029,-14.4545
MEMEUSDT,loose_entry,1.0,73,2,71,0.0274,-16.0915
MEMEUSDT,broad_zone,1.0,69,2,67,0.029,-14.4545
MEMEUSDT,low_rr,1.0,73,2,71,0.0274,-16.0915
MEMEUSDT,aggressive,1.0,73,2,71,0.0274,-16.0915
MEMEUSDT,partial_50,1.0,34,0,21,0.3824,-3.9249
MEMEUSDT,partial_60,1.0,46,0,36,0.2174,-7.7432
MEMEUSDT,partial_70,1.0,44,0,37,0.1591,-10.3108
MEMEUSDT,partial_tight,1.0,43,0,33,0.2326,-2.2364
MEMEUSDT,partial_high_rr,1.0,25,0,19,0.24,-1.1016
MEMEUSDT,partial_conservative,1.0,31,0,21,0.3226,-2.9012
MEMEUSDT,trail_20_from_15,1.0,181,0,130,0.2818,-4.63
MEMEUSDT,trail_15_from_15,1.0,72,0,32,0.5556,4.9039
MEMEUSDT,trail_15_from_15_d1,1.0,82,0,36,0.561,7.9972
MEMEUSDT,trail_25_from_15,1.0,127,0,76,0.4016,-1.7737
MEMEUSDT,db_layer_0,1.0,50,0,31,0.38,-3.244
MEMEUSDT,db_layer_1,1.0,123,0,92,0.252,1.7761
MEMEUSDT,db_layer_3,1.0,72,0,53,0.2639,-0.7702
MEMEUSDT,rr_4x_trail_20,1.0,50,0,31,0.38,-3.244
MEMEUSDT,rr_3x_trail_15,1.0,123,0,92,0.252,1.7761
MEMEUSDT,sl_filter_trail,1.0,104,0,66,0.3654,-0.7216
MEMEUSDT,trail_20_from_30_sl_filter,1.0,56,0,34,0.3929,-3.2765
MEMEUSDT,trail_20_from_30_full,1.0,47,0,32,0.3191,-3.6791
MEMEUSDT,trail_15_from_30,1.0,144,0,115,0.2014,-4.5289
MEMEUSDT,trail_20_from_30_cooldown,1.0,48,0,24,0.5,-5.5386
MEMEUSDT,trail_15_from_30_tp95,1.0,56,1,27,0.5179,4.551
MEMEUSDT,trail_15_from_30_cooldown,1.0,48,0,24,0.5,-3.98
MEMEUSDT,trail_15_from_30_full,1.0,49,1,24,0.5102,0.2106
MEMEUSDT,db_clone_cooldown,1.0,39,0,25,0.359,-3.9137
MEMEUSDT,correction_w20_trail15_30,1.0,56,1,27,0.5179,4.551
MEMEUSDT,db_full_clone,1.0,50,0,33,0.34,-4.1544
MEMEUSDT,sl_adjust_rr_trail,1.0,68,0,49,0.2794,-0.0627
MEMEUSDT,sl_adjust_rr_tp95,1.0,65,1,30,0.5385,7.3657
MEMEUSDT,max_profit_2pct,1.0,15,0,15,0.0,-4.98
MEMEUSDT,max_profit_2pct_trail,1.0,2,0,2,0.0,-0.8
MEMEUSDT,max_profit_3pct_trail,1.0,29,0,24,0.1724,-2.1412
MEMEUSDT,r5_tight,1.0,49,1,24,0.5102,0.2106
MEMEUSDT,r5_rr3,1.0,41,1,26,0.3659,-2.427
MEMEUSDT,r5_sl_filter,1.0,49,0,28,0.4286,-4.2114
MEMEUSDT,r5_sl_adjust,1.0,42,1,26,0.381,-2.0943
MEMEUSDT,r5_tight_rr3,1.0,41,1,26,0.3659,-2.427
MEMEUSDT,r5_tight_sl,1.0,49,0,28,0.4286,-4.2114
MEMEUSDT,r5_all_filters,1.0,40,0,27,0.325,-4.8231
MEMEUSDT,r5_trail10,1.0,77,1,53,0.3117,-1.3556
MEMEUSDT,r5_arm25,1.0,55,1,29,0.4727,4.0896
MEMEUSDT,r5_arm20,1.0,60,1,28,0.5333,8.3253
MEMEUSDT,r5_arm15_cooldown,1.0,67,1,30,0.5522,6.9843
MEMEUSDT,r6_arm15_rr4,1.0,28,0,18,0.3571,-6.0405
MEMEUSDT,r6_arm15_maxp3_trail20,1.0,33,1,11,0.6667,1.9245
MEMEUSDT,r6_arm15_full,1.0,19,0,13,0.3158,-1.3383
MEMEUSDT,r7_arm20_maxp3_trail20,1.0,31,1,11,0.6452,1.6647
MEMEUSDT,r7_trail15_maxp3,1.0,49,0,17,0.6531,1.2298
MEMEUSDT,r7_trail20_maxp3,1.0,49,0,17,0.6531,0.159
MEMEUSDT,r7_full_clone_cooldown,1.0,19,0,13,0.3158,-1.3383
MEMEUSDT,r5_sl_adj_cooldown,1.0,51,1,20,0.6078,6.5749
MEMEUSDT,r5_trail10_rr3,1.0,41,1,26,0.3659,-1.6644
MEMEUSDT,full_clone_max_tp,1.0,30,0,25,0.1667,-2.2646
MEMEUSDT,full_clone_sl_adjust,1.0,81,0,66,0.1852,-3.481
MEMEUSDT,lh_sell_trail15,1.0,56,1,27,0.5179,4.551
MEMEUSDT,lh_sell_prox15_trail15,1.0,57,1,27,0.5263,5.3599
MEMEUSDT,hl_buy_trail15,1.0,75,1,42,0.44,12.986
MEMEUSDT,hl_buy_prox15_trail15,1.0,60,1,28,0.5333,12.847
MEMEUSDT,pre_confirm_trail15,1.0,75,1,42,0.44,12.986
MEMEUSDT,pre_confirm_prox15_trail15,1.0,61,1,28,0.541,13.6559
MEMEUSDT,r8_btc_minsl_strict,1.0,42,0,31,0.2619,-1.4152
MEMEUSDT,r8_sol_hlbuy_cooldown,1.0,89,1,65,0.2697,-7.3524
MEMEUSDT,trail_15_from_30_act2_min1,1.0,91,1,82,0.0989,-13.483
MEMEUSDT,trail_15_from_30_act3_min1,1.0,62,0,59,0.0484,-17.232
MEMEUSDT,trail_15_from_30_act5_min15,1.0,48,0,48,0.0,-18.9556
MEMEUSDT,trail_20_from_30_act2_min1,1.0,31,1,22,0.2903,-8.6916
MEMEUSDT,trail_20_from_30_act3_min1,1.0,22,0,17,0.2273,-7.4053
MEMEUSDT,trail_20_from_30_act5_min15,1.0,16,0,16,0.0,-15.3557
MEMEUSDT,trail_15_from_15_act2_min1,1.0,34,1,26,0.2353,-10.8332
MEMEUSDT,trail_15_from_15_act3_min1,1.0,23,0,19,0.1739,-11.0691
MEMEUSDT,trail_15_from_15_act5_min15,1.0,19,0,19,0.0,-16.9734
MEMEUSDT,trail_20_from_15_act2_min1,1.0,84,1,75,0.1071,-14.1001
MEMEUSDT,trail_20_from_15_act3_min1,1.0,53,0,48,0.0943,-8.6869
MEMEUSDT,trail_20_from_15_act5_min15,1.0,39,0,39,0.0,-16.8588
MEMEUSDT,default,0.8,69,2,67,0.029,-14.4545
MEMEUSDT,loose_entry,0.8,73,2,71,0.0274,-16.0915
MEMEUSDT,broad_zone,0.8,69,2,67,0.029,-14.4545
MEMEUSDT,low_rr,0.8,73,2,71,0.0274,-16.0915
MEMEUSDT,aggressive,0.8,73,2,71,0.0274,-16.0915
MEMEUSDT,partial_50,0.8,34,0,21,0.3824,-3.9249
MEMEUSDT,partial_60,0.8,46,0,36,0.2174,-7.4085
MEMEUSDT,partial_70,0.8,44,0,37,0.1591,-9.9761
MEMEUSDT,partial_tight,0.8,43,0,33,0.2326,-2.1245
MEMEUSDT,partial_high_rr,0.8,25,0,19,0.24,-1.1016
MEMEUSDT,partial_conservative,0.8,31,0,21,0.3226,-2.9012
MEMEUSDT,trail_20_from_15,0.8,172,0,123,0.2849,-3.3344
MEMEUSDT,trail_15_from_15,0.8,68,0,30,0.5588,4.9275
MEMEUSDT,trail_15_from_15_d1,0.8,78,0,34,0.5641,8.0208
MEMEUSDT,trail_25_from_15,0.8,120,0,71,0.4083,-0.2345
MEMEUSDT,db_layer_0,0.8,49,0,30,0.3878,-2.8452
MEMEUSDT,db_layer_1,0.8,122,0,91,0.2541,1.9359
MEMEUSDT,db_layer_3,0.8,71,0,52,0.2676,-0.5626
MEMEUSDT,rr_4x_trail_20,0.8,49,0,30,0.3878,-2.8452
MEMEUSDT,rr_3x_trail_15,0.8,122,0,91,0.2541,1.9359
MEMEUSDT,sl_filter_trail,0.8,97,0,62,0.3608,-0.0904
MEMEUSDT,trail_20_from_30_sl_filter,0.8,54,0,33,0.3889,-3.1471
MEMEUSDT,trail_20_from_30_full,0.8,46,0,31,0.3261,-3.2803
MEMEUSDT,trail_15_from_30,0.8,137,0,109,0.2044,-3.141
MEMEUSDT,trail_20_from_30_cooldown,0.8,48,0,24,0.5,-5.0605
MEMEUSDT,trail_15_from_30_tp95,0.8,56,1,27,0.5179,5.0292
MEMEUSDT,trail_15_from_30_cooldown,0.8,48,0,24,0.5,-3.5018
MEMEUSDT,trail_15_from_30_full,0.8,49,1,24,0.5102,0.6888
MEMEUSDT,db_clone_cooldown,0.8,39,0,24,0.3846,-2.0371
MEMEUSDT,correction_w20_trail15_30,0.8,56,1,27,0.5179,5.0292
MEMEUSDT,db_full_clone,0.8,49,0,32,0.3469,-3.7556
MEMEUSDT,sl_adjust_rr_trail,0.8,65,0,46,0.2923,0.6143
MEMEUSDT,sl_adjust_rr_tp95,0.8,64,1,29,0.5469,7.7645
MEMEUSDT,max_profit_2pct,0.8,13,0,13,0.0,-4.438
MEMEUSDT,max_profit_2pct_trail,0.8,1,0,1,0.0,-0.4012
MEMEUSDT,max_profit_3pct_trail,0.8,28,0,23,0.1786,-1.9815
MEMEUSDT,r5_tight,0.8,49,1,24,0.5102,0.6888
MEMEUSDT,r5_rr3,0.8,42,1,25,0.4048,1.3764
MEMEUSDT,r5_sl_filter,0.8,49,0,27,0.449,-0.7093
MEMEUSDT,r5_sl_adjust,0.8,43,1,25,0.4186,1.709
MEMEUSDT,r5_tight_rr3,0.8,42,1,25,0.4048,1.3764
MEMEUSDT,r5_tight_sl,0.8,49,0,27,0.449,-0.7093
MEMEUSDT,r5_all_filters,0.8,41,0,26,0.3659,-1.0197
MEMEUSDT,r5_trail10,0.8,72,1,49,0.3194,-0.0468
MEMEUSDT,r5_arm25,0.8,53,1,28,0.4717,3.6136
MEMEUSDT,r5_arm20,0.8,56,1,26,0.5357,8.4606
MEMEUSDT,r5_arm15_cooldown,0.8,63,1,28,0.5556,7.0079
MEMEUSDT,r6_arm15_rr4,0.8,27,0,17,0.3704,-5.6417
MEMEUSDT,r6_arm15_maxp3_trail20,0.8,29,1,9,0.6897,3.5728
MEMEUSDT,r6_arm15_full,0.8,18,0,12,0.3333,-1.0351
MEMEUSDT,r7_arm20_maxp3_trail20,0.8,27,1,9,0.6667,3.313
MEMEUSDT,r7_trail15_maxp3,0.8,45,0,15,0.6667,2.8304
MEMEUSDT,r7_trail20_maxp3,0.8,45,0,15,0.6667,1.8073
MEMEUSDT,r7_full_clone_cooldown,0.8,18,0,12,0.3333,-1.0351
MEMEUSDT,r5_sl_adj_cooldown,0.8,49,1,19,0.6122,5.8985
MEMEUSDT,r5_trail10_rr3,0.8,42,1,25,0.4048,2.3487
MEMEUSDT,full_clone_max_tp,0.8,29,0,24,0.1724,-2.1049
MEMEUSDT,full_clone_sl_adjust,0.8,80,0,65,0.1875,-3.3213
MEMEUSDT,lh_sell_trail15,0.8,56,1,27,0.5179,5.0292
MEMEUSDT,lh_sell_prox15_trail15,0.8,57,1,27,0.5263,5.838
MEMEUSDT,hl_buy_trail15,0.8,75,1,42,0.44,13.7721
MEMEUSDT,hl_buy_prox15_trail15,0.8,60,1,28,0.5333,13.3252
MEMEUSDT,pre_confirm_trail15,0.8,75,1,42,0.44,13.7721
MEMEUSDT,pre_confirm_prox15_trail15,0.8,61,1,28,0.541,14.1341
MEMEUSDT,r8_btc_minsl_strict,0.8,38,0,28,0.2632,-1.3179
MEMEUSDT,r8_sol_hlbuy_cooldown,0.8,82,1,59,0.2805,-2.8079
MEMEUSDT,trail_15_from_30_act2_min1,0.8,89,1,80,0.1011,-12.7261
MEMEUSDT,trail_15_from_30_act3_min1,0.8,62,0,59,0.0484,-17.232
MEMEUSDT,trail_15_from_30_act5_min15,0.8,48,0,48,0.0,-18.9556
MEMEUSDT,trail_20_from_30_act2_min1,0.8,31,1,22,0.2903,-8.6916
MEMEUSDT,trail_20_from_30_act3_min1,0.8,22,0,17,0.2273,-7.4053
MEMEUSDT,trail_20_from_30_act5_min15,0.8,16,0,16,0.0,-15.3557
MEMEUSDT,trail_15_from_15_act2_min1,0.8,34,1,26,0.2353,-10.8332
MEMEUSDT,trail_15_from_15_act3_min1,0.8,23,0,19,0.1739,-11.0691
MEMEUSDT,trail_15_from_15_act5_min15,0.8,19,0,19,0.0,-16.9734
MEMEUSDT,trail_20_from_15_act2_min1,0.8,82,1,73,0.1098,-13.3432
MEMEUSDT,trail_20_from_15_act3_min1,0.8,53,0,48,0.0943,-8.6869
MEMEUSDT,trail_20_from_15_act5_min15,0.8,39,0,39,0.0,-16.8588
MEMEUSDT,default,0.65,67,2,65,0.0299,-14.2141
MEMEUSDT,loose_entry,0.65,71,2,69,0.0282,-15.7655
MEMEUSDT,broad_zone,0.65,67,2,65,0.0299,-14.2141
MEMEUSDT,low_rr,0.65,71,2,69,0.0282,-15.7655
MEMEUSDT,aggressive,0.65,71,2,69,0.0282,-15.7655
MEMEUSDT,partial_50,0.65,31,0,20,0.3548,-4.0613
MEMEUSDT,partial_60,0.65,42,0,34,0.1905,-6.8254
MEMEUSDT,partial_70,0.65,40,0,34,0.15,-9.0118
MEMEUSDT,partial_tight,0.65,39,0,31,0.2051,-1.5414
MEMEUSDT,partial_high_rr,0.65,25,0,19,0.24,-1.1016
MEMEUSDT,partial_conservative,0.65,28,0,20,0.2857,-3.0375
MEMEUSDT,trail_20_from_15,0.65,158,0,116,0.2658,-3.7976
MEMEUSDT,trail_15_from_15,0.65,65,0,29,0.5538,6.8583
MEMEUSDT,trail_15_from_15_d1,0.65,73,0,31,0.5753,10.8804
MEMEUSDT,trail_25_from_15,0.65,110,0,66,0.4,0.4459
MEMEUSDT,db_layer_0,0.65,47,0,28,0.4043,-1.2213
MEMEUSDT,db_layer_1,0.65,108,0,84,0.2222,1.2697
MEMEUSDT,db_layer_3,0.65,68,0,50,0.2647,-0.6502
MEMEUSDT,rr_4x_trail_20,0.65,47,0,28,0.4043,-1.2213
MEMEUSDT,rr_3x_trail_15,0.65,108,0,84,0.2222,1.2697
MEMEUSDT,sl_filter_trail,0.65,87,0,57,0.3448,0.4522
MEMEUSDT,trail_20_from_30_sl_filter,0.65,50,0,31,0.38,-0.1512
MEMEUSDT,trail_20_from_30_full,0.65,42,0,29,0.3095,-0.2844
MEMEUSDT,trail_15_from_30,0.65,126,0,102,0.1905,-2.826
MEMEUSDT,trail_20_from_30_cooldown,0.65,45,0,23,0.4889,-2.3082
MEMEUSDT,trail_15_from_30_tp95,0.65,52,1,25,0.5192,8.0504
MEMEUSDT,trail_15_from_30_cooldown,0.65,45,0,23,0.4889,-0.7241
MEMEUSDT,trail_15_from_30_full,0.65,46,1,23,0.5,3.4664
MEMEUSDT,db_clone_cooldown,0.65,39,0,24,0.3846,-0.9004
MEMEUSDT,correction_w20_trail15_30,0.65,52,1,25,0.5192,8.0504
MEMEUSDT,db_full_clone,0.65,47,0,30,0.3617,-2.1317
MEMEUSDT,sl_adjust_rr_trail,0.65,57,0,43,0.2456,0.2232
MEMEUSDT,sl_adjust_rr_tp95,0.65,60,1,27,0.55,10.2782
MEMEUSDT,max_profit_2pct,0.65,11,0,11,0.0,-4.1493
MEMEUSDT,max_profit_2pct_trail,0.65,1,0,1,0.0,-0.4012
MEMEUSDT,max_profit_3pct_trail,0.65,28,0,23,0.1786,-1.9815
MEMEUSDT,r5_tight,0.65,46,1,23,0.5,3.4664
MEMEUSDT,r5_rr3,0.65,39,1,24,0.3846,4.1541
MEMEUSDT,r5_sl_filter,0.65,46,0,26,0.4348,2.0684
MEMEUSDT,r5_sl_adjust,0.65,40,1,24,0.4,4.4867
MEMEUSDT,r5_tight_rr3,0.65,39,1,24,0.3846,4.1541
MEMEUSDT,r5_tight_sl,0.65,46,0,26,0.4348,2.0684
MEMEUSDT,r5_all_filters,0.65,38,0,25,0.3421,1.7579
MEMEUSDT,r5_trail10,0.65,64,1,45,0.2969,0.3521
MEMEUSDT,r5_arm25,0.65,48,1,25,0.4792,6.6766
MEMEUSDT,r5_arm20,0.65,52,1,25,0.5192,9.917
MEMEUSDT,r5_arm15_cooldown,0.65,60,1,27,0.55,8.9387
MEMEUSDT,r6_arm15_rr4,0.65,27,0,17,0.3704,-4.505
MEMEUSDT,r6_arm15_maxp3_trail20,0.65,26,1,9,0.6538,3.0408
MEMEUSDT,r6_arm15_full,0.65,18,0,12,0.3333,-1.0351
MEMEUSDT,r7_arm20_maxp3_trail20,0.65,24,1,9,0.625,2.781
MEMEUSDT,r7_trail15_maxp3,0.65,42,0,15,0.6429,2.2501
MEMEUSDT,r7_trail20_maxp3,0.65,42,0,15,0.6429,1.2753
MEMEUSDT,r7_full_clone_cooldown,0.65,18,0,12,0.3333,-1.0351
MEMEUSDT,r5_sl_adj_cooldown,0.65,47,1,19,0.5957,7.925
MEMEUSDT,r5_trail10_rr3,0.65,39,1,24,0.3846,5.1517
MEMEUSDT,full_clone_max_tp,0.65,29,0,24,0.1724,-2.1049
MEMEUSDT,full_clone_sl_adjust,0.65,74,0,61,0.1757,-3.504
MEMEUSDT,lh_sell_trail15,0.65,52,1,25,0.5192,8.0504
MEMEUSDT,lh_sell_prox15_trail15,0.65,53,1,25,0.5283,8.8593
MEMEUSDT,hl_buy_trail15,0.65,72,1,39,0.4583,16.057
MEMEUSDT,hl_buy_prox15_trail15,0.65,59,1,26,0.5593,16.9267
MEMEUSDT,pre_confirm_trail15,0.65,72,1,39,0.4583,16.057
MEMEUSDT,pre_confirm_prox15_trail15,0.65,60,1,26,0.5667,17.7356
MEMEUSDT,r8_btc_minsl_strict,0.65,38,0,28,0.2632,-1.3179
MEMEUSDT,r8_sol_hlbuy_cooldown,0.65,79,1,55,0.3038,-0.1052
MEMEUSDT,trail_15_from_30_act2_min1,0.65,83,1,74,0.1084,-11.1123
MEMEUSDT,trail_15_from_30_act3_min1,0.65,60,0,57,0.05,-16.7503
MEMEUSDT,trail_15_from_30_act5_min15,0.65,46,0,46,0.0,-18.4739
MEMEUSDT,trail_20_from_30_act2_min1,0.65,28,1,19,0.3214,-6.9959
MEMEUSDT,trail_20_from_30_act3_min1,0.65,20,0,15,0.25,-6.9236
MEMEUSDT,trail_20_from_30_act5_min15,0.65,14,0,14,0.0,-14.874
MEMEUSDT,trail_15_from_15_act2_min1,0.65,32,1,24,0.25,-9.6722
MEMEUSDT,trail_15_from_15_act3_min1,0.65,21,0,17,0.1905,-10.5875
MEMEUSDT,trail_15_from_15_act5_min15,0.65,17,0,17,0.0,-16.4918
MEMEUSDT,trail_20_from_15_act2_min1,0.65,76,1,67,0.1184,-11.3625
MEMEUSDT,trail_20_from_15_act3_min1,0.65,51,0,46,0.098,-8.2052
MEMEUSDT,trail_20_from_15_act5_min15,0.65,37,0,37,0.0,-16.3771
MEMEUSDT,default,0.5,62,1,61,0.0161,-14.3416
MEMEUSDT,loose_entry,0.5,65,1,64,0.0154,-15.4595
MEMEUSDT,broad_zone,0.5,62,1,61,0.0161,-14.3416
MEMEUSDT,low_rr,0.5,65,1,64,0.0154,-15.4595
MEMEUSDT,aggressive,0.5,65,1,64,0.0154,-15.4595
MEMEUSDT,partial_50,0.5,29,0,20,0.3103,-5.0835
MEMEUSDT,partial_60,0.5,39,0,32,0.1795,-5.7523
MEMEUSDT,partial_70,0.5,37,0,32,0.1351,-8.3014
MEMEUSDT,partial_tight,0.5,37,0,29,0.2162,0.3391
MEMEUSDT,partial_high_rr,0.5,25,0,19,0.24,-1.1016
MEMEUSDT,partial_conservative,0.5,28,0,20,0.2857,-3.0375
MEMEUSDT,trail_20_from_15,0.5,140,0,105,0.25,-5.5206
MEMEUSDT,trail_15_from_15,0.5,55,0,27,0.5091,2.4692
MEMEUSDT,trail_15_from_15_d1,0.5,63,0,29,0.5397,6.4913
MEMEUSDT,trail_25_from_15,0.5,99,0,62,0.3737,-2.0494
MEMEUSDT,db_layer_0,0.5,42,0,25,0.4048,-2.0302
MEMEUSDT,db_layer_1,0.5,101,0,78,0.2277,1.5839
MEMEUSDT,db_layer_3,0.5,63,0,46,0.2698,-0.5123
MEMEUSDT,rr_4x_trail_20,0.5,42,0,25,0.4048,-2.0302
MEMEUSDT,rr_3x_trail_15,0.5,101,0,78,0.2277,1.5839
MEMEUSDT,sl_filter_trail,0.5,78,0,54,0.3077,-2.3095
MEMEUSDT,trail_20_from_30_sl_filter,0.5,42,0,28,0.3333,-2.6761
MEMEUSDT,trail_20_from_30_full,0.5,38,0,26,0.3158,-0.6515
MEMEUSDT,trail_15_from_30,0.5,113,0,93,0.177,-3.5818
MEMEUSDT,trail_20_from_30_cooldown,0.5,37,0,20,0.4595,-5.4545
MEMEUSDT,trail_15_from_30_tp95,0.5,45,1,22,0.5111,6.322
MEMEUSDT,trail_15_from_30_cooldown,0.5,37,0,20,0.4595,-4.1923
MEMEUSDT,trail_15_from_30_full,0.5,38,1,20,0.4737,-0.0017
MEMEUSDT,db_clone_cooldown,0.5,33,0,21,0.3636,-3.1871
MEMEUSDT,correction_w20_trail15_30,0.5,45,1,22,0.5111,6.322
MEMEUSDT,db_full_clone,0.5,42,0,27,0.3571,-2.9406
MEMEUSDT,sl_adjust_rr_trail,0.5,52,0,39,0.25,0.3341
MEMEUSDT,sl_adjust_rr_tp95,0.5,55,1,24,0.5636,9.4693
MEMEUSDT,max_profit_2pct,0.5,11,0,11,0.0,-4.1493
MEMEUSDT,max_profit_2pct_trail,0.5,1,0,1,0.0,-0.4012
MEMEUSDT,max_profit_3pct_trail,0.5,28,0,23,0.1786,-1.9815
MEMEUSDT,r5_tight,0.5,38,1,20,0.4737,-0.0017
MEMEUSDT,r5_rr3,0.5,35,1,21,0.4,3.7133
MEMEUSDT,r5_sl_filter,0.5,38,0,23,0.3947,-0.6952
MEMEUSDT,r5_sl_adjust,0.5,36,1,21,0.4167,4.046
MEMEUSDT,r5_tight_rr3,0.5,35,1,21,0.4,3.7133
MEMEUSDT,r5_tight_sl,0.5,38,0,23,0.3947,-0.6952
MEMEUSDT,r5_all_filters,0.5,34,0,22,0.3529,1.3172
MEMEUSDT,r5_trail10,0.5,57,1,41,0.2807,-0.8079
MEMEUSDT,r5_arm25,0.5,42,1,23,0.4524,4.7108
MEMEUSDT,r5_arm20,0.5,44,1,23,0.4773,7.1504
MEMEUSDT,r5_arm15_cooldown,0.5,51,1,25,0.5098,5.9875
MEMEUSDT,r6_arm15_rr4,0.5,23,0,15,0.3478,-5.6637
MEMEUSDT,r6_arm15_maxp3_trail20,0.5,20,1,9,0.55,0.4617
MEMEUSDT,r6_arm15_full,0.5,18,0,12,0.3333,-1.0351
MEMEUSDT,r7_arm20_maxp3_trail20,0.5,19,1,9,0.5263,0.5085
MEMEUSDT,r7_trail15_maxp3,0.5,37,0,15,0.5946,-0.2035
MEMEUSDT,r7_trail20_maxp3,0.5,37,0,15,0.5946,-0.9972
MEMEUSDT,r7_full_clone_cooldown,0.5,18,0,12,0.3333,-1.0351
MEMEUSDT,r5_sl_adj_cooldown,0.5,44,1,17,0.6136,7.9477
MEMEUSDT,r5_trail10_rr3,0.5,35,1,21,0.4,4.6373
MEMEUSDT,full_clone_max_tp,0.5,29,0,24,0.1724,-2.1049
MEMEUSDT,full_clone_sl_adjust,0.5,67,0,56,0.1642,-3.7542
MEMEUSDT,lh_sell_trail15,0.5,45,1,22,0.5111,6.322
MEMEUSDT,lh_sell_prox15_trail15,0.5,46,1,22,0.5217,7.1308
MEMEUSDT,hl_buy_trail15,0.5,65,1,36,0.4462,13.9197
MEMEUSDT,hl_buy_prox15_trail15,0.5,53,1,23,0.566,15.6405
MEMEUSDT,pre_confirm_trail15,0.5,65,1,36,0.4462,13.9197
MEMEUSDT,pre_confirm_prox15_trail15,0.5,54,1,23,0.5741,16.4494
MEMEUSDT,r8_btc_minsl_strict,0.5,33,0,27,0.1818,-3.2131
MEMEUSDT,r8_sol_hlbuy_cooldown,0.5,72,1,53,0.2639,-4.8292
MEMEUSDT,trail_15_from_30_act2_min1,0.5,83,1,75,0.0964,-13.3273
MEMEUSDT,trail_15_from_30_act3_min1,0.5,59,0,56,0.0508,-16.3615
MEMEUSDT,trail_15_from_30_act5_min15,0.5,45,0,45,0.0,-18.0852
MEMEUSDT,trail_20_from_30_act2_min1,0.5,28,1,20,0.2857,-10.286
MEMEUSDT,trail_20_from_30_act3_min1,0.5,20,0,15,0.25,-5.7047
MEMEUSDT,trail_20_from_30_act5_min15,0.5,14,0,14,0.0,-14.1645
MEMEUSDT,trail_15_from_15_act2_min1,0.5,31,1,25,0.1935,-13.4847
MEMEUSDT,trail_15_from_15_act3_min1,0.5,24,1,20,0.1667,-12.7078
MEMEUSDT,trail_15_from_15_act5_min15,0.5,17,0,17,0.0,-15.9952
MEMEUSDT,trail_20_from_15_act2_min1,0.5,76,1,68,0.1053,-13.5774
MEMEUSDT,trail_20_from_15_act3_min1,0.5,50,0,45,0.1,-7.307
MEMEUSDT,trail_20_from_15_act5_min15,0.5,36,0,36,0.0,-15.9884
MEMEUSDT,default,0.3,59,1,58,0.0169,-13.0653
MEMEUSDT,loose_entry,0.3,61,1,60,0.0164,-13.7946
MEMEUSDT,broad_zone,0.3,59,1,58,0.0169,-13.0653
MEMEUSDT,low_rr,0.3,61,1,60,0.0164,-13.7946
MEMEUSDT,aggressive,0.3,61,1,60,0.0164,-13.7946
MEMEUSDT,partial_50,0.3,21,0,16,0.2381,-2.2256
MEMEUSDT,partial_60,0.3,30,0,25,0.1667,-1.9716
MEMEUSDT,partial_70,0.3,30,0,26,0.1333,-4.4412
MEMEUSDT,partial_tight,0.3,30,0,24,0.2,0.2835
MEMEUSDT,partial_high_rr,0.3,20,0,16,0.2,-2.6229
MEMEUSDT,partial_conservative,0.3,21,0,16,0.2381,-2.2256
MEMEUSDT,trail_20_from_15,0.3,84,0,66,0.2143,-1.4074
MEMEUSDT,trail_15_from_15,0.3,32,0,17,0.4688,2.0794
MEMEUSDT,trail_15_from_15_d1,0.3,39,0,19,0.5128,4.6181
MEMEUSDT,trail_25_from_15,0.3,60,0,38,0.3667,1.7958
MEMEUSDT,db_layer_0,0.3,28,0,16,0.4286,-0.2816
MEMEUSDT,db_layer_1,0.3,67,0,51,0.2388,3.7707
MEMEUSDT,db_layer_3,0.3,41,0,29,0.2927,1.2159
MEMEUSDT,rr_4x_trail_20,0.3,28,0,16,0.4286,-0.2816
MEMEUSDT,rr_3x_trail_15,0.3,67,0,51,0.2388,3.7707
MEMEUSDT,sl_filter_trail,0.3,47,0,33,0.2979,-0.5137
MEMEUSDT,trail_20_from_30_sl_filter,0.3,27,0,18,0.3333,-1.2967
MEMEUSDT,trail_20_from_30_full,0.3,25,0,16,0.36,0.2869
MEMEUSDT,trail_15_from_30,0.3,73,0,62,0.1507,-2.373
MEMEUSDT,trail_20_from_30_cooldown,0.3,27,0,15,0.4444,0.3703
MEMEUSDT,trail_15_from_30_tp95,0.3,31,1,17,0.4516,4.9614
MEMEUSDT,trail_15_from_30_cooldown,0.3,27,0,15,0.4444,1.328
MEMEUSDT,trail_15_from_30_full,0.3,28,1,15,0.4643,4.0166
MEMEUSDT,db_clone_cooldown,0.3,22,0,14,0.3636,-2.1232
MEMEUSDT,correction_w20_trail15_30,0.3,31,1,17,0.4516,4.9614
MEMEUSDT,db_full_clone,0.3,27,0,17,0.3704,-1.3207
MEMEUSDT,sl_adjust_rr_trail,0.3,34,0,23,0.3235,4.0033
MEMEUSDT,sl_adjust_rr_tp95,0.3,38,1,16,0.5789,8.3017
MEMEUSDT,max_profit_2pct,0.3,5,0,5,0.0,-2.2179
MEMEUSDT,max_profit_2pct_trail,0.3,0,0,0,0.0,0
MEMEUSDT,max_profit_3pct_trail,0.3,18,0,15,0.1667,-1.1086
MEMEUSDT,r5_tight,0.3,28,1,15,0.4643,4.0166
MEMEUSDT,r5_rr3,0.3,25,1,14,0.44,4.5528
MEMEUSDT,r5_sl_filter,0.3,25,0,15,0.4,-0.0685
MEMEUSDT,r5_sl_adjust,0.3,25,1,14,0.44,4.5528
MEMEUSDT,r5_tight_rr3,0.3,25,1,14,0.44,4.5528
MEMEUSDT,r5_tight_sl,0.3,25,0,15,0.4,-0.0685
MEMEUSDT,r5_all_filters,0.3,23,0,14,0.3913,1.5703
MEMEUSDT,r5_trail10,0.3,38,1,26,0.3158,5.5178
MEMEUSDT,r5_arm25,0.3,28,1,17,0.3929,2.4343
MEMEUSDT,r5_arm20,0.3,29,1,16,0.4483,3.5182
MEMEUSDT,r5_arm15_cooldown,0.3,34,1,15,0.5588,6.5244
MEMEUSDT,r6_arm15_rr4,0.3,15,0,10,0.3333,-4.2242
MEMEUSDT,r6_arm15_maxp3_trail20,0.3,11,1,5,0.5455,1.6404
MEMEUSDT,r6_arm15_full,0.3,11,0,6,0.4545,0.4407
MEMEUSDT,r7_arm20_maxp3_trail20,0.3,10,1,5,0.5,1.1109
MEMEUSDT,r7_trail15_maxp3,0.3,16,0,6,0.625,1.461
MEMEUSDT,r7_trail20_maxp3,0.3,16,0,6,0.625,1.0517
MEMEUSDT,r7_full_clone_cooldown,0.3,11,0,6,0.4545,0.4407
MEMEUSDT,r5_sl_adj_cooldown,0.3,31,1,11,0.6452,6.5616
MEMEUSDT,r5_trail10_rr3,0.3,25,1,14,0.44,5.2723
MEMEUSDT,full_clone_max_tp,0.3,19,0,16,0.1579,-1.232
MEMEUSDT,full_clone_sl_adjust,0.3,46,0,39,0.1522,-2.5614
MEMEUSDT,lh_sell_trail15,0.3,31,1,17,0.4516,4.9614
MEMEUSDT,lh_sell_prox15_trail15,0.3,32,1,17,0.4688,5.7703
MEMEUSDT,hl_buy_trail15,0.3,47,1,27,0.4255,12.6261
MEMEUSDT,hl_buy_prox15_trail15,0.3,40,1,19,0.525,13.3958
MEMEUSDT,pre_confirm_trail15,0.3,47,1,27,0.4255,12.6261
MEMEUSDT,pre_confirm_prox15_trail15,0.3,41,1,19,0.5366,14.2046
MEMEUSDT,r8_btc_minsl_strict,0.3,21,0,17,0.1905,-1.2722
MEMEUSDT,r8_sol_hlbuy_cooldown,0.3,55,1,40,0.2727,-0.1174
MEMEUSDT,trail_15_from_30_act2_min1,0.3,63,1,56,0.1111,-4.0716
MEMEUSDT,trail_15_from_30_act3_min1,0.3,49,0,45,0.0816,-6.3202
MEMEUSDT,trail_15_from_30_act5_min15,0.3,43,0,43,0.0,-16.7529
MEMEUSDT,trail_20_from_30_act2_min1,0.3,23,1,16,0.3043,-2.6144
MEMEUSDT,trail_20_from_30_act3_min1,0.3,19,1,14,0.2632,-2.8563
MEMEUSDT,trail_20_from_30_act5_min15,0.3,14,0,14,0.0,-12.0279
MEMEUSDT,trail_15_from_15_act2_min1,0.3,23,1,17,0.2609,-2.5053
MEMEUSDT,trail_15_from_15_act3_min1,0.3,20,1,16,0.2,-4.6922
MEMEUSDT,trail_15_from_15_act5_min15,0.3,15,0,15,0.0,-12.887
MEMEUSDT,trail_20_from_15_act2_min1,0.3,55,1,48,0.1273,-2.7838
MEMEUSDT,trail_20_from_15_act3_min1,0.3,48,1,42,0.125,-0.1724
MEMEUSDT,trail_20_from_15_act5_min15,0.3,34,0,34,0.0,-14.6561
MEMEUSDT,default,0.1,22,1,21,0.0455,-1.8684
MEMEUSDT,loose_entry,0.1,22,1,21,0.0455,-1.8684
MEMEUSDT,broad_zone,0.1,22,1,21,0.0455,-1.8684
MEMEUSDT,low_rr,0.1,22,1,21,0.0455,-1.8684
MEMEUSDT,aggressive,0.1,22,1,21,0.0455,-1.8684
MEMEUSDT,partial_50,0.1,10,0,9,0.1,-2.8483
MEMEUSDT,partial_60,0.1,16,0,14,0.125,-0.5805
MEMEUSDT,partial_70,0.1,16,0,15,0.0625,-3.9941
MEMEUSDT,partial_tight,0.1,16,0,14,0.125,-0.5805
MEMEUSDT,partial_high_rr,0.1,10,0,9,0.1,-2.2951
MEMEUSDT,partial_conservative,0.1,10,0,9,0.1,-2.8483
MEMEUSDT,trail_20_from_15,0.1,30,0,25,0.1667,-2.2433
MEMEUSDT,trail_15_from_15,0.1,15,0,9,0.4,0.6099
MEMEUSDT,trail_15_from_15_d1,0.1,18,0,11,0.3889,0.9816
MEMEUSDT,trail_25_from_15,0.1,22,0,16,0.2727,-1.1159
MEMEUSDT,db_layer_0,0.1,14,0,9,0.3571,1.1483
MEMEUSDT,db_layer_1,0.1,24,0,19,0.2083,0.5473
MEMEUSDT,db_layer_3,0.1,18,0,14,0.2222,-0.2431
MEMEUSDT,rr_4x_trail_20,0.1,14,0,9,0.3571,1.1483
MEMEUSDT,rr_3x_trail_15,0.1,24,0,19,0.2083,0.5473
MEMEUSDT,sl_filter_trail,0.1,17,0,14,0.1765,-1.0538
MEMEUSDT,trail_20_from_30_sl_filter,0.1,12,0,9,0.25,1.0347
MEMEUSDT,trail_20_from_30_full,0.1,12,0,9,0.25,0.3872
MEMEUSDT,trail_15_from_30,0.1,26,0,23,0.1154,-2.4105
MEMEUSDT,trail_20_from_30_cooldown,0.1,13,0,8,0.3846,1.5732
MEMEUSDT,trail_15_from_30_tp95,0.1,14,0,9,0.3571,3.214
MEMEUSDT,trail_15_from_30_cooldown,0.1,13,0,8,0.3846,2.0387
MEMEUSDT,trail_15_from_30_full,0.1,13,0,8,0.3846,3.6096
MEMEUSDT,db_clone_cooldown,0.1,12,0,8,0.3333,0.7332
MEMEUSDT,correction_w20_trail15_30,0.1,14,0,9,0.3571,3.214
MEMEUSDT,db_full_clone,0.1,14,0,10,0.2857,0.2586
MEMEUSDT,sl_adjust_rr_trail,0.1,13,0,9,0.3077,1.1131
MEMEUSDT,sl_adjust_rr_tp95,0.1,15,0,9,0.4,2.0894
MEMEUSDT,max_profit_2pct,0.1,0,0,0,0.0,0
MEMEUSDT,max_profit_2pct_trail,0.1,0,0,0,0.0,0
MEMEUSDT,max_profit_3pct_trail,0.1,3,0,2,0.3333,0.2845
MEMEUSDT,r5_tight,0.1,13,0,8,0.3846,3.6096
MEMEUSDT,r5_rr3,0.1,12,0,8,0.3333,2.1882
MEMEUSDT,r5_sl_filter,0.1,11,0,8,0.2727,1.0476
MEMEUSDT,r5_sl_adjust,0.1,12,0,8,0.3333,2.1882
MEMEUSDT,r5_tight_rr3,0.1,12,0,8,0.3333,2.1882
MEMEUSDT,r5_tight_sl,0.1,11,0,8,0.2727,1.0476
MEMEUSDT,r5_all_filters,0.1,11,0,8,0.2727,1.0476
MEMEUSDT,r5_trail10,0.1,16,0,12,0.25,0.9264
MEMEUSDT,r5_arm25,0.1,13,0,9,0.3077,0.081
MEMEUSDT,r5_arm20,0.1,12,0,8,0.3333,1.4812
MEMEUSDT,r5_arm15_cooldown,0.1,14,0,8,0.4286,2.5154
MEMEUSDT,r6_arm15_rr4,0.1,8,0,5,0.375,-0.0946
MEMEUSDT,r6_arm15_maxp3_trail20,0.1,2,0,1,0.5,0.3243
MEMEUSDT,r6_arm15_full,0.1,3,0,2,0.3333,0.0668
MEMEUSDT,r7_arm20_maxp3_trail20,0.1,2,0,1,0.5,0.3243
MEMEUSDT,r7_trail15_maxp3,0.1,3,0,2,0.3333,-0.038
MEMEUSDT,r7_trail20_maxp3,0.1,3,0,2,0.3333,-0.0784
MEMEUSDT,r7_full_clone_cooldown,0.1,3,0,2,0.3333,0.0668
MEMEUSDT,r5_sl_adj_cooldown,0.1,11,0,5,0.5455,3.0022
MEMEUSDT,r5_trail10_rr3,0.1,12,0,8,0.3333,2.5248
MEMEUSDT,full_clone_max_tp,0.1,3,0,2,0.3333,0.2845
MEMEUSDT,full_clone_sl_adjust,0.1,22,0,19,0.1364,-1.4671
MEMEUSDT,lh_sell_trail15,0.1,14,0,9,0.3571,3.214
MEMEUSDT,lh_sell_prox15_trail15,0.1,15,0,9,0.4,4.0229
MEMEUSDT,hl_buy_trail15,0.1,27,0,16,0.4074,9.1312
MEMEUSDT,hl_buy_prox15_trail15,0.1,24,0,11,0.5417,12.2586
MEMEUSDT,pre_confirm_trail15,0.1,27,0,16,0.4074,9.1312
MEMEUSDT,pre_confirm_prox15_trail15,0.1,25,0,11,0.56,13.0674
MEMEUSDT,r8_btc_minsl_strict,0.1,2,0,1,0.5,0.4451
MEMEUSDT,r8_sol_hlbuy_cooldown,0.1,36,0,30,0.1667,-5.2348
MEMEUSDT,trail_15_from_30_act2_min1,0.1,24,1,22,0.0833,-2.6583
MEMEUSDT,trail_15_from_30_act3_min1,0.1,22,1,20,0.0909,-0.3955
MEMEUSDT,trail_15_from_30_act5_min15,0.1,22,1,21,0.0455,-3.1821
MEMEUSDT,trail_20_from_30_act2_min1,0.1,12,1,9,0.25,-0.4508
MEMEUSDT,trail_20_from_30_act3_min1,0.1,11,1,8,0.2727,2.513
MEMEUSDT,trail_20_from_30_act5_min15,0.1,8,0,8,0.0,-5.455
MEMEUSDT,trail_15_from_15_act2_min1,0.1,11,1,8,0.2727,0.9021
MEMEUSDT,trail_15_from_15_act3_min1,0.1,10,1,7,0.3,2.9102
MEMEUSDT,trail_15_from_15_act5_min15,0.1,8,0,8,0.0,-5.5209
MEMEUSDT,trail_20_from_15_act2_min1,0.1,22,1,20,0.0909,-3.2144
MEMEUSDT,trail_20_from_15_act3_min1,0.1,19,1,17,0.1053,-0.7519
MEMEUSDT,trail_20_from_15_act5_min15,0.1,19,1,18,0.0526,-3.5385
AVAXUSDT,default,1.0,64,2,62,0.0312,-7.9384
AVAXUSDT,loose_entry,1.0,68,4,64,0.0588,-6.1175
AVAXUSDT,broad_zone,1.0,64,2,62,0.0312,-7.9384
AVAXUSDT,low_rr,1.0,68,4,64,0.0588,-6.1175
AVAXUSDT,aggressive,1.0,68,4,64,0.0588,-6.1175
AVAXUSDT,partial_50,1.0,32,1,26,0.1875,-4.5051
AVAXUSDT,partial_60,1.0,41,2,36,0.122,-3.1292
AVAXUSDT,partial_70,1.0,36,2,34,0.0556,-6.9363
AVAXUSDT,partial_tight,1.0,40,2,35,0.125,-2.3628
AVAXUSDT,partial_high_rr,1.0,30,1,26,0.1333,-2.2702
AVAXUSDT,partial_conservative,1.0,31,1,25,0.1935,-3.4446
AVAXUSDT,trail_20_from_15,1.0,83,1,68,0.1807,-4.5482
AVAXUSDT,trail_15_from_15,1.0,30,1,20,0.3333,-2.6373
AVAXUSDT,trail_15_from_15_d1,1.0,36,1,24,0.3333,-1.252
AVAXUSDT,trail_25_from_15,1.0,63,1,49,0.2222,-3.1205
AVAXUSDT,db_layer_0,1.0,33,0,25,0.2424,-1.7511
AVAXUSDT,db_layer_1,1.0,65,0,55,0.1538,-2.623
AVAXUSDT,db_layer_3,1.0,47,0,39,0.1702,-1.2205
AVAXUSDT,rr_4x_trail_20,1.0,33,0,25,0.2424,-1.7511
AVAXUSDT,rr_3x_trail_15,1.0,65,0,55,0.1538,-2.623
AVAXUSDT,sl_filter_trail,1.0,57,1,42,0.2632,-0.2221
AVAXUSDT,trail_20_from_30_sl_filter,1.0,29,1,21,0.2759,-0.0659
AVAXUSDT,trail_20_from_30_full,1.0,27,0,21,0.2222,-0.4345
AVAXUSDT,trail_15_from_30,1.0,70,1,63,0.1,-4.674
AVAXUSDT,trail_20_from_30_cooldown,1.0,26,1,20,0.2308,-5.0521
AVAXUSDT,trail_15_from_30_tp95,1.0,33,1,25,0.2424,-2.7787
AVAXUSDT,trail_15_from_30_cooldown,1.0,26,1,20,0.2308,-4.7249
AVAXUSDT,trail_15_from_30_full,1.0,26,1,20,0.2308,-4.6637
AVAXUSDT,db_clone_cooldown,1.0,25,0,17,0.32,-0.3385
AVAXUSDT,correction_w20_trail15_30,1.0,33,1,25,0.2424,-2.7787
AVAXUSDT,db_full_clone,1.0,31,0,23,0.2581,-1.3281
AVAXUSDT,sl_adjust_rr_trail,1.0,34,0,28,0.1765,-2.4617
AVAXUSDT,sl_adjust_rr_tp95,1.0,36,0,25,0.3056,-2.0281
AVAXUSDT,max_profit_2pct,1.0,9,1,8,0.1111,-1.3242
AVAXUSDT,max_profit_2pct_trail,1.0,4,0,4,0.0,-0.6426
AVAXUSDT,max_profit_3pct_trail,1.0,16,0,11,0.3125,2.0733
AVAXUSDT,r5_tight,1.0,26,1,20,0.2308,-4.6637
AVAXUSDT,r5_rr3,1.0,24,0,20,0.1667,-2.4618
AVAXUSDT,r5_sl_filter,1.0,25,1,17,0.32,1.2653
AVAXUSDT,r5_sl_adjust,1.0,24,0,20,0.1667,-2.5933
AVAXUSDT,r5_tight_rr3,1.0,24,0,20,0.1667,-2.4618
AVAXUSDT,r5_tight_sl,1.0,25,1,17,0.32,1.2653
AVAXUSDT,r5_all_filters,1.0,23,0,17,0.2609,1.2692
AVAXUSDT,r5_trail10,1.0,37,1,32,0.1351,-2.7519
AVAXUSDT,r5_arm25,1.0,28,1,20,0.2857,-0.8559
AVAXUSDT,r5_arm20,1.0,27,1,18,0.3333,-1.3315
AVAXUSDT,r5_arm15_cooldown,1.0,28,1,18,0.3571,-2.1089
AVAXUSDT,r6_arm15_rr4,1.0,20,0,14,0.3,-1.2913
AVAXUSDT,r6_arm15_maxp3_trail20,1.0,15,1,7,0.5333,-1.9478
AVAXUSDT,r6_arm15_full,1.0,12,0,7,0.4167,1.7116
AVAXUSDT,r7_arm20_maxp3_trail20,1.0,14,1,7,0.5,-1.2543
AVAXUSDT,r7_trail15_maxp3,1.0,17,1,9,0.4706,-2.3499
AVAXUSDT,r7_trail20_maxp3,1.0,17,1,9,0.4706,-2.6564
AVAXUSDT,r7_full_clone_cooldown,1.0,12,0,7,0.4167,1.7116
AVAXUSDT,r5_sl_adj_cooldown,1.0,25,0,16,0.36,-2.0382
AVAXUSDT,r5_trail10_rr3,1.0,24,0,20,0.1667,-2.144
AVAXUSDT,full_clone_max_tp,1.0,17,0,12,0.2941,1.0923
AVAXUSDT,full_clone_sl_adjust,1.0,49,0,42,0.1429,-2.3113
AVAXUSDT,lh_sell_trail15,1.0,31,1,23,0.2581,-2.6914
AVAXUSDT,lh_sell_prox15_trail15,1.0,31,1,23,0.2581,-2.6914
AVAXUSDT,hl_buy_trail15,1.0,38,0,31,0.1842,-3.0931
AVAXUSDT,hl_buy_prox15_trail15,1.0,29,0,22,0.2414,-3.7309
AVAXUSDT,pre_confirm_trail15,1.0,36,0,29,0.1944,-3.0912
AVAXUSDT,pre_confirm_prox15_trail15,1.0,27,0,20,0.2593,-3.6437
AVAXUSDT,r8_btc_minsl_strict,1.0,21,1,13,0.381,1.8033
AVAXUSDT,r8_sol_hlbuy_cooldown,1.0,44,0,36,0.1818,-3.7171
AVAXUSDT,trail_15_from_30_act2_min1,1.0,55,1,53,0.0364,-8.3993
AVAXUSDT,trail_15_from_30_act3_min1,1.0,55,2,53,0.0364,-7.1685
AVAXUSDT,trail_15_from_30_act5_min15,1.0,55,2,53,0.0364,-7.1685
AVAXUSDT,trail_20_from_30_act2_min1,1.0,22,1,19,0.1364,-8.0587
AVAXUSDT,trail_20_from_30_act3_min1,1.0,22,2,20,0.0909,-8.1558
AVAXUSDT,trail_20_from_30_act5_min15,1.0,22,2,20,0.0909,-8.1558
AVAXUSDT,trail_15_from_15_act2_min1,1.0,23,1,20,0.1304,-5.9863
AVAXUSDT,trail_15_from_15_act3_min1,1.0,23,2,21,0.087,-6.0835
AVAXUSDT,trail_15_from_15_act5_min15,1.0,23,2,21,0.087,-6.0835
AVAXUSDT,trail_20_from_15_act2_min1,1.0,55,1,53,0.0364,-8.5493
AVAXUSDT,trail_20_from_15_act3_min1,1.0,55,2,53,0.0364,-7.3183
AVAXUSDT,trail_20_from_15_act5_min15,1.0,55,2,53,0.0364,-7.3183
AVAXUSDT,default,0.8,64,2,62,0.0312,-7.9384
AVAXUSDT,loose_entry,0.8,68,4,64,0.0588,-5.5548
AVAXUSDT,broad_zone,0.8,64,2,62,0.0312,-7.9384
AVAXUSDT,low_rr,0.8,68,4,64,0.0588,-5.5548
AVAXUSDT,aggressive,0.8,68,4,64,0.0588,-5.5548
AVAXUSDT,partial_50,0.8,32,1,26,0.1875,-4.5051
AVAXUSDT,partial_60,0.8,41,2,36,0.122,-3.1292
AVAXUSDT,partial_70,0.8,36,2,34,0.0556,-6.9363
AVAXUSDT,partial_tight,0.8,40,2,35,0.125,-2.3628
AVAXUSDT,partial_high_rr,0.8,30,1,26,0.1333,-2.2702
AVAXUSDT,partial_conservative,0.8,31,1,25,0.1935,-3.4446
AVAXUSDT,trail_20_from_15,0.8,83,1,68,0.1807,-4.5482
AVAXUSDT,trail_15_from_15,0.8,30,1,20,0.3333,-2.6373
AVAXUSDT,trail_15_from_15_d1,0.8,36,1,24,0.3333,-1.252
AVAXUSDT,trail_25_from_15,0.8,63,1,49,0.2222,-3.1205
AVAXUSDT,db_layer_0,0.8,33,0,25,0.2424,-1.7511
AVAXUSDT,db_layer_1,0.8,65,0,55,0.1538,-2.623
AVAXUSDT,db_layer_3,0.8,47,0,39,0.1702,-1.2205
AVAXUSDT,rr_4x_trail_20,0.8,33,0,25,0.2424,-1.7511
AVAXUSDT,rr_3x_trail_15,0.8,65,0,55,0.1538,-2.623
AVAXUSDT,sl_filter_trail,0.8,57,1,42,0.2632,-0.2221
AVAXUSDT,trail_20_from_30_sl_filter,0.8,29,1,21,0.2759,-0.0659
AVAXUSDT,trail_20_from_30_full,0.8,27,0,21,0.2222,-0.4345
AVAXUSDT,trail_15_from_30,0.8,70,1,63,0.1,-4.674
AVAXUSDT,trail_20_from_30_cooldown,0.8,26,1,20,0.2308,-5.0521
AVAXUSDT,trail_15_from_30_tp95,0.8,33,1,25,0.2424,-2.7787
AVAXUSDT,trail_15_from_30_cooldown,0.8,26,1,20,0.2308,-4.7249
AVAXUSDT,trail_15_from_30_full,0.8,26,1,20,0.2308,-4.6637
AVAXUSDT,db_clone_cooldown,0.8,25,0,17,0.32,-0.3385
AVAXUSDT,correction_w20_trail15_30,0.8,33,1,25,0.2424,-2.7787
AVAXUSDT,db_full_clone,0.8,31,0,23,0.2581,-1.3281
AVAXUSDT,sl_adjust_rr_trail,0.8,34,0,28,0.1765,-2.4617
AVAXUSDT,sl_adjust_rr_tp95,0.8,36,0,25,0.3056,-2.0281
AVAXUSDT,max_profit_2pct,0.8,9,1,8,0.1111,-1.3242
AVAXUSDT,max_profit_2pct_trail,0.8,4,0,4,0.0,-0.6426
AVAXUSDT,max_profit_3pct_trail,0.8,16,0,11,0.3125,2.0733
AVAXUSDT,r5_tight,0.8,26,1,20,0.2308,-4.6637
AVAXUSDT,r5_rr3,0.8,24,0,20,0.1667,-2.4618
AVAXUSDT,r5_sl_filter,0.8,25,1,17,0.32,1.2653
AVAXUSDT,r5_sl_adjust,0.8,24,0,20,0.1667,-2.5933
AVAXUSDT,r5_tight_rr3,0.8,24,0,20,0.1667,-2.4618
AVAXUSDT,r5_tight_sl,0.8,25,1,17,0.32,1.2653
AVAXUSDT,r5_all_filters,0.8,23,0,17,0.2609,1.2692
AVAXUSDT,r5_trail10,0.8,37,1,32,0.1351,-2.7519
AVAXUSDT,r5_arm25,0.8,28,1,20,0.2857,-0.8559
AVAXUSDT,r5_arm20,0.8,27,1,18,0.3333,-1.3315
AVAXUSDT,r5_arm15_cooldown,0.8,28,1,18,0.3571,-2.1089
AVAXUSDT,r6_arm15_rr4,0.8,20,0,14,0.3,-1.2913
AVAXUSDT,r6_arm15_maxp3_trail20,0.8,15,1,7,0.5333,-1.9478
AVAXUSDT,r6_arm15_full,0.8,12,0,7,0.4167,1.7116
AVAXUSDT,r7_arm20_maxp3_trail20,0.8,14,1,7,0.5,-1.2543
AVAXUSDT,r7_trail15_maxp3,0.8,17,1,9,0.4706,-2.3499
AVAXUSDT,r7_trail20_maxp3,0.8,17,1,9,0.4706,-2.6564
AVAXUSDT,r7_full_clone_cooldown,0.8,12,0,7,0.4167,1.7116
AVAXUSDT,r5_sl_adj_cooldown,0.8,25,0,16,0.36,-2.0382
AVAXUSDT,r5_trail10_rr3,0.8,24,0,20,0.1667,-2.144
AVAXUSDT,full_clone_max_tp,0.8,17,0,12,0.2941,1.0923
AVAXUSDT,full_clone_sl_adjust,0.8,49,0,42,0.1429,-2.3113
AVAXUSDT,lh_sell_trail15,0.8,31,1,23,0.2581,-2.6914
AVAXUSDT,lh_sell_prox15_trail15,0.8,31,1,23,0.2581,-2.6914
AVAXUSDT,hl_buy_trail15,0.8,38,0,31,0.1842,-3.0931
AVAXUSDT,hl_buy_prox15_trail15,0.8,29,0,22,0.2414,-3.7309
AVAXUSDT,pre_confirm_trail15,0.8,36,0,29,0.1944,-3.0912
AVAXUSDT,pre_confirm_prox15_trail15,0.8,27,0,20,0.2593,-3.6437
AVAXUSDT,r8_btc_minsl_strict,0.8,21,1,13,0.381,1.8033
AVAXUSDT,r8_sol_hlbuy_cooldown,0.8,44,0,36,0.1818,-3.7171
AVAXUSDT,trail_15_from_30_act2_min1,0.8,55,1,53,0.0364,-8.3993
AVAXUSDT,trail_15_from_30_act3_min1,0.8,55,2,53,0.0364,-7.1685
AVAXUSDT,trail_15_from_30_act5_min15,0.8,55,2,53,0.0364,-7.1685
AVAXUSDT,trail_20_from_30_act2_min1,0.8,22,1,19,0.1364,-8.0587
AVAXUSDT,trail_20_from_30_act3_min1,0.8,22,2,20,0.0909,-8.1558
AVAXUSDT,trail_20_from_30_act5_min15,0.8,22,2,20,0.0909,-8.1558
AVAXUSDT,trail_15_from_15_act2_min1,0.8,23,1,20,0.1304,-5.9863
AVAXUSDT,trail_15_from_15_act3_min1,0.8,23,2,21,0.087,-6.0835
AVAXUSDT,trail_15_from_15_act5_min15,0.8,23,2,21,0.087,-6.0835
AVAXUSDT,trail_20_from_15_act2_min1,0.8,55,1,53,0.0364,-8.5493
AVAXUSDT,trail_20_from_15_act3_min1,0.8,55,2,53,0.0364,-7.3183
AVAXUSDT,trail_20_from_15_act5_min15,0.8,55,2,53,0.0364,-7.3183
AVAXUSDT,default,0.65,64,2,62,0.0312,-7.9384
AVAXUSDT,loose_entry,0.65,68,4,64,0.0588,-5.5548
AVAXUSDT,broad_zone,0.65,64,2,62,0.0312,-7.9384
AVAXUSDT,low_rr,0.65,68,4,64,0.0588,-5.5548
AVAXUSDT,aggressive,0.65,68,4,64,0.0588,-5.5548
AVAXUSDT,partial_50,0.65,32,1,26,0.1875,-4.5051
AVAXUSDT,partial_60,0.65,41,2,36,0.122,-3.1292
AVAXUSDT,partial_70,0.65,36,2,34,0.0556,-6.9363
AVAXUSDT,partial_tight,0.65,40,2,35,0.125,-2.3628
AVAXUSDT,partial_high_rr,0.65,30,1,26,0.1333,-2.2702
AVAXUSDT,partial_conservative,0.65,31,1,25,0.1935,-3.4446
AVAXUSDT,trail_20_from_15,0.65,83,1,68,0.1807,-4.5482
AVAXUSDT,trail_15_from_15,0.65,30,1,20,0.3333,-2.6373
AVAXUSDT,trail_15_from_15_d1,0.65,36,1,24,0.3333,-1.252
AVAXUSDT,trail_25_from_15,0.65,62,1,49,0.2097,-3.4721
AVAXUSDT,db_layer_0,0.65,33,0,25,0.2424,-1.7511
AVAXUSDT,db_layer_1,0.65,65,0,55,0.1538,-2.623
AVAXUSDT,db_layer_3,0.65,47,0,39,0.1702,-1.2205
AVAXUSDT,rr_4x_trail_20,0.65,33,0,25,0.2424,-1.7511
AVAXUSDT,rr_3x_trail_15,0.65,65,0,55,0.1538,-2.623
AVAXUSDT,sl_filter_trail,0.65,57,1,42,0.2632,-0.2221
AVAXUSDT,trail_20_from_30_sl_filter,0.65,29,1,21,0.2759,-0.0659
AVAXUSDT,trail_20_from_30_full,0.65,27,0,21,0.2222,-0.4345
AVAXUSDT,trail_15_from_30,0.65,70,1,63,0.1,-4.674
AVAXUSDT,trail_20_from_30_cooldown,0.65,26,1,20,0.2308,-5.0521
AVAXUSDT,trail_15_from_30_tp95,0.65,33,1,25,0.2424,-2.7787
AVAXUSDT,trail_15_from_30_cooldown,0.65,26,1,20,0.2308,-4.7249
AVAXUSDT,trail_15_from_30_full,0.65,26,1,20,0.2308,-4.6637
AVAXUSDT,db_clone_cooldown,0.65,25,0,17,0.32,-0.3385
AVAXUSDT,correction_w20_trail15_30,0.65,33,1,25,0.2424,-2.7787
AVAXUSDT,db_full_clone,0.65,31,0,23,0.2581,-1.3281
AVAXUSDT,sl_adjust_rr_trail,0.65,34,0,28,0.1765,-2.4617
AVAXUSDT,sl_adjust_rr_tp95,0.65,36,0,25,0.3056,-2.0281
AVAXUSDT,max_profit_2pct,0.65,9,1,8,0.1111,-1.3242
AVAXUSDT,max_profit_2pct_trail,0.65,4,0,4,0.0,-0.6426
AVAXUSDT,max_profit_3pct_trail,0.65,16,0,11,0.3125,2.0733
AVAXUSDT,r5_tight,0.65,26,1,20,0.2308,-4.6637
AVAXUSDT,r5_rr3,0.65,24,0,20,0.1667,-2.4618
AVAXUSDT,r5_sl_filter,0.65,25,1,17,0.32,1.2653
AVAXUSDT,r5_sl_adjust,0.65,24,0,20,0.1667,-2.5933
AVAXUSDT,r5_tight_rr3,0.65,24,0,20,0.1667,-2.4618
AVAXUSDT,r5_tight_sl,0.65,25,1,17,0.32,1.2653
AVAXUSDT,r5_all_filters,0.65,23,0,17,0.2609,1.2692
AVAXUSDT,r5_trail10,0.65,37,1,32,0.1351,-2.7519
AVAXUSDT,r5_arm25,0.65,28,1,20,0.2857,-0.8559
AVAXUSDT,r5_arm20,0.65,27,1,18,0.3333,-1.3315
AVAXUSDT,r5_arm15_cooldown,0.65,28,1,18,0.3571,-2.1089
AVAXUSDT,r6_arm15_rr4,0.65,20,0,14,0.3,-1.2913
AVAXUSDT,r6_arm15_maxp3_trail20,0.65,15,1,7,0.5333,-1.9478
AVAXUSDT,r6_arm15_full,0.65,12,0,7,0.4167,1.7116
AVAXUSDT,r7_arm20_maxp3_trail20,0.65,14,1,7,0.5,-1.2543
AVAXUSDT,r7_trail15_maxp3,0.65,17,1,9,0.4706,-2.3499
AVAXUSDT,r7_trail20_maxp3,0.65,17,1,9,0.4706,-2.6564
AVAXUSDT,r7_full_clone_cooldown,0.65,12,0,7,0.4167,1.7116
AVAXUSDT,r5_sl_adj_cooldown,0.65,25,0,16,0.36,-2.0382
AVAXUSDT,r5_trail10_rr3,0.65,24,0,20,0.1667,-2.144
AVAXUSDT,full_clone_max_tp,0.65,17,0,12,0.2941,1.0923
AVAXUSDT,full_clone_sl_adjust,0.65,49,0,42,0.1429,-2.3113
AVAXUSDT,lh_sell_trail15,0.65,31,1,23,0.2581,-2.6914
AVAXUSDT,lh_sell_prox15_trail15,0.65,31,1,23,0.2581,-2.6914
AVAXUSDT,hl_buy_trail15,0.65,38,0,31,0.1842,-3.0931
AVAXUSDT,hl_buy_prox15_trail15,0.65,29,0,22,0.2414,-3.7309
AVAXUSDT,pre_confirm_trail15,0.65,36,0,29,0.1944,-3.0912
AVAXUSDT,pre_confirm_prox15_trail15,0.65,27,0,20,0.2593,-3.6437
AVAXUSDT,r8_btc_minsl_strict,0.65,21,1,13,0.381,1.8033
AVAXUSDT,r8_sol_hlbuy_cooldown,0.65,44,0,36,0.1818,-3.7171
AVAXUSDT,trail_15_from_30_act2_min1,0.65,55,1,53,0.0364,-8.3993
AVAXUSDT,trail_15_from_30_act3_min1,0.65,55,2,53,0.0364,-7.1685
AVAXUSDT,trail_15_from_30_act5_min15,0.65,55,2,53,0.0364,-7.1685
AVAXUSDT,trail_20_from_30_act2_min1,0.65,22,1,19,0.1364,-8.0587
AVAXUSDT,trail_20_from_30_act3_min1,0.65,22,2,20,0.0909,-8.1558
AVAXUSDT,trail_20_from_30_act5_min15,0.65,22,2,20,0.0909,-8.1558
AVAXUSDT,trail_15_from_15_act2_min1,0.65,23,1,20,0.1304,-5.9863
AVAXUSDT,trail_15_from_15_act3_min1,0.65,23,2,21,0.087,-6.0835
AVAXUSDT,trail_15_from_15_act5_min15,0.65,23,2,21,0.087,-6.0835
AVAXUSDT,trail_20_from_15_act2_min1,0.65,55,1,53,0.0364,-8.5493
AVAXUSDT,trail_20_from_15_act3_min1,0.65,55,2,53,0.0364,-7.3183
AVAXUSDT,trail_20_from_15_act5_min15,0.65,55,2,53,0.0364,-7.3183
AVAXUSDT,default,0.5,59,1,58,0.0169,-7.9941
AVAXUSDT,loose_entry,0.5,62,3,59,0.0484,-5.4241
AVAXUSDT,broad_zone,0.5,59,1,58,0.0169,-7.9941
AVAXUSDT,low_rr,0.5,62,3,59,0.0484,-5.4241
AVAXUSDT,aggressive,0.5,62,3,59,0.0484,-5.4241
AVAXUSDT,partial_50,0.5,28,0,23,0.1786,-4.3931
AVAXUSDT,partial_60,0.5,37,1,33,0.1081,-3.1833
AVAXUSDT,partial_70,0.5,32,1,31,0.0312,-6.9903
AVAXUSDT,partial_tight,0.5,37,1,33,0.1081,-2.7603
AVAXUSDT,partial_high_rr,0.5,28,1,24,0.1429,-1.9327
AVAXUSDT,partial_conservative,0.5,28,0,23,0.1786,-3.7888
AVAXUSDT,trail_20_from_15,0.5,78,0,65,0.1667,-4.9515
AVAXUSDT,trail_15_from_15,0.5,26,0,18,0.3077,-3.2241
AVAXUSDT,trail_15_from_15_d1,0.5,32,0,22,0.3125,-1.8388
AVAXUSDT,trail_25_from_15,0.5,58,0,47,0.1897,-4.0804
AVAXUSDT,db_layer_0,0.5,31,0,23,0.2581,-1.4136
AVAXUSDT,db_layer_1,0.5,63,0,53,0.1587,-2.4187
AVAXUSDT,db_layer_3,0.5,45,0,37,0.1778,-0.9895
AVAXUSDT,rr_4x_trail_20,0.5,31,0,23,0.2581,-1.4136
AVAXUSDT,rr_3x_trail_15,0.5,63,0,53,0.1587,-2.4187
AVAXUSDT,sl_filter_trail,0.5,53,0,40,0.2453,-0.8463
AVAXUSDT,trail_20_from_30_sl_filter,0.5,25,0,19,0.24,-0.5835
AVAXUSDT,trail_20_from_30_full,0.5,25,0,19,0.24,-0.097
AVAXUSDT,trail_15_from_30,0.5,65,0,60,0.0769,-5.0931
AVAXUSDT,trail_20_from_30_cooldown,0.5,22,0,18,0.1818,-5.5698
AVAXUSDT,trail_15_from_30_tp95,0.5,29,0,23,0.2069,-3.2741
AVAXUSDT,trail_15_from_30_cooldown,0.5,22,0,18,0.1818,-5.2584
AVAXUSDT,trail_15_from_30_full,0.5,22,0,18,0.1818,-5.1591
AVAXUSDT,db_clone_cooldown,0.5,23,0,15,0.3478,-0.0009
AVAXUSDT,correction_w20_trail15_30,0.5,29,0,23,0.2069,-3.2741
AVAXUSDT,db_full_clone,0.5,29,0,21,0.2759,-0.9906
AVAXUSDT,sl_adjust_rr_trail,0.5,31,0,25,0.1935,-2.1081
AVAXUSDT,sl_adjust_rr_tp95,0.5,34,0,23,0.3235,-1.6906
AVAXUSDT,max_profit_2pct,0.5,5,0,5,0.0,-1.5444
AVAXUSDT,max_profit_2pct_trail,0.5,2,0,2,0.0,-0.3051
AVAXUSDT,max_profit_3pct_trail,0.5,14,0,9,0.3571,2.2776
AVAXUSDT,r5_tight,0.5,22,0,18,0.1818,-5.1591
AVAXUSDT,r5_rr3,0.5,22,0,18,0.1818,-2.1243
AVAXUSDT,r5_sl_filter,0.5,21,0,15,0.2857,0.7698
AVAXUSDT,r5_sl_adjust,0.5,22,0,18,0.1818,-2.2557
AVAXUSDT,r5_tight_rr3,0.5,22,0,18,0.1818,-2.1243
AVAXUSDT,r5_tight_sl,0.5,21,0,15,0.2857,0.7698
AVAXUSDT,r5_all_filters,0.5,21,0,15,0.2857,1.6067
AVAXUSDT,r5_trail10,0.5,33,0,30,0.0909,-3.3697
AVAXUSDT,r5_arm25,0.5,24,0,18,0.25,-1.4312
AVAXUSDT,r5_arm20,0.5,23,0,16,0.3043,-1.8802
AVAXUSDT,r5_arm15_cooldown,0.5,24,0,16,0.3333,-2.6576
AVAXUSDT,r6_arm15_rr4,0.5,19,0,13,0.3158,-1.0732
AVAXUSDT,r6_arm15_maxp3_trail20,0.5,12,0,6,0.5,-2.5468
AVAXUSDT,r6_arm15_full,0.5,10,0,5,0.5,1.9958
AVAXUSDT,r7_arm20_maxp3_trail20,0.5,11,0,6,0.4545,-1.8533
AVAXUSDT,r7_trail15_maxp3,0.5,13,0,7,0.4615,-2.8834
AVAXUSDT,r7_trail20_maxp3,0.5,13,0,7,0.4615,-3.1741
AVAXUSDT,r7_full_clone_cooldown,0.5,10,0,5,0.5,1.9958
AVAXUSDT,r5_sl_adj_cooldown,0.5,23,0,14,0.3913,-1.7007
AVAXUSDT,r5_trail10_rr3,0.5,22,0,18,0.1818,-1.8065
AVAXUSDT,full_clone_max_tp,0.5,15,0,10,0.3333,1.2967
AVAXUSDT,full_clone_sl_adjust,0.5,47,0,40,0.1489,-2.1069
AVAXUSDT,lh_sell_trail15,0.5,27,0,21,0.2222,-3.1869
AVAXUSDT,lh_sell_prox15_trail15,0.5,27,0,21,0.2222,-3.1869
AVAXUSDT,hl_buy_trail15,0.5,38,0,31,0.1842,-3.0931
AVAXUSDT,hl_buy_prox15_trail15,0.5,29,0,22,0.2414,-3.7309
AVAXUSDT,pre_confirm_trail15,0.5,36,0,29,0.1944,-3.0912
AVAXUSDT,pre_confirm_prox15_trail15,0.5,27,0,20,0.2593,-3.6437
AVAXUSDT,r8_btc_minsl_strict,0.5,18,0,12,0.3333,1.2129
AVAXUSDT,r8_sol_hlbuy_cooldown,0.5,43,0,35,0.186,-3.5611
AVAXUSDT,trail_15_from_30_act2_min1,0.5,50,0,49,0.02,-8.1728
AVAXUSDT,trail_15_from_30_act3_min1,0.5,50,1,49,0.02,-6.942
AVAXUSDT,trail_15_from_30_act5_min15,0.5,50,1,49,0.02,-6.942
AVAXUSDT,trail_20_from_30_act2_min1,0.5,18,0,16,0.1111,-7.9466
AVAXUSDT,trail_20_from_30_act3_min1,0.5,18,1,17,0.0556,-8.0438
AVAXUSDT,trail_20_from_30_act5_min15,0.5,18,1,17,0.0556,-8.0438
AVAXUSDT,trail_15_from_15_act2_min1,0.5,19,0,17,0.1053,-5.9275
AVAXUSDT,trail_15_from_15_act3_min1,0.5,19,1,18,0.0526,-6.0246
AVAXUSDT,trail_15_from_15_act5_min15,0.5,19,1,18,0.0526,-6.0246
AVAXUSDT,trail_20_from_15_act2_min1,0.5,50,0,49,0.02,-8.3228
AVAXUSDT,trail_20_from_15_act3_min1,0.5,50,1,49,0.02,-7.0919
AVAXUSDT,trail_20_from_15_act5_min15,0.5,50,1,49,0.02,-7.0919
AVAXUSDT,default,0.3,59,1,58,0.0169,-7.9941
AVAXUSDT,loose_entry,0.3,61,2,59,0.0328,-7.7281
AVAXUSDT,broad_zone,0.3,59,1,58,0.0169,-7.9941
AVAXUSDT,low_rr,0.3,61,2,59,0.0328,-7.7281
AVAXUSDT,aggressive,0.3,61,2,59,0.0328,-7.7281
AVAXUSDT,partial_50,0.3,28,0,23,0.1786,-3.0324
AVAXUSDT,partial_60,0.3,36,1,32,0.1111,-2.8705
AVAXUSDT,partial_70,0.3,32,1,31,0.0312,-6.9903
AVAXUSDT,partial_tight,0.3,36,1,32,0.1111,-2.4475
AVAXUSDT,partial_high_rr,0.3,28,1,24,0.1429,-1.652
AVAXUSDT,partial_conservative,0.3,28,0,23,0.1786,-2.4282
AVAXUSDT,trail_20_from_15,0.3,73,0,61,0.1644,-4.5933
AVAXUSDT,trail_15_from_15,0.3,25,0,18,0.28,-3.2567
AVAXUSDT,trail_15_from_15_d1,0.3,31,0,22,0.2903,-1.8714
AVAXUSDT,trail_25_from_15,0.3,55,0,44,0.2,-2.9259
AVAXUSDT,db_layer_0,0.3,31,0,23,0.2581,-1.4136
AVAXUSDT,db_layer_1,0.3,60,0,51,0.15,-2.8634
AVAXUSDT,db_layer_3,0.3,44,0,36,0.1818,-0.5817
AVAXUSDT,rr_4x_trail_20,0.3,31,0,23,0.2581,-1.4136
AVAXUSDT,rr_3x_trail_15,0.3,60,0,51,0.15,-2.8634
AVAXUSDT,sl_filter_trail,0.3,50,0,38,0.24,-1.061
AVAXUSDT,trail_20_from_30_sl_filter,0.3,25,0,19,0.24,-0.3029
AVAXUSDT,trail_20_from_30_full,0.3,25,0,19,0.24,0.1836
AVAXUSDT,trail_15_from_30,0.3,63,0,58,0.0794,-4.5664
AVAXUSDT,trail_20_from_30_cooldown,0.3,22,0,18,0.1818,-4.2091
AVAXUSDT,trail_15_from_30_tp95,0.3,29,0,23,0.2069,-1.9135
AVAXUSDT,trail_15_from_30_cooldown,0.3,22,0,18,0.1818,-3.8978
AVAXUSDT,trail_15_from_30_full,0.3,22,0,18,0.1818,-3.7985
AVAXUSDT,db_clone_cooldown,0.3,23,0,15,0.3478,-0.0009
AVAXUSDT,correction_w20_trail15_30,0.3,29,0,23,0.2069,-1.9135
AVAXUSDT,db_full_clone,0.3,29,0,21,0.2759,-0.9906
AVAXUSDT,sl_adjust_rr_trail,0.3,30,0,25,0.1667,-2.7831
AVAXUSDT,sl_adjust_rr_tp95,0.3,33,0,23,0.303,-2.2454
AVAXUSDT,max_profit_2pct,0.3,4,0,4,0.0,-1.3314
AVAXUSDT,max_profit_2pct_trail,0.3,2,0,2,0.0,-0.3051
AVAXUSDT,max_profit_3pct_trail,0.3,13,0,9,0.3077,1.3553
AVAXUSDT,r5_tight,0.3,22,0,18,0.1818,-3.7985
AVAXUSDT,r5_rr3,0.3,22,0,18,0.1818,-1.8436
AVAXUSDT,r5_sl_filter,0.3,21,0,15,0.2857,1.0505
AVAXUSDT,r5_sl_adjust,0.3,22,0,18,0.1818,-1.9751
AVAXUSDT,r5_tight_rr3,0.3,22,0,18,0.1818,-1.8436
AVAXUSDT,r5_tight_sl,0.3,21,0,15,0.2857,1.0505
AVAXUSDT,r5_all_filters,0.3,21,0,15,0.2857,1.8873
AVAXUSDT,r5_trail10,0.3,31,0,28,0.0968,-2.4864
AVAXUSDT,r5_arm25,0.3,20,0,17,0.15,-1.6759
AVAXUSDT,r5_arm20,0.3,22,0,16,0.2727,-2.0796
AVAXUSDT,r5_arm15_cooldown,0.3,22,0,16,0.2727,-2.9631
AVAXUSDT,r6_arm15_rr4,0.3,19,0,13,0.3158,-1.0732
AVAXUSDT,r6_arm15_maxp3_trail20,0.3,9,0,4,0.5556,-0.3143
AVAXUSDT,r6_arm15_full,0.3,10,0,5,0.5,1.9958
AVAXUSDT,r7_arm20_maxp3_trail20,0.3,8,0,4,0.5,0.3793
AVAXUSDT,r7_trail15_maxp3,0.3,10,0,5,0.5,-0.7135
AVAXUSDT,r7_trail20_maxp3,0.3,10,0,5,0.5,-0.9415
AVAXUSDT,r7_full_clone_cooldown,0.3,10,0,5,0.5,1.9958
AVAXUSDT,r5_sl_adj_cooldown,0.3,22,0,14,0.3636,-2.3424
AVAXUSDT,r5_trail10_rr3,0.3,22,0,18,0.1818,-1.5259
AVAXUSDT,full_clone_max_tp,0.3,15,0,10,0.3333,1.2967
AVAXUSDT,full_clone_sl_adjust,0.3,46,0,39,0.1522,-1.8277
AVAXUSDT,lh_sell_trail15,0.3,27,0,21,0.2222,-1.8263
AVAXUSDT,lh_sell_prox15_trail15,0.3,27,0,21,0.2222,-1.8263
AVAXUSDT,hl_buy_trail15,0.3,37,0,30,0.1892,-2.219
AVAXUSDT,hl_buy_prox15_trail15,0.3,29,0,22,0.2414,-2.6509
AVAXUSDT,pre_confirm_trail15,0.3,35,0,28,0.2,-2.2171
AVAXUSDT,pre_confirm_prox15_trail15,0.3,27,0,20,0.2593,-2.5637
AVAXUSDT,r8_btc_minsl_strict,0.3,17,0,12,0.2941,0.1755
AVAXUSDT,r8_sol_hlbuy_cooldown,0.3,41,0,33,0.1951,-2.5383
AVAXUSDT,trail_15_from_30_act2_min1,0.3,50,0,49,0.02,-8.1728
AVAXUSDT,trail_15_from_30_act3_min1,0.3,50,1,49,0.02,-6.942
AVAXUSDT,trail_15_from_30_act5_min15,0.3,50,1,49,0.02,-6.942
AVAXUSDT,trail_20_from_30_act2_min1,0.3,18,0,16,0.1111,-6.8666
AVAXUSDT,trail_20_from_30_act3_min1,0.3,18,1,17,0.0556,-6.9638
AVAXUSDT,trail_20_from_30_act5_min15,0.3,18,1,17,0.0556,-6.9638
AVAXUSDT,trail_15_from_15_act2_min1,0.3,19,0,17,0.1053,-5.2622
AVAXUSDT,trail_15_from_15_act3_min1,0.3,19,1,18,0.0526,-5.3593
AVAXUSDT,trail_15_from_15_act5_min15,0.3,19,1,18,0.0526,-5.3593
AVAXUSDT,trail_20_from_15_act2_min1,0.3,50,0,49,0.02,-8.3228
AVAXUSDT,trail_20_from_15_act3_min1,0.3,50,1,49,0.02,-7.0919
AVAXUSDT,trail_20_from_15_act5_min15,0.3,50,1,49,0.02,-7.0919
AVAXUSDT,default,0.1,46,1,45,0.0217,-6.0885
AVAXUSDT,loose_entry,0.1,47,1,46,0.0213,-6.6769
AVAXUSDT,broad_zone,0.1,46,1,45,0.0217,-6.0885
AVAXUSDT,low_rr,0.1,47,1,46,0.0213,-6.6769
AVAXUSDT,aggressive,0.1,47,1,46,0.0213,-6.6769
AVAXUSDT,partial_50,0.1,20,0,15,0.25,-0.2298
AVAXUSDT,partial_60,0.1,26,1,22,0.1538,-0.4442
AVAXUSDT,partial_70,0.1,23,1,22,0.0435,-4.6803
AVAXUSDT,partial_tight,0.1,26,1,22,0.1538,-0.0212
AVAXUSDT,partial_high_rr,0.1,20,1,16,0.2,1.1506
AVAXUSDT,partial_conservative,0.1,20,0,15,0.25,0.3745
AVAXUSDT,trail_20_from_15,0.1,60,0,48,0.2,-2.6876
AVAXUSDT,trail_15_from_15,0.1,20,0,13,0.35,-1.5079
AVAXUSDT,trail_15_from_15_d1,0.1,23,0,14,0.3913,0.2398
AVAXUSDT,trail_25_from_15,0.1,43,0,32,0.2558,-0.742
AVAXUSDT,db_layer_0,0.1,23,0,15,0.3478,0.8434
AVAXUSDT,db_layer_1,0.1,47,0,38,0.1915,-0.9577
AVAXUSDT,db_layer_3,0.1,33,0,25,0.2424,1.1301
AVAXUSDT,rr_4x_trail_20,0.1,23,0,15,0.3478,0.8434
AVAXUSDT,rr_3x_trail_15,0.1,47,0,38,0.1915,-0.9577
AVAXUSDT,sl_filter_trail,0.1,38,0,26,0.3158,1.1228
AVAXUSDT,trail_20_from_30_sl_filter,0.1,17,0,11,0.3529,2.4997
AVAXUSDT,trail_20_from_30_full,0.1,17,0,11,0.3529,2.9863
AVAXUSDT,trail_15_from_30,0.1,50,0,45,0.1,-2.6607
AVAXUSDT,trail_20_from_30_cooldown,0.1,18,0,12,0.3333,0.8592
AVAXUSDT,trail_15_from_30_tp95,0.1,21,0,15,0.2857,0.8891
AVAXUSDT,trail_15_from_30_cooldown,0.1,18,0,12,0.3333,1.3429
AVAXUSDT,trail_15_from_30_full,0.1,18,0,12,0.3333,1.4422
AVAXUSDT,db_clone_cooldown,0.1,17,0,9,0.4706,1.9253
AVAXUSDT,correction_w20_trail15_30,0.1,21,0,15,0.2857,0.8891
AVAXUSDT,db_full_clone,0.1,19,0,11,0.4211,1.5129
AVAXUSDT,sl_adjust_rr_trail,0.1,24,0,19,0.2083,-1.7937
AVAXUSDT,sl_adjust_rr_tp95,0.1,25,0,15,0.4,0.5572
AVAXUSDT,max_profit_2pct,0.1,2,0,2,0.0,-1.1134
AVAXUSDT,max_profit_2pct_trail,0.1,0,0,0,0.0,0
AVAXUSDT,max_profit_3pct_trail,0.1,11,0,7,0.3636,1.5515
AVAXUSDT,r5_tight,0.1,18,0,12,0.3333,1.4422
AVAXUSDT,r5_rr3,0.1,18,0,12,0.3333,3.397
AVAXUSDT,r5_sl_filter,0.1,15,0,9,0.4,3.089
AVAXUSDT,r5_sl_adjust,0.1,18,0,12,0.3333,3.2656
AVAXUSDT,r5_tight_rr3,0.1,18,0,12,0.3333,3.397
AVAXUSDT,r5_tight_sl,0.1,15,0,9,0.4,3.089
AVAXUSDT,r5_all_filters,0.1,15,0,9,0.4,3.9258
AVAXUSDT,r5_trail10,0.1,23,0,19,0.1739,0.9062
AVAXUSDT,r5_arm25,0.1,20,0,15,0.25,-0.5365
AVAXUSDT,r5_arm20,0.1,19,0,13,0.3158,-0.4604
AVAXUSDT,r5_arm15_cooldown,0.1,20,0,13,0.35,-1.2378
AVAXUSDT,r6_arm15_rr4,0.1,16,0,10,0.375,0.3069
AVAXUSDT,r6_arm15_maxp3_trail20,0.1,8,0,3,0.625,-0.1825
AVAXUSDT,r6_arm15_full,0.1,8,0,3,0.625,2.2574
AVAXUSDT,r7_arm20_maxp3_trail20,0.1,7,0,3,0.5714,0.5111
AVAXUSDT,r7_trail15_maxp3,0.1,8,0,3,0.625,-0.4084
AVAXUSDT,r7_trail20_maxp3,0.1,8,0,3,0.625,-0.6365
AVAXUSDT,r7_full_clone_cooldown,0.1,8,0,3,0.625,2.2574
AVAXUSDT,r5_sl_adj_cooldown,0.1,19,0,11,0.4211,-0.3808
AVAXUSDT,r5_trail10_rr3,0.1,18,0,12,0.3333,3.8871
AVAXUSDT,full_clone_max_tp,0.1,13,0,8,0.3846,1.4929
AVAXUSDT,full_clone_sl_adjust,0.1,34,0,27,0.2059,-0.2471
AVAXUSDT,lh_sell_trail15,0.1,20,0,14,0.3,0.6337
AVAXUSDT,lh_sell_prox15_trail15,0.1,20,0,14,0.3,0.6337
AVAXUSDT,hl_buy_trail15,0.1,29,0,22,0.2414,-0.0543
AVAXUSDT,hl_buy_prox15_trail15,0.1,23,0,16,0.3043,-0.1534
AVAXUSDT,pre_confirm_trail15,0.1,28,0,21,0.25,-0.3162
AVAXUSDT,pre_confirm_prox15_trail15,0.1,22,0,15,0.3182,-0.4088
AVAXUSDT,r8_btc_minsl_strict,0.1,17,0,12,0.2941,0.1755
AVAXUSDT,r8_sol_hlbuy_cooldown,0.1,35,0,26,0.2571,1.1572
AVAXUSDT,trail_15_from_30_act2_min1,0.1,39,0,38,0.0256,-6.4634
AVAXUSDT,trail_15_from_30_act3_min1,0.1,39,1,38,0.0256,-5.2326
AVAXUSDT,trail_15_from_30_act5_min15,0.1,39,1,38,0.0256,-5.2326
AVAXUSDT,trail_20_from_30_act2_min1,0.1,14,0,12,0.1429,-4.7765
AVAXUSDT,trail_20_from_30_act3_min1,0.1,14,1,13,0.0714,-4.8737
AVAXUSDT,trail_20_from_30_act5_min15,0.1,14,1,13,0.0714,-4.8737
AVAXUSDT,trail_15_from_15_act2_min1,0.1,15,0,13,0.1333,-3.6296
AVAXUSDT,trail_15_from_15_act3_min1,0.1,15,1,14,0.0667,-3.7268
AVAXUSDT,trail_15_from_15_act5_min15,0.1,15,1,14,0.0667,-3.7268
AVAXUSDT,trail_20_from_15_act2_min1,0.1,39,0,38,0.0256,-6.6134
AVAXUSDT,trail_20_from_15_act3_min1,0.1,39,1,38,0.0256,-5.3825
AVAXUSDT,trail_20_from_15_act5_min15,0.1,39,1,38,0.0256,-5.3825
ETHFIUSDT,default,1.0,56,3,53,0.0536,-1.8835
ETHFIUSDT,loose_entry,1.0,56,3,53,0.0536,-2.2138
ETHFIUSDT,broad_zone,1.0,56,3,53,0.0536,-1.8835
ETHFIUSDT,low_rr,1.0,56,3,53,0.0536,-2.2138
ETHFIUSDT,aggressive,1.0,56,3,53,0.0536,-2.2138
ETHFIUSDT,partial_50,1.0,56,2,49,0.125,-11.2992
ETHFIUSDT,partial_60,1.0,57,2,50,0.1228,-5.9879
ETHFIUSDT,partial_70,1.0,56,3,50,0.1071,-5.2614
ETHFIUSDT,partial_tight,1.0,56,2,49,0.125,-4.3628
ETHFIUSDT,partial_high_rr,1.0,42,2,36,0.1429,-4.0049
ETHFIUSDT,partial_conservative,1.0,57,1,50,0.1228,-11.4654
ETHFIUSDT,trail_20_from_15,1.0,178,0,144,0.191,-12.1789
ETHFIUSDT,trail_15_from_15,1.0,74,0,46,0.3784,-4.9301
ETHFIUSDT,trail_15_from_15_d1,1.0,91,0,57,0.3736,-4.566
ETHFIUSDT,trail_25_from_15,1.0,147,0,110,0.2517,-11.3234
ETHFIUSDT,db_layer_0,1.0,60,1,42,0.3,-3.0783
ETHFIUSDT,db_layer_1,1.0,133,0,111,0.1654,-6.2202
ETHFIUSDT,db_layer_3,1.0,109,0,91,0.1651,-8.5923
ETHFIUSDT,rr_4x_trail_20,1.0,57,1,40,0.2982,-3.1558
ETHFIUSDT,rr_3x_trail_15,1.0,133,0,111,0.1654,-6.2202
ETHFIUSDT,sl_filter_trail,1.0,134,0,100,0.2537,-6.3089
ETHFIUSDT,trail_20_from_30_sl_filter,1.0,61,1,45,0.2623,-5.288
ETHFIUSDT,trail_20_from_30_full,1.0,54,1,43,0.2037,-3.4715
ETHFIUSDT,trail_15_from_30,1.0,155,0,138,0.1097,-14.2884
ETHFIUSDT,trail_20_from_30_cooldown,1.0,46,1,33,0.2826,-4.9698
ETHFIUSDT,trail_15_from_30_tp95,1.0,64,1,48,0.25,-8.5318
ETHFIUSDT,trail_15_from_30_cooldown,1.0,46,1,33,0.2826,-4.38
ETHFIUSDT,trail_15_from_30_full,1.0,46,1,33,0.2826,-3.9551
ETHFIUSDT,db_clone_cooldown,1.0,41,1,28,0.3171,-0.8958
ETHFIUSDT,correction_w20_trail15_30,1.0,64,1,48,0.25,-8.5318
ETHFIUSDT,db_full_clone,1.0,66,1,49,0.2576,-4.0764
ETHFIUSDT,sl_adjust_rr_trail,1.0,68,0,46,0.3235,3.5714
ETHFIUSDT,sl_adjust_rr_tp95,1.0,71,1,44,0.3803,-1.0927
ETHFIUSDT,max_profit_2pct,1.0,20,1,19,0.05,-4.0016
ETHFIUSDT,max_profit_2pct_trail,1.0,5,0,3,0.4,0.0398
ETHFIUSDT,max_profit_3pct_trail,1.0,40,0,33,0.175,-1.313
ETHFIUSDT,r5_tight,1.0,46,1,33,0.2826,-3.9551
ETHFIUSDT,r5_rr3,1.0,40,1,30,0.25,1.2292
ETHFIUSDT,r5_sl_filter,1.0,43,1,31,0.2791,-2.7144
ETHFIUSDT,r5_sl_adjust,1.0,41,1,31,0.2439,0.1294
ETHFIUSDT,r5_tight_rr3,1.0,40,1,30,0.25,1.2292
ETHFIUSDT,r5_tight_sl,1.0,43,1,31,0.2791,-2.7144
ETHFIUSDT,r5_all_filters,1.0,37,1,29,0.2162,-1.1546
ETHFIUSDT,r5_trail10,1.0,74,0,61,0.1757,-7.7351
ETHFIUSDT,r5_arm25,1.0,59,0,41,0.3051,-4.7106
ETHFIUSDT,r5_arm20,1.0,67,0,43,0.3582,-5.4255
ETHFIUSDT,r5_arm15_cooldown,1.0,70,0,43,0.3857,-5.0034
ETHFIUSDT,r6_arm15_rr4,1.0,30,1,16,0.4667,4.9578
ETHFIUSDT,r6_arm15_maxp3_trail20,1.0,26,1,8,0.6923,3.1571
ETHFIUSDT,r6_arm15_full,1.0,22,1,16,0.2727,1.2948
ETHFIUSDT,r7_arm20_maxp3_trail20,1.0,25,1,9,0.64,2.4591
ETHFIUSDT,r7_trail15_maxp3,1.0,44,1,23,0.4773,-2.042
ETHFIUSDT,r7_trail20_maxp3,1.0,44,1,23,0.4773,-2.6525
ETHFIUSDT,r7_full_clone_cooldown,1.0,20,0,16,0.2,-1.6766
ETHFIUSDT,r5_sl_adj_cooldown,1.0,44,1,25,0.4318,1.5517
ETHFIUSDT,r5_trail10_rr3,1.0,40,1,30,0.25,1.7964
ETHFIUSDT,full_clone_max_tp,1.0,32,0,27,0.1562,-1.0957
ETHFIUSDT,full_clone_sl_adjust,1.0,112,0,98,0.125,-8.4521
ETHFIUSDT,lh_sell_trail15,1.0,64,1,48,0.25,-8.5318
ETHFIUSDT,lh_sell_prox15_trail15,1.0,64,1,48,0.25,-8.5318
ETHFIUSDT,hl_buy_trail15,1.0,88,1,68,0.2273,-6.1295
ETHFIUSDT,hl_buy_prox15_trail15,1.0,65,1,48,0.2615,-7.44
ETHFIUSDT,pre_confirm_trail15,1.0,88,1,68,0.2273,-6.1295
ETHFIUSDT,pre_confirm_prox15_trail15,1.0,65,1,48,0.2615,-7.44
ETHFIUSDT,r8_btc_minsl_strict,1.0,41,0,27,0.3415,0.6605
ETHFIUSDT,r8_sol_hlbuy_cooldown,1.0,80,0,66,0.175,-7.0768
ETHFIUSDT,trail_15_from_30_act2_min1,1.0,110,2,107,0.0273,-16.7688
ETHFIUSDT,trail_15_from_30_act3_min1,1.0,76,2,73,0.0395,-8.9566
ETHFIUSDT,trail_15_from_30_act5_min15,1.0,44,3,41,0.0682,-0.9396
ETHFIUSDT,trail_20_from_30_act2_min1,1.0,37,3,33,0.1081,-7.8303
ETHFIUSDT,trail_20_from_30_act3_min1,1.0,31,3,27,0.129,-3.5977
ETHFIUSDT,trail_20_from_30_act5_min15,1.0,20,3,17,0.15,-1.2036
ETHFIUSDT,trail_15_from_15_act2_min1,1.0,39,2,36,0.0769,-11.448
ETHFIUSDT,trail_15_from_15_act3_min1,1.0,30,2,27,0.1,-6.5513
ETHFIUSDT,trail_15_from_15_act5_min15,1.0,20,3,17,0.15,0.048
ETHFIUSDT,trail_20_from_15_act2_min1,1.0,107,2,104,0.028,-16.9159
ETHFIUSDT,trail_20_from_15_act3_min1,1.0,73,2,70,0.0411,-9.1038
ETHFIUSDT,trail_20_from_15_act5_min15,1.0,41,3,38,0.0732,-1.0867
ETHFIUSDT,default,0.8,48,3,45,0.0625,-0.0352
ETHFIUSDT,loose_entry,0.8,49,4,45,0.0816,-0.0123
ETHFIUSDT,broad_zone,0.8,48,3,45,0.0625,-0.0352
ETHFIUSDT,low_rr,0.8,49,4,45,0.0816,-0.0123
ETHFIUSDT,aggressive,0.8,49,4,45,0.0816,-0.0123
ETHFIUSDT,partial_50,0.8,52,2,46,0.1154,-10.0782
ETHFIUSDT,partial_60,0.8,51,2,45,0.1176,-4.6591
ETHFIUSDT,partial_70,0.8,51,2,45,0.1176,-3.6284
ETHFIUSDT,partial_tight,0.8,51,2,45,0.1176,-3.7841
ETHFIUSDT,partial_high_rr,0.8,39,2,34,0.1282,-4.6508
ETHFIUSDT,partial_conservative,0.8,52,1,46,0.1154,-10.1882
ETHFIUSDT,trail_20_from_15,0.8,163,0,135,0.1718,-11.7538
ETHFIUSDT,trail_15_from_15,0.8,68,0,43,0.3676,-4.9722
ETHFIUSDT,trail_15_from_15_d1,0.8,83,0,54,0.3494,-5.0904
ETHFIUSDT,trail_25_from_15,0.8,133,0,102,0.2331,-10.1436
ETHFIUSDT,db_layer_0,0.8,57,1,41,0.2807,-3.3934
ETHFIUSDT,db_layer_1,0.8,128,0,110,0.1406,-7.5837
ETHFIUSDT,db_layer_3,0.8,106,0,90,0.1509,-9.049
ETHFIUSDT,rr_4x_trail_20,0.8,54,1,39,0.2778,-3.4709
ETHFIUSDT,rr_3x_trail_15,0.8,128,0,110,0.1406,-7.5837
ETHFIUSDT,sl_filter_trail,0.8,121,0,92,0.2397,-4.989
ETHFIUSDT,trail_20_from_30_sl_filter,0.8,57,1,43,0.2456,-4.5269
ETHFIUSDT,trail_20_from_30_full,0.8,52,1,42,0.1923,-3.6601
ETHFIUSDT,trail_15_from_30,0.8,144,0,129,0.1042,-13.0742
ETHFIUSDT,trail_20_from_30_cooldown,0.8,41,1,30,0.2683,-4.1052
ETHFIUSDT,trail_15_from_30_tp95,0.8,59,1,45,0.2373,-7.7459
ETHFIUSDT,trail_15_from_30_cooldown,0.8,41,1,30,0.2683,-3.5941
ETHFIUSDT,trail_15_from_30_full,0.8,41,1,30,0.2683,-3.1692
ETHFIUSDT,db_clone_cooldown,0.8,39,1,27,0.3077,-0.9143
ETHFIUSDT,correction_w20_trail15_30,0.8,59,1,45,0.2373,-7.7459
ETHFIUSDT,db_full_clone,0.8,64,1,48,0.25,-4.0949
ETHFIUSDT,sl_adjust_rr_trail,0.8,64,0,45,0.2969,2.6117
ETHFIUSDT,sl_adjust_rr_tp95,0.8,66,1,43,0.3485,-2.1721
ETHFIUSDT,max_profit_2pct,0.8,13,1,12,0.0769,-1.7881
ETHFIUSDT,max_profit_2pct_trail,0.8,3,0,2,0.3333,0.0775
ETHFIUSDT,max_profit_3pct_trail,0.8,37,0,32,0.1351,-1.8051
ETHFIUSDT,r5_tight,0.8,41,1,30,0.2683,-3.1692
ETHFIUSDT,r5_rr3,0.8,37,1,28,0.2432,1.1803
ETHFIUSDT,r5_sl_filter,0.8,39,1,29,0.2564,-2.1047
ETHFIUSDT,r5_sl_adjust,0.8,38,1,29,0.2368,0.0078
ETHFIUSDT,r5_tight_rr3,0.8,37,1,28,0.2432,1.1803
ETHFIUSDT,r5_tight_sl,0.8,39,1,29,0.2564,-2.1047
ETHFIUSDT,r5_all_filters,0.8,35,1,28,0.2,-1.3797
ETHFIUSDT,r5_trail10,0.8,68,0,56,0.1765,-5.6823
ETHFIUSDT,r5_arm25,0.8,53,0,36,0.3208,-1.9234
ETHFIUSDT,r5_arm20,0.8,61,0,40,0.3443,-4.5172
ETHFIUSDT,r5_arm15_cooldown,0.8,64,0,40,0.375,-4.3482
ETHFIUSDT,r6_arm15_rr4,0.8,28,1,15,0.4643,4.9134
ETHFIUSDT,r6_arm15_maxp3_trail20,0.8,20,1,8,0.6,1.8313
ETHFIUSDT,r6_arm15_full,0.8,19,1,15,0.2105,0.9089
ETHFIUSDT,r7_arm20_maxp3_trail20,0.8,20,1,8,0.6,2.8125
ETHFIUSDT,r7_trail15_maxp3,0.8,38,1,23,0.3947,-3.3828
ETHFIUSDT,r7_trail20_maxp3,0.8,38,1,23,0.3947,-3.8862
ETHFIUSDT,r7_full_clone_cooldown,0.8,19,1,15,0.2105,0.6932
ETHFIUSDT,r5_sl_adj_cooldown,0.8,40,1,24,0.4,0.7689
ETHFIUSDT,r5_trail10_rr3,0.8,37,1,28,0.2432,1.711
ETHFIUSDT,full_clone_max_tp,0.8,30,0,26,0.1333,-1.2911
ETHFIUSDT,full_clone_sl_adjust,0.8,110,0,97,0.1182,-8.6475
ETHFIUSDT,lh_sell_trail15,0.8,59,1,45,0.2373,-7.7459
ETHFIUSDT,lh_sell_prox15_trail15,0.8,59,1,45,0.2373,-7.7459
ETHFIUSDT,hl_buy_trail15,0.8,81,1,63,0.2222,-5.0712
ETHFIUSDT,hl_buy_prox15_trail15,0.8,60,1,45,0.25,-6.6541
ETHFIUSDT,pre_confirm_trail15,0.8,81,1,63,0.2222,-5.0712
ETHFIUSDT,pre_confirm_prox15_trail15,0.8,60,1,45,0.25,-6.6541
ETHFIUSDT,r8_btc_minsl_strict,0.8,29,0,20,0.3103,0.6042
ETHFIUSDT,r8_sol_hlbuy_cooldown,0.8,73,0,61,0.1644,-5.7358
ETHFIUSDT,trail_15_from_30_act2_min1,0.8,106,2,103,0.0283,-14.9162
ETHFIUSDT,trail_15_from_30_act3_min1,0.8,72,2,69,0.0417,-7.1041
ETHFIUSDT,trail_15_from_30_act5_min15,0.8,40,3,37,0.075,0.913
ETHFIUSDT,trail_20_from_30_act2_min1,0.8,34,3,30,0.1176,-5.9834
ETHFIUSDT,trail_20_from_30_act3_min1,0.8,28,3,24,0.1429,-1.7508
ETHFIUSDT,trail_20_from_30_act5_min15,0.8,17,3,14,0.1765,0.6433
ETHFIUSDT,trail_15_from_15_act2_min1,0.8,37,2,34,0.0811,-9.7046
ETHFIUSDT,trail_15_from_15_act3_min1,0.8,28,2,25,0.1071,-4.8079
ETHFIUSDT,trail_15_from_15_act5_min15,0.8,18,3,15,0.1667,1.7913
ETHFIUSDT,trail_20_from_15_act2_min1,0.8,105,2,102,0.0286,-15.6371
ETHFIUSDT,trail_20_from_15_act3_min1,0.8,71,2,68,0.0423,-7.8249
ETHFIUSDT,trail_20_from_15_act5_min15,0.8,39,3,36,0.0769,0.1921
ETHFIUSDT,default,0.65,44,2,42,0.0455,-1.4188
ETHFIUSDT,loose_entry,0.65,46,3,43,0.0652,-1.5622
ETHFIUSDT,broad_zone,0.65,44,2,42,0.0455,-1.4188
ETHFIUSDT,low_rr,0.65,46,3,43,0.0652,-1.5622
ETHFIUSDT,aggressive,0.65,46,3,43,0.0652,-1.5622
ETHFIUSDT,partial_50,0.65,51,1,46,0.098,-11.878
ETHFIUSDT,partial_60,0.65,50,2,45,0.1,-5.3929
ETHFIUSDT,partial_70,0.65,50,2,45,0.1,-4.5624
ETHFIUSDT,partial_tight,0.65,50,2,45,0.1,-4.8077
ETHFIUSDT,partial_high_rr,0.65,38,2,34,0.1053,-5.7715
ETHFIUSDT,partial_conservative,0.65,51,1,46,0.098,-11.0603
ETHFIUSDT,trail_20_from_15,0.65,157,0,133,0.1529,-13.4232
ETHFIUSDT,trail_15_from_15,0.65,63,0,43,0.3175,-7.3614
ETHFIUSDT,trail_15_from_15_d1,0.65,78,0,54,0.3077,-7.4796
ETHFIUSDT,trail_25_from_15,0.65,127,0,101,0.2047,-12.1864
ETHFIUSDT,db_layer_0,0.65,56,1,41,0.2679,-4.1068
ETHFIUSDT,db_layer_1,0.65,126,0,110,0.127,-9.0497
ETHFIUSDT,db_layer_3,0.65,104,0,90,0.1346,-10.3272
ETHFIUSDT,rr_4x_trail_20,0.65,53,1,39,0.2642,-4.1844
ETHFIUSDT,rr_3x_trail_15,0.65,126,0,110,0.127,-9.0497
ETHFIUSDT,sl_filter_trail,0.65,115,0,91,0.2087,-7.2194
ETHFIUSDT,trail_20_from_30_sl_filter,0.65,55,1,43,0.2182,-5.4735
ETHFIUSDT,trail_20_from_30_full,0.65,51,1,42,0.1765,-4.6002
ETHFIUSDT,trail_15_from_30,0.65,139,0,126,0.0935,-13.8167
ETHFIUSDT,trail_20_from_30_cooldown,0.65,39,1,30,0.2308,-5.0519
ETHFIUSDT,trail_15_from_30_tp95,0.65,57,1,45,0.2105,-9.0049
ETHFIUSDT,trail_15_from_30_cooldown,0.65,39,1,30,0.2308,-4.6099
ETHFIUSDT,trail_15_from_30_full,0.65,39,1,30,0.2308,-4.4281
ETHFIUSDT,db_clone_cooldown,0.65,38,1,27,0.2895,-1.6277
ETHFIUSDT,correction_w20_trail15_30,0.65,57,1,45,0.2105,-9.0049
ETHFIUSDT,db_full_clone,0.65,63,1,48,0.2381,-4.8083
ETHFIUSDT,sl_adjust_rr_trail,0.65,62,0,44,0.2903,2.2173
ETHFIUSDT,sl_adjust_rr_tp95,0.65,64,1,43,0.3281,-3.4124
ETHFIUSDT,max_profit_2pct,0.65,11,0,11,0.0,-3.3549
ETHFIUSDT,max_profit_2pct_trail,0.65,3,0,2,0.3333,0.0775
ETHFIUSDT,max_profit_3pct_trail,0.65,35,0,32,0.0857,-3.1754
ETHFIUSDT,r5_tight,0.65,39,1,30,0.2308,-4.4281
ETHFIUSDT,r5_rr3,0.65,36,1,28,0.2222,0.1764
ETHFIUSDT,r5_sl_filter,0.65,37,1,29,0.2162,-3.3636
ETHFIUSDT,r5_sl_adjust,0.65,37,1,29,0.2162,-0.9961
ETHFIUSDT,r5_tight_rr3,0.65,36,1,28,0.2222,0.1764
ETHFIUSDT,r5_tight_sl,0.65,37,1,29,0.2162,-3.3636
ETHFIUSDT,r5_all_filters,0.65,34,1,28,0.1765,-2.3836
ETHFIUSDT,r5_trail10,0.65,64,0,55,0.1406,-7.6807
ETHFIUSDT,r5_arm25,0.65,49,0,36,0.2653,-4.5102
ETHFIUSDT,r5_arm20,0.65,56,0,40,0.2857,-8.0327
ETHFIUSDT,r5_arm15_cooldown,0.65,60,0,40,0.3333,-6.4167
ETHFIUSDT,r6_arm15_rr4,0.65,26,1,15,0.4231,3.5453
ETHFIUSDT,r6_arm15_maxp3_trail20,0.65,16,1,8,0.5,-0.0967
ETHFIUSDT,r6_arm15_full,0.65,17,1,15,0.1176,-0.3693
ETHFIUSDT,r7_arm20_maxp3_trail20,0.65,15,1,8,0.4667,-0.4726
ETHFIUSDT,r7_trail15_maxp3,0.65,33,1,23,0.303,-5.91
ETHFIUSDT,r7_trail20_maxp3,0.65,33,1,23,0.303,-6.2412
ETHFIUSDT,r7_full_clone_cooldown,0.65,17,1,15,0.1176,-0.585
ETHFIUSDT,r5_sl_adj_cooldown,0.65,38,1,24,0.3684,-0.5093
ETHFIUSDT,r5_trail10_rr3,0.65,36,1,28,0.2222,0.6433
ETHFIUSDT,full_clone_max_tp,0.65,28,0,26,0.0714,-2.5693
ETHFIUSDT,full_clone_sl_adjust,0.65,108,0,97,0.1019,-9.9257
ETHFIUSDT,lh_sell_trail15,0.65,57,1,45,0.2105,-9.0049
ETHFIUSDT,lh_sell_prox15_trail15,0.65,57,1,45,0.2105,-9.0049
ETHFIUSDT,hl_buy_trail15,0.65,79,1,63,0.2025,-6.3302
ETHFIUSDT,hl_buy_prox15_trail15,0.65,58,1,45,0.2241,-7.9131
ETHFIUSDT,pre_confirm_trail15,0.65,79,1,63,0.2025,-6.3302
ETHFIUSDT,pre_confirm_prox15_trail15,0.65,58,1,45,0.2241,-7.9131
ETHFIUSDT,r8_btc_minsl_strict,0.65,25,0,18,0.28,-0.0017
ETHFIUSDT,r8_sol_hlbuy_cooldown,0.65,68,0,59,0.1324,-7.5079
ETHFIUSDT,trail_15_from_30_act2_min1,0.65,102,1,100,0.0196,-16.0407
ETHFIUSDT,trail_15_from_30_act3_min1,0.65,68,1,66,0.0294,-8.2286
ETHFIUSDT,trail_15_from_30_act5_min15,0.65,36,2,34,0.0556,-0.2116
ETHFIUSDT,trail_20_from_30_act2_min1,0.65,33,2,30,0.0909,-7.5177
ETHFIUSDT,trail_20_from_30_act3_min1,0.65,27,2,24,0.1111,-3.2852
ETHFIUSDT,trail_20_from_30_act5_min15,0.65,16,2,14,0.125,-0.891
ETHFIUSDT,trail_15_from_15_act2_min1,0.65,36,1,34,0.0556,-11.2389
ETHFIUSDT,trail_15_from_15_act3_min1,0.65,27,1,25,0.0741,-6.3422
ETHFIUSDT,trail_15_from_15_act5_min15,0.65,17,2,15,0.1176,0.257
ETHFIUSDT,trail_20_from_15_act2_min1,0.65,102,1,100,0.0196,-16.7967
ETHFIUSDT,trail_20_from_15_act3_min1,0.65,68,1,66,0.0294,-8.9845
ETHFIUSDT,trail_20_from_15_act5_min15,0.65,36,2,34,0.0556,-0.9675
ETHFIUSDT,default,0.5,42,1,41,0.0238,-3.81
ETHFIUSDT,loose_entry,0.5,44,2,42,0.0455,-3.9534
ETHFIUSDT,broad_zone,0.5,42,1,41,0.0238,-3.81
ETHFIUSDT,low_rr,0.5,44,2,42,0.0455,-3.9534
ETHFIUSDT,aggressive,0.5,44,2,42,0.0455,-3.9534
ETHFIUSDT,partial_50,0.5,50,1,46,0.08,-13.0641
ETHFIUSDT,partial_60,0.5,49,1,45,0.0816,-7.8451
ETHFIUSDT,partial_70,0.5,49,1,45,0.0816,-7.0146
ETHFIUSDT,partial_tight,0.5,49,1,45,0.0816,-7.2599
ETHFIUSDT,partial_high_rr,0.5,37,1,34,0.0811,-8.2236
ETHFIUSDT,partial_conservative,0.5,50,1,46,0.08,-12.2463
ETHFIUSDT,trail_20_from_15,0.5,139,0,117,0.1583,-11.7648
ETHFIUSDT,trail_15_from_15,0.5,57,0,39,0.3158,-7.1152
ETHFIUSDT,trail_15_from_15_d1,0.5,71,0,49,0.3099,-6.7114
ETHFIUSDT,trail_25_from_15,0.5,114,0,90,0.2105,-10.6077
ETHFIUSDT,db_layer_0,0.5,55,1,40,0.2727,-3.6634
ETHFIUSDT,db_layer_1,0.5,110,0,95,0.1364,-7.5172
ETHFIUSDT,db_layer_3,0.5,92,0,78,0.1522,-7.3605
ETHFIUSDT,rr_4x_trail_20,0.5,52,1,38,0.2692,-3.7409
ETHFIUSDT,rr_3x_trail_15,0.5,110,0,95,0.1364,-7.5172
ETHFIUSDT,sl_filter_trail,0.5,103,0,81,0.2136,-6.283
ETHFIUSDT,trail_20_from_30_sl_filter,0.5,54,1,43,0.2037,-6.3591
ETHFIUSDT,trail_20_from_30_full,0.5,50,1,42,0.16,-5.697
ETHFIUSDT,trail_15_from_30,0.5,121,0,109,0.0992,-11.5859
ETHFIUSDT,trail_20_from_30_cooldown,0.5,37,1,29,0.2162,-4.6978
ETHFIUSDT,trail_15_from_30_tp95,0.5,55,1,44,0.2,-8.7111
ETHFIUSDT,trail_15_from_30_cooldown,0.5,37,1,29,0.2162,-4.3162
ETHFIUSDT,trail_15_from_30_full,0.5,37,1,29,0.2162,-4.1344
ETHFIUSDT,db_clone_cooldown,0.5,38,1,26,0.3158,-0.285
ETHFIUSDT,correction_w20_trail15_30,0.5,55,1,44,0.2,-8.7111
ETHFIUSDT,db_full_clone,0.5,61,1,46,0.2459,-3.926
ETHFIUSDT,sl_adjust_rr_trail,0.5,56,0,40,0.2857,1.4921
ETHFIUSDT,sl_adjust_rr_tp95,0.5,63,1,42,0.3333,-3.2392
ETHFIUSDT,max_profit_2pct,0.5,11,0,11,0.0,-3.3549
ETHFIUSDT,max_profit_2pct_trail,0.5,3,0,2,0.3333,0.0775
ETHFIUSDT,max_profit_3pct_trail,0.5,35,0,32,0.0857,-3.1754
ETHFIUSDT,r5_tight,0.5,37,1,29,0.2162,-4.1344
ETHFIUSDT,r5_rr3,0.5,35,1,28,0.2,-0.994
ETHFIUSDT,r5_sl_filter,0.5,36,1,29,0.1944,-4.3095
ETHFIUSDT,r5_sl_adjust,0.5,36,1,29,0.1944,-2.1665
ETHFIUSDT,r5_tight_rr3,0.5,35,1,28,0.2,-0.994
ETHFIUSDT,r5_tight_sl,0.5,36,1,29,0.1944,-4.3095
ETHFIUSDT,r5_all_filters,0.5,33,1,28,0.1515,-3.554
ETHFIUSDT,r5_trail10,0.5,59,0,51,0.1356,-7.2199
ETHFIUSDT,r5_arm25,0.5,46,0,34,0.2609,-4.4319
ETHFIUSDT,r5_arm20,0.5,53,0,38,0.283,-7.1179
ETHFIUSDT,r5_arm15_cooldown,0.5,55,0,37,0.3273,-6.0794
ETHFIUSDT,r6_arm15_rr4,0.5,27,1,15,0.4444,4.6484
ETHFIUSDT,r6_arm15_maxp3_trail20,0.5,13,1,7,0.4615,-0.2715
ETHFIUSDT,r6_arm15_full,0.5,17,1,15,0.1176,-0.3693
ETHFIUSDT,r7_arm20_maxp3_trail20,0.5,13,1,7,0.4615,0.2222
ETHFIUSDT,r7_trail15_maxp3,0.5,30,1,22,0.2667,-6.1832
ETHFIUSDT,r7_trail20_maxp3,0.5,30,1,22,0.2667,-6.416
ETHFIUSDT,r7_full_clone_cooldown,0.5,17,1,15,0.1176,-0.585
ETHFIUSDT,r5_sl_adj_cooldown,0.5,37,1,23,0.3784,-0.3119
ETHFIUSDT,r5_trail10_rr3,0.5,35,1,28,0.2,-0.6006
ETHFIUSDT,full_clone_max_tp,0.5,28,0,26,0.0714,-2.5693
ETHFIUSDT,full_clone_sl_adjust,0.5,91,0,80,0.1209,-6.7658
ETHFIUSDT,lh_sell_trail15,0.5,55,1,44,0.2,-8.7111
ETHFIUSDT,lh_sell_prox15_trail15,0.5,55,1,44,0.2,-8.7111
ETHFIUSDT,hl_buy_trail15,0.5,74,1,59,0.2027,-5.4151
ETHFIUSDT,hl_buy_prox15_trail15,0.5,56,1,44,0.2143,-7.6193
ETHFIUSDT,pre_confirm_trail15,0.5,74,1,59,0.2027,-5.4151
ETHFIUSDT,pre_confirm_prox15_trail15,0.5,56,1,44,0.2143,-7.6193
ETHFIUSDT,r8_btc_minsl_strict,0.5,23,0,18,0.2174,-1.5145
ETHFIUSDT,r8_sol_hlbuy_cooldown,0.5,65,0,57,0.1231,-7.5838
ETHFIUSDT,trail_15_from_30_act2_min1,0.5,85,0,84,0.0118,-15.7291
ETHFIUSDT,trail_15_from_30_act3_min1,0.5,66,0,65,0.0152,-10.6198
ETHFIUSDT,trail_15_from_30_act5_min15,0.5,34,1,33,0.0294,-2.6028
ETHFIUSDT,trail_20_from_30_act2_min1,0.5,32,1,30,0.0625,-9.9699
ETHFIUSDT,trail_20_from_30_act3_min1,0.5,26,1,24,0.0769,-5.7373
ETHFIUSDT,trail_20_from_30_act5_min15,0.5,15,1,14,0.0667,-3.3432
ETHFIUSDT,trail_15_from_15_act2_min1,0.5,32,0,31,0.0312,-12.8238
ETHFIUSDT,trail_15_from_15_act3_min1,0.5,26,0,25,0.0385,-8.7944
ETHFIUSDT,trail_15_from_15_act5_min15,0.5,16,1,15,0.0625,-2.1951
ETHFIUSDT,trail_20_from_15_act2_min1,0.5,86,0,85,0.0116,-16.5459
ETHFIUSDT,trail_20_from_15_act3_min1,0.5,67,0,66,0.0149,-11.4367
ETHFIUSDT,trail_20_from_15_act5_min15,0.5,35,1,34,0.0286,-3.4196
ETHFIUSDT,default,0.3,36,1,35,0.0278,-2.8065
ETHFIUSDT,loose_entry,0.3,38,2,36,0.0526,-2.9499
ETHFIUSDT,broad_zone,0.3,36,1,35,0.0278,-2.8065
ETHFIUSDT,low_rr,0.3,38,2,36,0.0526,-2.9499
ETHFIUSDT,aggressive,0.3,38,2,36,0.0526,-2.9499
ETHFIUSDT,partial_50,0.3,34,1,32,0.0588,-7.6415
ETHFIUSDT,partial_60,0.3,41,1,39,0.0488,-6.2296
ETHFIUSDT,partial_70,0.3,41,1,39,0.0488,-5.7224
ETHFIUSDT,partial_tight,0.3,41,1,39,0.0488,-6.2296
ETHFIUSDT,partial_high_rr,0.3,34,1,32,0.0588,-7.2313
ETHFIUSDT,partial_conservative,0.3,34,1,32,0.0588,-7.6415
ETHFIUSDT,trail_20_from_15,0.3,84,0,72,0.1429,-6.7407
ETHFIUSDT,trail_15_from_15,0.3,37,0,29,0.2162,-6.7213
ETHFIUSDT,trail_15_from_15_d1,0.3,45,0,33,0.2667,-4.3342
ETHFIUSDT,trail_25_from_15,0.3,72,0,59,0.1806,-7.3195
ETHFIUSDT,db_layer_0,0.3,42,1,30,0.2857,-2.9562
ETHFIUSDT,db_layer_1,0.3,77,0,67,0.1299,-6.7301
ETHFIUSDT,db_layer_3,0.3,67,0,57,0.1493,-6.0981
ETHFIUSDT,rr_4x_trail_20,0.3,42,1,30,0.2857,-2.9562
ETHFIUSDT,rr_3x_trail_15,0.3,77,0,67,0.1299,-6.7301
ETHFIUSDT,sl_filter_trail,0.3,70,0,56,0.2,-5.2093
ETHFIUSDT,trail_20_from_30_sl_filter,0.3,36,1,30,0.1667,-4.244
ETHFIUSDT,trail_20_from_30_full,0.3,35,1,30,0.1429,-4.4948
ETHFIUSDT,trail_15_from_30,0.3,74,0,68,0.0811,-7.3311
ETHFIUSDT,trail_20_from_30_cooldown,0.3,24,1,20,0.1667,-1.3212
ETHFIUSDT,trail_15_from_30_tp95,0.3,37,1,31,0.1622,-4.9784
ETHFIUSDT,trail_15_from_30_cooldown,0.3,24,1,20,0.1667,-1.1064
ETHFIUSDT,trail_15_from_30_full,0.3,24,1,20,0.1667,-1.2343
ETHFIUSDT,db_clone_cooldown,0.3,29,1,20,0.3103,-0.384
ETHFIUSDT,correction_w20_trail15_30,0.3,37,1,31,0.1622,-4.9784
ETHFIUSDT,db_full_clone,0.3,47,1,35,0.2553,-2.7687
ETHFIUSDT,sl_adjust_rr_trail,0.3,39,0,31,0.2051,-1.1514
ETHFIUSDT,sl_adjust_rr_tp95,0.3,43,1,30,0.3023,-3.3648
ETHFIUSDT,max_profit_2pct,0.3,0,0,0,0.0,0
ETHFIUSDT,max_profit_2pct_trail,0.3,0,0,0,0.0,0
ETHFIUSDT,max_profit_3pct_trail,0.3,30,0,28,0.0667,-3.247
ETHFIUSDT,r5_tight,0.3,24,1,20,0.1667,-1.2343
ETHFIUSDT,r5_rr3,0.3,23,1,20,0.1304,-1.6174
ETHFIUSDT,r5_sl_filter,0.3,24,1,20,0.1667,-2.485
ETHFIUSDT,r5_sl_adjust,0.3,23,1,20,0.1304,-1.7016
ETHFIUSDT,r5_tight_rr3,0.3,23,1,20,0.1304,-1.6174
ETHFIUSDT,r5_tight_sl,0.3,24,1,20,0.1667,-2.485
ETHFIUSDT,r5_all_filters,0.3,23,1,20,0.1304,-2.9099
ETHFIUSDT,r5_trail10,0.3,36,0,32,0.1111,-4.6946
ETHFIUSDT,r5_arm25,0.3,26,0,22,0.1538,-3.9375
ETHFIUSDT,r5_arm20,0.3,32,0,26,0.1875,-6.1753
ETHFIUSDT,r5_arm15_cooldown,0.3,33,0,26,0.2121,-5.9589
ETHFIUSDT,r6_arm15_rr4,0.3,21,1,11,0.4762,4.67
ETHFIUSDT,r6_arm15_maxp3_trail20,0.3,7,1,4,0.4286,1.5707
ETHFIUSDT,r6_arm15_full,0.3,14,1,12,0.1429,0.0926
ETHFIUSDT,r7_arm20_maxp3_trail20,0.3,7,1,4,0.4286,1.5707
ETHFIUSDT,r7_trail15_maxp3,0.3,20,1,17,0.15,-2.9384
ETHFIUSDT,r7_trail20_maxp3,0.3,20,1,17,0.15,-3.001
ETHFIUSDT,r7_full_clone_cooldown,0.3,14,1,12,0.1429,-0.123
ETHFIUSDT,r5_sl_adj_cooldown,0.3,25,1,16,0.36,-0.8984
ETHFIUSDT,r5_trail10_rr3,0.3,23,1,20,0.1304,-1.4298
ETHFIUSDT,full_clone_max_tp,0.3,25,0,23,0.08,-2.25
ETHFIUSDT,full_clone_sl_adjust,0.3,67,0,58,0.1343,-5.0284
ETHFIUSDT,lh_sell_trail15,0.3,37,1,31,0.1622,-4.9784
ETHFIUSDT,lh_sell_prox15_trail15,0.3,37,1,31,0.1622,-4.9784
ETHFIUSDT,hl_buy_trail15,0.3,47,1,38,0.1915,-1.8572
ETHFIUSDT,hl_buy_prox15_trail15,0.3,38,1,31,0.1842,-3.8866
ETHFIUSDT,pre_confirm_trail15,0.3,47,1,38,0.1915,-1.8572
ETHFIUSDT,pre_confirm_prox15_trail15,0.3,38,1,31,0.1842,-3.8866
ETHFIUSDT,r8_btc_minsl_strict,0.3,12,0,11,0.0833,-1.5978
ETHFIUSDT,r8_sol_hlbuy_cooldown,0.3,45,0,40,0.1111,-5.5212
ETHFIUSDT,trail_15_from_30_act2_min1,0.3,57,0,56,0.0175,-9.1184
ETHFIUSDT,trail_15_from_30_act3_min1,0.3,57,0,56,0.0175,-7.1279
ETHFIUSDT,trail_15_from_30_act5_min15,0.3,28,1,27,0.0357,-1.5823
ETHFIUSDT,trail_20_from_30_act2_min1,0.3,22,1,20,0.0909,-3.5345
ETHFIUSDT,trail_20_from_30_act3_min1,0.3,22,1,20,0.0909,-1.5441
ETHFIUSDT,trail_20_from_30_act5_min15,0.3,11,1,10,0.0909,-1.0425
ETHFIUSDT,trail_15_from_15_act2_min1,0.3,23,0,22,0.0435,-7.5896
ETHFIUSDT,trail_15_from_15_act3_min1,0.3,23,0,22,0.0435,-5.5992
ETHFIUSDT,trail_15_from_15_act5_min15,0.3,13,1,12,0.0769,-1.264
ETHFIUSDT,trail_20_from_15_act2_min1,0.3,59,0,58,0.0169,-10.3159
ETHFIUSDT,trail_20_from_15_act3_min1,0.3,59,0,58,0.0169,-8.3255
ETHFIUSDT,trail_20_from_15_act5_min15,0.3,29,1,28,0.0345,-2.3992
ETHFIUSDT,default,0.1,19,0,19,0.0,-2.8597
ETHFIUSDT,loose_entry,0.1,20,0,20,0.0,-3.3564
ETHFIUSDT,broad_zone,0.1,19,0,19,0.0,-2.8597
ETHFIUSDT,low_rr,0.1,20,0,20,0.0,-3.3564
ETHFIUSDT,aggressive,0.1,20,0,20,0.0,-3.3564
ETHFIUSDT,partial_50,0.1,13,0,13,0.0,-3.9121
ETHFIUSDT,partial_60,0.1,13,0,13,0.0,-3.0505
ETHFIUSDT,partial_70,0.1,13,0,13,0.0,-3.0505
ETHFIUSDT,partial_tight,0.1,13,0,13,0.0,-3.0505
ETHFIUSDT,partial_high_rr,0.1,13,0,13,0.0,-3.9121
ETHFIUSDT,partial_conservative,0.1,13,0,13,0.0,-3.9121
ETHFIUSDT,trail_20_from_15,0.1,21,0,18,0.1429,-0.9231
ETHFIUSDT,trail_15_from_15,0.1,11,0,8,0.2727,-0.0352
ETHFIUSDT,trail_15_from_15_d1,0.1,16,0,10,0.375,1.3036
ETHFIUSDT,trail_25_from_15,0.1,21,0,17,0.1905,-1.0606
ETHFIUSDT,db_layer_0,0.1,17,0,11,0.3529,-0.1701
ETHFIUSDT,db_layer_1,0.1,21,0,18,0.1429,-0.7834
ETHFIUSDT,db_layer_3,0.1,21,0,17,0.1905,-0.8659
ETHFIUSDT,rr_4x_trail_20,0.1,17,0,11,0.3529,-0.1701
ETHFIUSDT,rr_3x_trail_15,0.1,21,0,18,0.1429,-0.7834
ETHFIUSDT,sl_filter_trail,0.1,20,0,16,0.2,-0.7766
ETHFIUSDT,trail_20_from_30_sl_filter,0.1,12,0,11,0.0833,-2.7724
ETHFIUSDT,trail_20_from_30_full,0.1,12,0,11,0.0833,-2.7724
ETHFIUSDT,trail_15_from_30,0.1,19,0,18,0.0526,-1.8906
ETHFIUSDT,trail_20_from_30_cooldown,0.1,8,0,8,0.0,-2.7498
ETHFIUSDT,trail_15_from_30_tp95,0.1,13,0,12,0.0769,-2.8999
ETHFIUSDT,trail_15_from_30_cooldown,0.1,8,0,8,0.0,-2.7498
ETHFIUSDT,trail_15_from_30_full,0.1,8,0,8,0.0,-2.7498
ETHFIUSDT,db_clone_cooldown,0.1,13,0,8,0.3846,-0.0005
ETHFIUSDT,correction_w20_trail15_30,0.1,13,0,12,0.0769,-2.8999
ETHFIUSDT,db_full_clone,0.1,16,0,10,0.375,-0.067
ETHFIUSDT,sl_adjust_rr_trail,0.1,11,0,9,0.1818,0.1466
ETHFIUSDT,sl_adjust_rr_tp95,0.1,17,0,11,0.3529,-0.1701
ETHFIUSDT,max_profit_2pct,0.1,0,0,0,0.0,0
ETHFIUSDT,max_profit_2pct_trail,0.1,0,0,0,0.0,0
ETHFIUSDT,max_profit_3pct_trail,0.1,0,0,0,0.0,0
ETHFIUSDT,r5_tight,0.1,8,0,8,0.0,-2.7498
ETHFIUSDT,r5_rr3,0.1,8,0,8,0.0,-2.7498
ETHFIUSDT,r5_sl_filter,0.1,8,0,8,0.0,-2.7498
ETHFIUSDT,r5_sl_adjust,0.1,8,0,8,0.0,-2.7498
ETHFIUSDT,r5_tight_rr3,0.1,8,0,8,0.0,-2.7498
ETHFIUSDT,r5_tight_sl,0.1,8,0,8,0.0,-2.7498
ETHFIUSDT,r5_all_filters,0.1,8,0,8,0.0,-2.7498
ETHFIUSDT,r5_trail10,0.1,12,0,12,0.0,-2.0697
ETHFIUSDT,r5_arm25,0.1,9,0,7,0.2222,0.335
ETHFIUSDT,r5_arm20,0.1,10,0,8,0.2,-0.5345
ETHFIUSDT,r5_arm15_cooldown,0.1,11,0,8,0.2727,-0.019
ETHFIUSDT,r6_arm15_rr4,0.1,10,0,6,0.4,0.5084
ETHFIUSDT,r6_arm15_maxp3_trail20,0.1,0,0,0,0.0,0
ETHFIUSDT,r6_arm15_full,0.1,0,0,0,0.0,0
ETHFIUSDT,r7_arm20_maxp3_trail20,0.1,0,0,0,0.0,0
ETHFIUSDT,r7_trail15_maxp3,0.1,0,0,0,0.0,0
ETHFIUSDT,r7_trail20_maxp3,0.1,0,0,0,0.0,0
ETHFIUSDT,r7_full_clone_cooldown,0.1,0,0,0,0.0,0
ETHFIUSDT,r5_sl_adj_cooldown,0.1,11,0,7,0.3636,0.226
ETHFIUSDT,r5_trail10_rr3,0.1,8,0,8,0.0,-2.7498
ETHFIUSDT,full_clone_max_tp,0.1,0,0,0,0.0,0
ETHFIUSDT,full_clone_sl_adjust,0.1,20,0,17,0.15,-0.8373
ETHFIUSDT,lh_sell_trail15,0.1,13,0,12,0.0769,-2.8999
ETHFIUSDT,lh_sell_prox15_trail15,0.1,13,0,12,0.0769,-2.8999
ETHFIUSDT,hl_buy_trail15,0.1,14,0,12,0.1429,-0.3436
ETHFIUSDT,hl_buy_prox15_trail15,0.1,14,0,12,0.1429,-1.1565
ETHFIUSDT,pre_confirm_trail15,0.1,14,0,12,0.1429,-0.3436
ETHFIUSDT,pre_confirm_prox15_trail15,0.1,14,0,12,0.1429,-1.1565
ETHFIUSDT,r8_btc_minsl_strict,0.1,0,0,0,0.0,0
ETHFIUSDT,r8_sol_hlbuy_cooldown,0.1,12,0,11,0.0833,-1.6477
ETHFIUSDT,trail_15_from_30_act2_min1,0.1,19,0,19,0.0,-2.9818
ETHFIUSDT,trail_15_from_30_act3_min1,0.1,19,0,19,0.0,-2.9818
ETHFIUSDT,trail_15_from_30_act5_min15,0.1,19,0,19,0.0,-2.9818
ETHFIUSDT,trail_20_from_30_act2_min1,0.1,8,0,8,0.0,-2.7498
ETHFIUSDT,trail_20_from_30_act3_min1,0.1,8,0,8,0.0,-2.7498
ETHFIUSDT,trail_20_from_30_act5_min15,0.1,8,0,8,0.0,-2.7498
ETHFIUSDT,trail_15_from_15_act2_min1,0.1,7,0,7,0.0,-1.6932
ETHFIUSDT,trail_15_from_15_act3_min1,0.1,7,0,7,0.0,-1.6932
ETHFIUSDT,trail_15_from_15_act5_min15,0.1,7,0,7,0.0,-1.6932
ETHFIUSDT,trail_20_from_15_act2_min1,0.1,19,0,19,0.0,-3.2412
ETHFIUSDT,trail_20_from_15_act3_min1,0.1,19,0,19,0.0,-3.2412
ETHFIUSDT,trail_20_from_15_act5_min15,0.1,19,0,19,0.0,-3.2412
TIAUSDT,default,1.0,116,6,110,0.0517,-11.7019
TIAUSDT,loose_entry,1.0,120,6,114,0.05,-14.6197
TIAUSDT,broad_zone,1.0,116,6,110,0.0517,-11.7019
TIAUSDT,low_rr,1.0,120,6,114,0.05,-14.6197
TIAUSDT,aggressive,1.0,120,6,114,0.05,-14.6197
TIAUSDT,partial_50,1.0,59,2,43,0.2712,-18.1471
TIAUSDT,partial_60,1.0,65,4,53,0.1846,-2.9005
TIAUSDT,partial_70,1.0,58,3,49,0.1552,-8.1985
TIAUSDT,partial_tight,1.0,61,3,50,0.1803,-3.8904
TIAUSDT,partial_high_rr,1.0,52,2,43,0.1731,-10.9937
TIAUSDT,partial_conservative,1.0,56,2,42,0.25,-13.8431
TIAUSDT,trail_20_from_15,1.0,245,1,179,0.2694,13.2212
TIAUSDT,trail_15_from_15,1.0,131,1,63,0.5191,31.2209
TIAUSDT,trail_15_from_15_d1,1.0,147,1,77,0.4762,28.3096
TIAUSDT,trail_25_from_15,1.0,176,1,105,0.4034,20.8811
TIAUSDT,db_layer_0,1.0,77,0,49,0.3636,-2.4945
TIAUSDT,db_layer_1,1.0,167,0,137,0.1796,-2.4982
TIAUSDT,db_layer_3,1.0,125,0,97,0.224,-2.3383
TIAUSDT,rr_4x_trail_20,1.0,75,0,48,0.36,-2.9494
TIAUSDT,rr_3x_trail_15,1.0,162,0,132,0.1852,-1.2026
TIAUSDT,sl_filter_trail,1.0,111,0,82,0.2613,5.2023
TIAUSDT,trail_20_from_30_sl_filter,1.0,69,1,47,0.3188,6.1234
TIAUSDT,trail_20_from_30_full,1.0,64,0,46,0.2812,4.9255
TIAUSDT,trail_15_from_30,1.0,178,2,139,0.2191,20.6832
TIAUSDT,trail_20_from_30_cooldown,1.0,71,1,38,0.4648,2.6548
TIAUSDT,trail_15_from_30_tp95,1.0,76,1,42,0.4474,7.522
TIAUSDT,trail_15_from_30_cooldown,1.0,71,1,38,0.4648,6.1592
TIAUSDT,trail_15_from_30_full,1.0,72,1,38,0.4722,8.3743
TIAUSDT,db_clone_cooldown,1.0,61,0,38,0.377,3.2935
TIAUSDT,correction_w20_trail15_30,1.0,76,1,42,0.4474,7.522
TIAUSDT,db_full_clone,1.0,81,0,58,0.284,0.9236
TIAUSDT,sl_adjust_rr_trail,1.0,111,0,87,0.2162,-7.7082
TIAUSDT,sl_adjust_rr_tp95,1.0,82,0,47,0.4268,4.3079
TIAUSDT,max_profit_2pct,1.0,12,3,9,0.25,2.0501
TIAUSDT,max_profit_2pct_trail,1.0,3,0,2,0.3333,-0.6519
TIAUSDT,max_profit_3pct_trail,1.0,16,0,15,0.0625,-1.4372
TIAUSDT,r5_tight,1.0,70,1,36,0.4857,10.095
TIAUSDT,r5_rr3,1.0,61,0,40,0.3443,4.9653
TIAUSDT,r5_sl_filter,1.0,61,1,39,0.3607,9.6308
TIAUSDT,r5_sl_adjust,1.0,56,0,35,0.375,6.4683
TIAUSDT,r5_tight_rr3,1.0,59,0,38,0.3559,6.686
TIAUSDT,r5_tight_sl,1.0,60,1,38,0.3667,9.7631
TIAUSDT,r5_all_filters,1.0,55,0,37,0.3273,8.6828
TIAUSDT,r5_trail10,1.0,103,1,67,0.3495,28.957
TIAUSDT,r5_arm25,1.0,87,1,46,0.4713,28.0875
TIAUSDT,r5_arm20,1.0,109,1,60,0.4495,25.5592
TIAUSDT,r5_arm15_cooldown,1.0,127,1,62,0.5118,29.8111
TIAUSDT,r6_arm15_rr4,1.0,52,0,28,0.4615,2.5357
TIAUSDT,r6_arm15_maxp3_trail20,1.0,19,1,6,0.6842,5.6953
TIAUSDT,r6_arm15_full,1.0,12,0,9,0.25,0.0287
TIAUSDT,r7_arm20_maxp3_trail20,1.0,16,1,7,0.5625,2.8741
TIAUSDT,r7_trail15_maxp3,1.0,29,1,13,0.5517,5.8565
TIAUSDT,r7_trail20_maxp3,1.0,29,1,13,0.5517,5.2117
TIAUSDT,r7_full_clone_cooldown,1.0,12,0,9,0.25,0.0287
TIAUSDT,r5_sl_adj_cooldown,1.0,65,0,32,0.5077,7.2757
TIAUSDT,r5_trail10_rr3,1.0,61,0,40,0.3443,6.8644
TIAUSDT,full_clone_max_tp,1.0,17,0,16,0.0588,-1.5426
TIAUSDT,full_clone_sl_adjust,1.0,107,0,93,0.1308,-1.544
TIAUSDT,lh_sell_trail15,1.0,76,1,42,0.4474,7.522
TIAUSDT,lh_sell_prox15_trail15,1.0,77,1,43,0.4416,7.1193
TIAUSDT,hl_buy_trail15,1.0,94,1,56,0.4043,20.8208
TIAUSDT,hl_buy_prox15_trail15,1.0,79,1,43,0.4557,12.376
TIAUSDT,pre_confirm_trail15,1.0,94,1,56,0.4043,20.8208
TIAUSDT,pre_confirm_prox15_trail15,1.0,79,1,43,0.4557,12.376
TIAUSDT,r8_btc_minsl_strict,1.0,18,0,14,0.2222,-0.7654
TIAUSDT,r8_sol_hlbuy_cooldown,1.0,131,1,94,0.2824,20.4911
TIAUSDT,trail_15_from_30_act2_min1,1.0,153,3,128,0.1634,6.6206
TIAUSDT,trail_15_from_30_act3_min1,1.0,143,3,124,0.1329,2.4574
TIAUSDT,trail_15_from_30_act5_min15,1.0,123,4,114,0.0732,-15.7275
TIAUSDT,trail_20_from_30_act2_min1,1.0,55,2,37,0.3273,-12.428
TIAUSDT,trail_20_from_30_act3_min1,1.0,48,2,36,0.25,-15.8023
TIAUSDT,trail_20_from_30_act5_min15,1.0,41,3,35,0.1463,-24.6926
TIAUSDT,trail_15_from_15_act2_min1,1.0,85,2,61,0.2824,-19.575
TIAUSDT,trail_15_from_15_act3_min1,1.0,73,1,57,0.2192,-16.9278
TIAUSDT,trail_15_from_15_act5_min15,1.0,56,3,50,0.1071,-29.0662
TIAUSDT,trail_20_from_15_act2_min1,1.0,179,2,150,0.162,-16.283
TIAUSDT,trail_20_from_15_act3_min1,1.0,150,2,130,0.1333,-11.0246
TIAUSDT,trail_20_from_15_act5_min15,1.0,123,3,115,0.065,-23.7319
TIAUSDT,default,0.8,106,5,101,0.0472,-11.4885
TIAUSDT,loose_entry,0.8,109,5,104,0.0459,-13.6703
TIAUSDT,broad_zone,0.8,106,5,101,0.0472,-11.4885
TIAUSDT,low_rr,0.8,109,5,104,0.0459,-13.6703
TIAUSDT,aggressive,0.8,109,5,104,0.0459,-13.6703
TIAUSDT,partial_50,0.8,53,1,38,0.283,-13.6731
TIAUSDT,partial_60,0.8,59,3,47,0.2034,2.1622
TIAUSDT,partial_70,0.8,52,3,44,0.1538,-7.2852
TIAUSDT,partial_tight,0.8,55,2,44,0.2,0.5349
TIAUSDT,partial_high_rr,0.8,46,1,38,0.1739,-11.6671
TIAUSDT,partial_conservative,0.8,50,1,37,0.26,-11.3677
TIAUSDT,trail_20_from_15,0.8,219,1,159,0.274,14.6126
TIAUSDT,trail_15_from_15,0.8,118,1,58,0.5085,27.6051
TIAUSDT,trail_15_from_15_d1,0.8,133,1,71,0.4662,24.9562
TIAUSDT,trail_25_from_15,0.8,156,1,93,0.4038,20.0413
TIAUSDT,db_layer_0,0.8,67,0,43,0.3582,-3.0584
TIAUSDT,db_layer_1,0.8,153,0,125,0.183,-2.3111
TIAUSDT,db_layer_3,0.8,113,0,88,0.2212,-2.7547
TIAUSDT,rr_4x_trail_20,0.8,65,0,42,0.3538,-3.5134
TIAUSDT,rr_3x_trail_15,0.8,148,0,120,0.1892,-1.0155
TIAUSDT,sl_filter_trail,0.8,92,0,70,0.2391,3.0542
TIAUSDT,trail_20_from_30_sl_filter,0.8,58,1,42,0.2759,1.5903
TIAUSDT,trail_20_from_30_full,0.8,55,0,41,0.2545,2.1174
TIAUSDT,trail_15_from_30,0.8,158,2,123,0.2215,21.1024
TIAUSDT,trail_20_from_30_cooldown,0.8,62,1,34,0.4516,2.1539
TIAUSDT,trail_15_from_30_tp95,0.8,65,1,37,0.4308,3.574
TIAUSDT,trail_15_from_30_cooldown,0.8,62,1,34,0.4516,5.1451
TIAUSDT,trail_15_from_30_full,0.8,62,1,34,0.4516,4.4144
TIAUSDT,db_clone_cooldown,0.8,53,0,34,0.3585,1.8064
TIAUSDT,correction_w20_trail15_30,0.8,65,1,37,0.4308,3.574
TIAUSDT,db_full_clone,0.8,71,0,52,0.2676,0.2594
TIAUSDT,sl_adjust_rr_trail,0.8,103,0,81,0.2136,-8.3281
TIAUSDT,sl_adjust_rr_tp95,0.8,71,0,40,0.4366,4.5373
TIAUSDT,max_profit_2pct,0.8,11,2,9,0.1818,0.2718
TIAUSDT,max_profit_2pct_trail,0.8,3,0,2,0.3333,-0.6519
TIAUSDT,max_profit_3pct_trail,0.8,8,0,8,0.0,-1.1121
TIAUSDT,r5_tight,0.8,60,1,32,0.4667,5.0821
TIAUSDT,r5_rr3,0.8,53,0,36,0.3208,2.5958
TIAUSDT,r5_sl_filter,0.8,52,1,36,0.3077,3.9293
TIAUSDT,r5_sl_adjust,0.8,48,0,31,0.3542,4.0465
TIAUSDT,r5_tight_rr3,0.8,51,0,34,0.3333,3.2635
TIAUSDT,r5_tight_sl,0.8,50,1,34,0.32,4.597
TIAUSDT,r5_all_filters,0.8,47,0,33,0.2979,5.2603
TIAUSDT,r5_trail10,0.8,89,1,56,0.3708,30.6052
TIAUSDT,r5_arm25,0.8,75,1,41,0.4533,24.0251
TIAUSDT,r5_arm20,0.8,98,1,55,0.4388,22.9523
TIAUSDT,r5_arm15_cooldown,0.8,114,1,57,0.5,26.5474
TIAUSDT,r6_arm15_rr4,0.8,48,0,26,0.4583,1.5955
TIAUSDT,r6_arm15_maxp3_trail20,0.8,14,1,4,0.7143,4.2166
TIAUSDT,r6_arm15_full,0.8,6,0,6,0.0,-1.2436
TIAUSDT,r7_arm20_maxp3_trail20,0.8,12,1,4,0.6667,4.0648
TIAUSDT,r7_trail15_maxp3,0.8,18,1,8,0.5556,3.5204
TIAUSDT,r7_trail20_maxp3,0.8,18,1,8,0.5556,3.1858
TIAUSDT,r7_full_clone_cooldown,0.8,6,0,6,0.0,-1.2436
TIAUSDT,r5_sl_adj_cooldown,0.8,59,0,28,0.5254,8.1036
TIAUSDT,r5_trail10_rr3,0.8,53,0,36,0.3208,4.1682
TIAUSDT,full_clone_max_tp,0.8,9,0,9,0.0,-1.2176
TIAUSDT,full_clone_sl_adjust,0.8,95,0,83,0.1263,-1.5124
TIAUSDT,lh_sell_trail15,0.8,65,1,37,0.4308,3.574
TIAUSDT,lh_sell_prox15_trail15,0.8,67,1,39,0.4179,2.2748
TIAUSDT,hl_buy_trail15,0.8,82,1,50,0.3902,17.4504
TIAUSDT,hl_buy_prox15_trail15,0.8,69,1,39,0.4348,7.5315
TIAUSDT,pre_confirm_trail15,0.8,82,1,50,0.3902,17.4504
TIAUSDT,pre_confirm_prox15_trail15,0.8,69,1,39,0.4348,7.5315
TIAUSDT,r8_btc_minsl_strict,0.8,11,0,8,0.2727,-0.4635
TIAUSDT,r8_sol_hlbuy_cooldown,0.8,114,1,80,0.2982,23.1425
TIAUSDT,trail_15_from_30_act2_min1,0.8,140,2,117,0.1643,6.859
TIAUSDT,trail_15_from_30_act3_min1,0.8,133,2,115,0.1353,2.5324
TIAUSDT,trail_15_from_30_act5_min15,0.8,110,3,102,0.0727,-14.335
TIAUSDT,trail_20_from_30_act2_min1,0.8,52,1,36,0.3077,-11.3746
TIAUSDT,trail_20_from_30_act3_min1,0.8,47,1,34,0.2766,-8.6659
TIAUSDT,trail_20_from_30_act5_min15,0.8,40,3,34,0.15,-24.6258
TIAUSDT,trail_15_from_15_act2_min1,0.8,82,2,58,0.2927,-13.5
TIAUSDT,trail_15_from_15_act3_min1,0.8,71,1,54,0.2394,-8.6447
TIAUSDT,trail_15_from_15_act5_min15,0.8,52,3,45,0.1346,-19.7638
TIAUSDT,trail_20_from_15_act2_min1,0.8,155,1,129,0.1677,-15.3501
TIAUSDT,trail_20_from_15_act3_min1,0.8,146,1,127,0.1301,-10.9124
TIAUSDT,trail_20_from_15_act5_min15,0.8,106,2,99,0.066,-22.624
TIAUSDT,default,0.65,101,4,97,0.0396,-13.4624
TIAUSDT,loose_entry,0.65,104,4,100,0.0385,-15.6441
TIAUSDT,broad_zone,0.65,101,4,97,0.0396,-13.4624
TIAUSDT,low_rr,0.65,104,4,100,0.0385,-15.6441
TIAUSDT,aggressive,0.65,104,4,100,0.0385,-15.6441
TIAUSDT,partial_50,0.65,50,1,38,0.24,-17.9492
TIAUSDT,partial_60,0.65,56,2,46,0.1786,-3.5668
TIAUSDT,partial_70,0.65,51,2,44,0.1373,-10.0771
TIAUSDT,partial_tight,0.65,53,2,43,0.1887,-1.2548
TIAUSDT,partial_high_rr,0.65,43,1,35,0.186,-8.8401
TIAUSDT,partial_conservative,0.65,48,1,36,0.25,-12.6045
TIAUSDT,trail_20_from_15,0.65,195,1,144,0.2615,8.7434
TIAUSDT,trail_15_from_15,0.65,103,1,52,0.4951,19.1109
TIAUSDT,trail_15_from_15_d1,0.65,117,1,64,0.453,17.6169
TIAUSDT,trail_25_from_15,0.65,141,1,87,0.383,13.5372
TIAUSDT,db_layer_0,0.65,63,0,39,0.381,0.0645
TIAUSDT,db_layer_1,0.65,141,0,114,0.1915,-1.7201
TIAUSDT,db_layer_3,0.65,104,0,79,0.2404,0.2729
TIAUSDT,rr_4x_trail_20,0.65,61,0,38,0.377,-0.3904
TIAUSDT,rr_3x_trail_15,0.65,136,0,109,0.1985,-0.4244
TIAUSDT,sl_filter_trail,0.65,83,0,61,0.2651,6.0818
TIAUSDT,trail_20_from_30_sl_filter,0.65,54,1,38,0.2963,4.7132
TIAUSDT,trail_20_from_30_full,0.65,51,0,37,0.2745,5.2403
TIAUSDT,trail_15_from_30,0.65,140,2,111,0.2071,14.5867
TIAUSDT,trail_20_from_30_cooldown,0.65,54,1,32,0.4074,-5.8395
TIAUSDT,trail_15_from_30_tp95,0.65,57,1,35,0.386,-4.8468
TIAUSDT,trail_15_from_30_cooldown,0.65,54,1,32,0.4074,-3.4902
TIAUSDT,trail_15_from_30_full,0.65,54,1,32,0.4074,-4.0064
TIAUSDT,db_clone_cooldown,0.65,50,0,31,0.38,4.6251
TIAUSDT,correction_w20_trail15_30,0.65,57,1,35,0.386,-4.8468
TIAUSDT,db_full_clone,0.65,65,0,46,0.2923,3.5472
TIAUSDT,sl_adjust_rr_trail,0.65,91,0,71,0.2198,-8.3203
TIAUSDT,sl_adjust_rr_tp95,0.65,66,0,36,0.4545,5.0968
TIAUSDT,max_profit_2pct,0.65,11,2,9,0.1818,0.2718
TIAUSDT,max_profit_2pct_trail,0.65,3,0,2,0.3333,-0.6519
TIAUSDT,max_profit_3pct_trail,0.65,8,0,8,0.0,-1.1121
TIAUSDT,r5_tight,0.65,52,1,30,0.4231,-3.3387
TIAUSDT,r5_rr3,0.65,50,0,33,0.34,5.544
TIAUSDT,r5_sl_filter,0.65,49,1,33,0.3265,6.7481
TIAUSDT,r5_sl_adjust,0.65,45,0,28,0.3778,6.9947
TIAUSDT,r5_tight_rr3,0.65,48,0,31,0.3542,6.2117
TIAUSDT,r5_tight_sl,0.65,47,1,31,0.3404,7.4158
TIAUSDT,r5_all_filters,0.65,44,0,30,0.3182,8.0791
TIAUSDT,r5_trail10,0.65,80,1,53,0.3375,21.4709
TIAUSDT,r5_arm25,0.65,64,1,38,0.4062,12.7694
TIAUSDT,r5_arm20,0.65,86,1,50,0.4186,14.2987
TIAUSDT,r5_arm15_cooldown,0.65,101,1,52,0.4851,15.0644
TIAUSDT,r6_arm15_rr4,0.65,45,0,23,0.4889,4.4143
TIAUSDT,r6_arm15_maxp3_trail20,0.65,14,1,4,0.7143,4.2166
TIAUSDT,r6_arm15_full,0.65,6,0,6,0.0,-1.2436
TIAUSDT,r7_arm20_maxp3_trail20,0.65,12,1,4,0.6667,4.0648
TIAUSDT,r7_trail15_maxp3,0.65,18,1,8,0.5556,3.5204
TIAUSDT,r7_trail20_maxp3,0.65,18,1,8,0.5556,3.1858
TIAUSDT,r7_full_clone_cooldown,0.65,6,0,6,0.0,-1.2436
TIAUSDT,r5_sl_adj_cooldown,0.65,55,0,25,0.5455,8.3589
TIAUSDT,r5_trail10_rr3,0.65,50,0,33,0.34,7.124
TIAUSDT,full_clone_max_tp,0.65,9,0,9,0.0,-1.2176
TIAUSDT,full_clone_sl_adjust,0.65,85,0,73,0.1412,0.8764
TIAUSDT,lh_sell_trail15,0.65,57,1,35,0.386,-4.8468
TIAUSDT,lh_sell_prox15_trail15,0.65,59,1,37,0.3729,-6.146
TIAUSDT,hl_buy_trail15,0.65,73,1,47,0.3562,9.8761
TIAUSDT,hl_buy_prox15_trail15,0.65,61,1,37,0.3934,-0.8893
TIAUSDT,pre_confirm_trail15,0.65,73,1,47,0.3562,9.8761
TIAUSDT,pre_confirm_prox15_trail15,0.65,61,1,37,0.3934,-0.8893
TIAUSDT,r8_btc_minsl_strict,0.65,11,0,8,0.2727,-0.4635
TIAUSDT,r8_sol_hlbuy_cooldown,0.65,104,1,77,0.2596,13.2933
TIAUSDT,trail_15_from_30_act2_min1,0.65,128,2,109,0.1484,1.6101
TIAUSDT,trail_15_from_30_act3_min1,0.65,123,2,108,0.122,-2.2812
TIAUSDT,trail_15_from_30_act5_min15,0.65,102,2,95,0.0686,-16.5122
TIAUSDT,trail_20_from_30_act2_min1,0.65,47,1,35,0.2553,-18.8629
TIAUSDT,trail_20_from_30_act3_min1,0.65,43,1,34,0.2093,-20.703
TIAUSDT,trail_20_from_30_act5_min15,0.65,39,2,34,0.1282,-27.172
TIAUSDT,trail_15_from_15_act2_min1,0.65,74,1,55,0.2568,-23.0696
TIAUSDT,trail_15_from_15_act3_min1,0.65,63,0,51,0.1905,-20.7638
TIAUSDT,trail_15_from_15_act5_min15,0.65,48,1,43,0.1042,-26.6376
TIAUSDT,trail_20_from_15_act2_min1,0.65,145,1,123,0.1517,-18.3867
TIAUSDT,trail_20_from_15_act3_min1,0.65,139,1,123,0.1151,-16.118
TIAUSDT,trail_20_from_15_act5_min15,0.65,100,1,94,0.06,-24.3292
TIAUSDT,default,0.5,88,2,86,0.0227,-20.4433
TIAUSDT,loose_entry,0.5,94,2,92,0.0213,-22.1703
TIAUSDT,broad_zone,0.5,93,2,91,0.0215,-21.739
TIAUSDT,low_rr,0.5,89,2,87,0.0225,-20.8746
TIAUSDT,aggressive,0.5,94,2,92,0.0213,-22.1703
TIAUSDT,partial_50,0.5,44,2,33,0.25,-11.665
TIAUSDT,partial_60,0.5,48,2,40,0.1667,-4.5143
TIAUSDT,partial_70,0.5,46,2,41,0.1087,-15.0513
TIAUSDT,partial_tight,0.5,45,1,38,0.1556,-5.4596
TIAUSDT,partial_high_rr,0.5,37,0,32,0.1351,-16.5476
TIAUSDT,partial_conservative,0.5,43,1,33,0.2326,-12.0977
TIAUSDT,trail_20_from_15,0.5,161,1,122,0.2422,2.9393
TIAUSDT,trail_15_from_15,0.5,83,1,47,0.4337,5.2544
TIAUSDT,trail_15_from_15_d1,0.5,95,1,57,0.4,4.1757
TIAUSDT,trail_25_from_15,0.5,118,1,78,0.339,4.0813
TIAUSDT,db_layer_0,0.5,56,0,36,0.3571,-2.7346
TIAUSDT,db_layer_1,0.5,126,0,102,0.1905,-2.0113
TIAUSDT,db_layer_3,0.5,97,0,75,0.2268,-1.9354
TIAUSDT,rr_4x_trail_20,0.5,54,0,35,0.3519,-3.1895
TIAUSDT,rr_3x_trail_15,0.5,121,0,97,0.1983,-0.7157
TIAUSDT,sl_filter_trail,0.5,72,0,55,0.2361,3.5289
TIAUSDT,trail_20_from_30_sl_filter,0.5,46,0,34,0.2609,-0.1126
TIAUSDT,trail_20_from_30_full,0.5,45,0,34,0.2444,0.3277
TIAUSDT,trail_15_from_30,0.5,119,1,98,0.1765,6.6591
TIAUSDT,trail_20_from_30_cooldown,0.5,46,1,28,0.3913,-4.582
TIAUSDT,trail_15_from_30_tp95,0.5,49,1,31,0.3673,-4.8413
TIAUSDT,trail_15_from_30_cooldown,0.5,46,1,28,0.3913,-2.6827
TIAUSDT,trail_15_from_30_full,0.5,46,1,28,0.3913,-4.0009
TIAUSDT,db_clone_cooldown,0.5,44,0,28,0.3636,3.2549
TIAUSDT,correction_w20_trail15_30,0.5,49,1,31,0.3673,-4.8413
TIAUSDT,db_full_clone,0.5,59,0,43,0.2712,1.9307
TIAUSDT,sl_adjust_rr_trail,0.5,82,0,63,0.2317,-4.2636
TIAUSDT,sl_adjust_rr_tp95,0.5,57,0,33,0.4211,1.6263
TIAUSDT,max_profit_2pct,0.5,6,1,5,0.1667,0.3583
TIAUSDT,max_profit_2pct_trail,0.5,2,0,2,0.0,-1.0035
TIAUSDT,max_profit_3pct_trail,0.5,6,0,6,0.0,-0.8173
TIAUSDT,r5_tight,0.5,44,1,26,0.4091,-3.3332
TIAUSDT,r5_rr3,0.5,43,0,30,0.3023,-0.8944
TIAUSDT,r5_sl_filter,0.5,41,0,29,0.2927,1.7322
TIAUSDT,r5_sl_adjust,0.5,39,0,26,0.3333,-0.154
TIAUSDT,r5_tight_rr3,0.5,41,0,28,0.3171,-0.2267
TIAUSDT,r5_tight_sl,0.5,39,0,27,0.3077,2.3999
TIAUSDT,r5_all_filters,0.5,38,0,27,0.2895,2.896
TIAUSDT,r5_trail10,0.5,67,1,47,0.2985,11.9509
TIAUSDT,r5_arm25,0.5,53,1,33,0.3774,6.3142
TIAUSDT,r5_arm20,0.5,73,1,45,0.3836,5.4226
TIAUSDT,r5_arm15_cooldown,0.5,84,1,48,0.4286,4.4907
TIAUSDT,r6_arm15_rr4,0.5,39,0,21,0.4615,1.9322
TIAUSDT,r6_arm15_maxp3_trail20,0.5,10,1,3,0.7,4.0463
TIAUSDT,r6_arm15_full,0.5,4,0,4,0.0,-0.706
TIAUSDT,r7_arm20_maxp3_trail20,0.5,9,1,3,0.6667,4.0416
TIAUSDT,r7_trail15_maxp3,0.5,13,1,6,0.5385,3.4026
TIAUSDT,r7_trail20_maxp3,0.5,13,1,6,0.5385,3.1521
TIAUSDT,r7_full_clone_cooldown,0.5,4,0,4,0.0,-0.706
TIAUSDT,r5_sl_adj_cooldown,0.5,48,0,24,0.5,4.6157
TIAUSDT,r5_trail10_rr3,0.5,43,0,30,0.3023,0.2037
TIAUSDT,full_clone_max_tp,0.5,7,0,7,0.0,-0.9227
TIAUSDT,full_clone_sl_adjust,0.5,77,0,66,0.1429,0.6041
TIAUSDT,lh_sell_trail15,0.5,49,1,31,0.3673,-4.8413
TIAUSDT,lh_sell_prox15_trail15,0.5,51,1,33,0.3529,-6.1405
TIAUSDT,hl_buy_trail15,0.5,66,1,44,0.3333,6.6219
TIAUSDT,hl_buy_prox15_trail15,0.5,56,1,35,0.375,-2.6382
TIAUSDT,pre_confirm_trail15,0.5,66,1,44,0.3333,6.6219
TIAUSDT,pre_confirm_prox15_trail15,0.5,56,1,35,0.375,-2.6382
TIAUSDT,r8_btc_minsl_strict,0.5,9,0,6,0.3333,0.2184
TIAUSDT,r8_sol_hlbuy_cooldown,0.5,91,1,69,0.2418,4.0799
TIAUSDT,trail_15_from_30_act2_min1,0.5,110,2,96,0.1273,0.1825
TIAUSDT,trail_15_from_30_act3_min1,0.5,107,2,95,0.1121,1.0893
TIAUSDT,trail_15_from_30_act5_min15,0.5,91,1,87,0.044,-20.8431
TIAUSDT,trail_20_from_30_act2_min1,0.5,41,2,30,0.2683,-11.9381
TIAUSDT,trail_20_from_30_act3_min1,0.5,39,2,31,0.2051,-16.2858
TIAUSDT,trail_20_from_30_act5_min15,0.5,34,2,30,0.1176,-22.5418
TIAUSDT,trail_15_from_15_act2_min1,0.5,65,2,49,0.2462,-14.7627
TIAUSDT,trail_15_from_15_act3_min1,0.5,56,1,46,0.1786,-16.3823
TIAUSDT,trail_15_from_15_act5_min15,0.5,45,1,40,0.1111,-19.98
TIAUSDT,trail_20_from_15_act2_min1,0.5,126,2,108,0.1429,-13.3015
TIAUSDT,trail_20_from_15_act3_min1,0.5,122,2,108,0.1148,-5.8047
TIAUSDT,trail_20_from_15_act5_min15,0.5,91,1,87,0.044,-25.1444
TIAUSDT,default,0.3,68,0,68,0.0,-21.7222
TIAUSDT,loose_entry,0.3,73,0,73,0.0,-23.0178
TIAUSDT,broad_zone,0.3,73,0,73,0.0,-23.0178
TIAUSDT,low_rr,0.3,68,0,68,0.0,-21.7222
TIAUSDT,aggressive,0.3,73,0,73,0.0,-23.0178
TIAUSDT,partial_50,0.3,33,1,25,0.2424,-10.7178
TIAUSDT,partial_60,0.3,37,1,32,0.1351,-8.6018
TIAUSDT,partial_70,0.3,35,1,32,0.0857,-13.8532
TIAUSDT,partial_tight,0.3,35,1,30,0.1429,-7.6899
TIAUSDT,partial_high_rr,0.3,29,0,26,0.1034,-18.3452
TIAUSDT,partial_conservative,0.3,33,1,25,0.2424,-10.3874
TIAUSDT,trail_20_from_15,0.3,97,0,72,0.2577,5.4179
TIAUSDT,trail_15_from_15,0.3,53,0,30,0.434,6.4229
TIAUSDT,trail_15_from_15_d1,0.3,60,0,36,0.4,5.9958
TIAUSDT,trail_25_from_15,0.3,74,0,48,0.3514,7.19
TIAUSDT,db_layer_0,0.3,44,0,27,0.3864,4.8929
TIAUSDT,db_layer_1,0.3,82,0,66,0.1951,1.8129
TIAUSDT,db_layer_3,0.3,66,0,49,0.2576,4.932
TIAUSDT,rr_4x_trail_20,0.3,42,0,26,0.381,4.4379
TIAUSDT,rr_3x_trail_15,0.3,77,0,61,0.2078,3.1086
TIAUSDT,sl_filter_trail,0.3,51,0,38,0.2549,6.472
TIAUSDT,trail_20_from_30_sl_filter,0.3,34,0,27,0.2059,-3.2697
TIAUSDT,trail_20_from_30_full,0.3,34,0,27,0.2059,-2.4781
TIAUSDT,trail_15_from_30,0.3,77,0,64,0.1688,3.2979
TIAUSDT,trail_20_from_30_cooldown,0.3,34,0,22,0.3529,-6.66
TIAUSDT,trail_15_from_30_tp95,0.3,35,0,23,0.3429,-6.0624
TIAUSDT,trail_15_from_30_cooldown,0.3,34,0,22,0.3529,-5.2602
TIAUSDT,trail_15_from_30_full,0.3,34,0,22,0.3529,-5.7189
TIAUSDT,db_clone_cooldown,0.3,36,0,23,0.3611,4.5688
TIAUSDT,correction_w20_trail15_30,0.3,35,0,23,0.3429,-6.0624
TIAUSDT,db_full_clone,0.3,45,0,32,0.2889,4.4142
TIAUSDT,sl_adjust_rr_trail,0.3,56,0,42,0.25,0.9348
TIAUSDT,sl_adjust_rr_tp95,0.3,43,0,24,0.4419,8.1528
TIAUSDT,max_profit_2pct,0.3,1,1,0,1.0,1.8851
TIAUSDT,max_profit_2pct_trail,0.3,0,0,0,0.0,0
TIAUSDT,max_profit_3pct_trail,0.3,2,0,2,0.0,-0.202
TIAUSDT,r5_tight,0.3,32,0,20,0.375,-5.0512
TIAUSDT,r5_rr3,0.3,33,0,24,0.2727,-1.1584
TIAUSDT,r5_sl_filter,0.3,31,0,24,0.2258,-2.259
TIAUSDT,r5_sl_adjust,0.3,29,0,20,0.3103,-2.5434
TIAUSDT,r5_tight_rr3,0.3,31,0,22,0.2903,-0.4907
TIAUSDT,r5_tight_sl,0.3,29,0,22,0.2414,-1.5913
TIAUSDT,r5_all_filters,0.3,29,0,22,0.2414,-0.717
TIAUSDT,r5_trail10,0.3,45,0,31,0.3111,13.6946
TIAUSDT,r5_arm25,0.3,41,0,25,0.3902,11.9513
TIAUSDT,r5_arm20,0.3,49,0,30,0.3878,7.8289
TIAUSDT,r5_arm15_cooldown,0.3,54,0,31,0.4259,6.1862
TIAUSDT,r6_arm15_rr4,0.3,32,0,16,0.5,8.787
TIAUSDT,r6_arm15_maxp3_trail20,0.3,6,0,2,0.6667,1.289
TIAUSDT,r6_arm15_full,0.3,3,0,3,0.0,-0.429
TIAUSDT,r7_arm20_maxp3_trail20,0.3,5,0,2,0.6,1.2844
TIAUSDT,r7_trail15_maxp3,0.3,7,0,3,0.5714,1.3316
TIAUSDT,r7_trail20_maxp3,0.3,7,0,3,0.5714,1.153
TIAUSDT,r7_full_clone_cooldown,0.3,3,0,3,0.0,-0.429
TIAUSDT,r5_sl_adj_cooldown,0.3,38,0,19,0.5,9.4972
TIAUSDT,r5_trail10_rr3,0.3,33,0,24,0.2727,0.0083
TIAUSDT,full_clone_max_tp,0.3,3,0,3,0.0,-0.3075
TIAUSDT,full_clone_sl_adjust,0.3,57,0,48,0.1579,3.4973
TIAUSDT,lh_sell_trail15,0.3,35,0,23,0.3429,-6.0624
TIAUSDT,lh_sell_prox15_trail15,0.3,37,0,25,0.3243,-7.3616
TIAUSDT,hl_buy_trail15,0.3,49,0,32,0.3469,8.7375
TIAUSDT,hl_buy_prox15_trail15,0.3,44,0,28,0.3636,-3.6198
TIAUSDT,pre_confirm_trail15,0.3,49,0,32,0.3469,8.7375
TIAUSDT,pre_confirm_prox15_trail15,0.3,44,0,28,0.3636,-3.6198
TIAUSDT,r8_btc_minsl_strict,0.3,3,0,2,0.3333,-0.3578
TIAUSDT,r8_sol_hlbuy_cooldown,0.3,68,0,53,0.2206,4.7946
TIAUSDT,trail_15_from_30_act2_min1,0.3,71,1,62,0.1268,1.0202
TIAUSDT,trail_15_from_30_act3_min1,0.3,70,1,63,0.1,-1.1776
TIAUSDT,trail_15_from_30_act5_min15,0.3,68,0,66,0.0294,-18.4993
TIAUSDT,trail_20_from_30_act2_min1,0.3,30,1,23,0.2333,-10.3538
TIAUSDT,trail_20_from_30_act3_min1,0.3,28,1,23,0.1786,-12.4108
TIAUSDT,trail_20_from_30_act5_min15,0.3,26,1,24,0.0769,-21.9294
TIAUSDT,trail_15_from_15_act2_min1,0.3,42,1,31,0.2619,-5.5266
TIAUSDT,trail_15_from_15_act3_min1,0.3,38,0,31,0.1842,-8.0171
TIAUSDT,trail_15_from_15_act5_min15,0.3,35,0,32,0.0857,-17.5881
TIAUSDT,trail_20_from_15_act2_min1,0.3,76,1,64,0.1579,-4.9989
TIAUSDT,trail_20_from_15_act3_min1,0.3,73,1,64,0.1233,0.051
TIAUSDT,trail_20_from_15_act5_min15,0.3,66,0,64,0.0303,-22.3563
TIAUSDT,default,0.1,45,0,45,0.0,-13.1863
TIAUSDT,loose_entry,0.1,50,0,50,0.0,-14.4819
TIAUSDT,broad_zone,0.1,50,0,50,0.0,-14.4819
TIAUSDT,low_rr,0.1,45,0,45,0.0,-13.1863
TIAUSDT,aggressive,0.1,50,0,50,0.0,-14.4819
TIAUSDT,partial_50,0.1,28,0,24,0.1429,-4.1757
TIAUSDT,partial_60,0.1,31,0,27,0.129,1.3367
TIAUSDT,partial_70,0.1,29,0,27,0.069,-3.9147
TIAUSDT,partial_tight,0.1,29,0,25,0.1379,2.2486
TIAUSDT,partial_high_rr,0.1,27,0,24,0.1111,-4.0046
TIAUSDT,partial_conservative,0.1,28,0,24,0.1429,-3.8453
TIAUSDT,trail_20_from_15,0.1,59,0,43,0.2712,3.2704
TIAUSDT,trail_15_from_15,0.1,33,0,20,0.3939,3.3552
TIAUSDT,trail_15_from_15_d1,0.1,39,0,25,0.359,3.0813
TIAUSDT,trail_25_from_15,0.1,49,0,34,0.3061,0.5393
TIAUSDT,db_layer_0,0.1,32,0,20,0.375,2.7581
TIAUSDT,db_layer_1,0.1,52,0,42,0.1923,0.7704
TIAUSDT,db_layer_3,0.1,42,0,30,0.2857,4.5058
TIAUSDT,rr_4x_trail_20,0.1,30,0,19,0.3667,2.3032
TIAUSDT,rr_3x_trail_15,0.1,47,0,37,0.2128,2.0661
TIAUSDT,sl_filter_trail,0.1,27,0,21,0.2222,2.8268
TIAUSDT,trail_20_from_30_sl_filter,0.1,23,0,19,0.1739,-1.5118
TIAUSDT,trail_20_from_30_full,0.1,23,0,19,0.1739,-1.5535
TIAUSDT,trail_15_from_30,0.1,50,0,42,0.16,3.3553
TIAUSDT,trail_20_from_30_cooldown,0.1,28,0,21,0.25,-2.1485
TIAUSDT,trail_15_from_30_tp95,0.1,30,0,23,0.2333,-1.5277
TIAUSDT,trail_15_from_30_cooldown,0.1,28,0,21,0.25,-1.2502
TIAUSDT,trail_15_from_30_full,0.1,28,0,21,0.25,-1.2502
TIAUSDT,db_clone_cooldown,0.1,24,0,16,0.3333,3.091
TIAUSDT,correction_w20_trail15_30,0.1,30,0,23,0.2333,-1.5277
TIAUSDT,db_full_clone,0.1,26,0,18,0.3077,2.4997
TIAUSDT,sl_adjust_rr_trail,0.1,34,0,24,0.2941,2.1142
TIAUSDT,sl_adjust_rr_tp95,0.1,32,0,21,0.3438,-1.1895
TIAUSDT,max_profit_2pct,0.1,0,0,0,0.0,0
TIAUSDT,max_profit_2pct_trail,0.1,0,0,0,0.0,0
TIAUSDT,max_profit_3pct_trail,0.1,0,0,0,0.0,0
TIAUSDT,r5_tight,0.1,26,0,19,0.2692,-0.5825
TIAUSDT,r5_rr3,0.1,24,0,18,0.25,3.7762
TIAUSDT,r5_sl_filter,0.1,21,0,17,0.1905,-0.5574
TIAUSDT,r5_sl_adjust,0.1,25,0,19,0.24,1.7744
TIAUSDT,r5_tight_rr3,0.1,22,0,16,0.2727,4.4439
TIAUSDT,r5_tight_sl,0.1,19,0,15,0.2105,0.1103
TIAUSDT,r5_all_filters,0.1,19,0,15,0.2105,0.1103
TIAUSDT,r5_trail10,0.1,32,0,26,0.1875,2.9137
TIAUSDT,r5_arm25,0.1,28,0,20,0.2857,3.3377
TIAUSDT,r5_arm20,0.1,33,0,21,0.3636,6.2459
TIAUSDT,r5_arm15_cooldown,0.1,35,0,21,0.4,3.4369
TIAUSDT,r6_arm15_rr4,0.1,22,0,11,0.5,5.748
TIAUSDT,r6_arm15_maxp3_trail20,0.1,1,0,1,0.0,-0.1819
TIAUSDT,r6_arm15_full,0.1,1,0,1,0.0,-0.1513
TIAUSDT,r7_arm20_maxp3_trail20,0.1,1,0,1,0.0,-0.1819
TIAUSDT,r7_trail15_maxp3,0.1,0,0,0,0.0,0
TIAUSDT,r7_trail20_maxp3,0.1,0,0,0,0.0,0
TIAUSDT,r7_full_clone_cooldown,0.1,1,0,1,0.0,-0.1513
TIAUSDT,r5_sl_adj_cooldown,0.1,26,0,15,0.4231,0.1699
TIAUSDT,r5_trail10_rr3,0.1,24,0,18,0.25,4.5935
TIAUSDT,full_clone_max_tp,0.1,1,0,1,0.0,-0.1055
TIAUSDT,full_clone_sl_adjust,0.1,31,0,25,0.1935,3.1217
TIAUSDT,lh_sell_trail15,0.1,30,0,23,0.2333,-1.5277
TIAUSDT,lh_sell_prox15_trail15,0.1,32,0,25,0.2188,-2.8269
TIAUSDT,hl_buy_trail15,0.1,41,0,29,0.2927,10.7818
TIAUSDT,hl_buy_prox15_trail15,0.1,40,0,28,0.3,3.9766
TIAUSDT,pre_confirm_trail15,0.1,41,0,29,0.2927,10.7818
TIAUSDT,pre_confirm_prox15_trail15,0.1,40,0,28,0.3,3.9766
TIAUSDT,r8_btc_minsl_strict,0.1,0,0,0,0.0,0
TIAUSDT,r8_sol_hlbuy_cooldown,0.1,50,0,39,0.22,7.4509
TIAUSDT,trail_15_from_30_act2_min1,0.1,47,0,41,0.1277,2.4753
TIAUSDT,trail_15_from_30_act3_min1,0.1,46,0,42,0.087,0.2775
TIAUSDT,trail_15_from_30_act5_min15,0.1,45,0,43,0.0444,-7.2689
TIAUSDT,trail_20_from_30_act2_min1,0.1,27,0,21,0.2222,0.3614
TIAUSDT,trail_20_from_30_act3_min1,0.1,26,0,22,0.1538,-2.1058
TIAUSDT,trail_20_from_30_act5_min15,0.1,22,0,21,0.0455,-9.2077
TIAUSDT,trail_15_from_15_act2_min1,0.1,27,0,22,0.1852,-7.3997
TIAUSDT,trail_15_from_15_act3_min1,0.1,25,0,22,0.12,-8.0378
TIAUSDT,trail_15_from_15_act5_min15,0.1,24,0,22,0.0833,-8.6501
TIAUSDT,trail_20_from_15_act2_min1,0.1,48,0,41,0.1458,-6.0213
TIAUSDT,trail_20_from_15_act3_min1,0.1,45,0,41,0.0889,-1.9742
TIAUSDT,trail_20_from_15_act5_min15,0.1,44,0,42,0.0455,-9.4409
EIGENUSDT,default,1.0,43,1,42,0.0233,-4.5179
EIGENUSDT,loose_entry,1.0,46,1,45,0.0217,-5.9757
EIGENUSDT,broad_zone,1.0,43,1,42,0.0233,-4.5179
EIGENUSDT,low_rr,1.0,46,1,45,0.0217,-5.9757
EIGENUSDT,aggressive,1.0,46,1,45,0.0217,-5.9757
EIGENUSDT,partial_50,1.0,23,0,18,0.2174,-5.7717
EIGENUSDT,partial_60,1.0,20,0,17,0.15,-6.0777
EIGENUSDT,partial_70,1.0,19,0,17,0.1053,-4.7952
EIGENUSDT,partial_tight,1.0,27,0,23,0.1481,-3.1199
EIGENUSDT,partial_high_rr,1.0,19,0,17,0.1053,-6.2242
EIGENUSDT,partial_conservative,1.0,22,0,18,0.1818,-6.6987
EIGENUSDT,trail_20_from_15,1.0,73,0,60,0.1781,-0.8791
EIGENUSDT,trail_15_from_15,1.0,31,0,18,0.4194,-0.503
EIGENUSDT,trail_15_from_15_d1,1.0,38,0,24,0.3684,-2.3964
EIGENUSDT,trail_25_from_15,1.0,56,0,42,0.25,-4.3565
EIGENUSDT,db_layer_0,1.0,30,0,22,0.2667,-5.4771
EIGENUSDT,db_layer_1,1.0,56,0,50,0.1071,-4.8484
EIGENUSDT,db_layer_3,1.0,41,0,36,0.122,-4.2162
EIGENUSDT,rr_4x_trail_20,1.0,29,0,22,0.2414,-5.5791
EIGENUSDT,rr_3x_trail_15,1.0,56,0,50,0.1071,-4.8484
EIGENUSDT,sl_filter_trail,1.0,44,0,36,0.1818,-2.7888
EIGENUSDT,trail_20_from_30_sl_filter,1.0,28,0,21,0.25,-5.8893
EIGENUSDT,trail_20_from_30_full,1.0,26,0,21,0.1923,-5.1428
EIGENUSDT,trail_15_from_30,1.0,66,0,58,0.1212,-2.5571
EIGENUSDT,trail_20_from_30_cooldown,1.0,22,0,13,0.4091,-8.086
EIGENUSDT,trail_15_from_30_tp95,1.0,28,0,17,0.3929,-4.3807
EIGENUSDT,trail_15_from_30_cooldown,1.0,22,0,13,0.4091,-7.5012
EIGENUSDT,trail_15_from_30_full,1.0,22,0,13,0.4091,-7.5012
EIGENUSDT,db_clone_cooldown,1.0,21,0,14,0.3333,-0.6948
EIGENUSDT,correction_w20_trail15_30,1.0,28,0,17,0.3929,-4.3807
EIGENUSDT,db_full_clone,1.0,29,0,22,0.2414,-3.3357
EIGENUSDT,sl_adjust_rr_trail,1.0,28,0,25,0.1071,-3.7426
EIGENUSDT,sl_adjust_rr_tp95,1.0,29,0,22,0.2414,-7.7805
EIGENUSDT,max_profit_2pct,1.0,4,0,4,0.0,-1.2809
EIGENUSDT,max_profit_2pct_trail,1.0,1,0,0,1.0,0.102
EIGENUSDT,max_profit_3pct_trail,1.0,4,0,4,0.0,-0.6758
EIGENUSDT,r5_tight,1.0,22,0,13,0.4091,-7.5012
EIGENUSDT,r5_rr3,1.0,19,0,15,0.2105,-5.9185
EIGENUSDT,r5_sl_filter,1.0,21,0,14,0.3333,-3.7025
EIGENUSDT,r5_sl_adjust,1.0,19,0,15,0.2105,-5.9185
EIGENUSDT,r5_tight_rr3,1.0,19,0,15,0.2105,-5.9185
EIGENUSDT,r5_tight_sl,1.0,21,0,14,0.3333,-3.7025
EIGENUSDT,r5_all_filters,1.0,18,0,14,0.2222,-3.7608
EIGENUSDT,r5_trail10,1.0,33,0,25,0.2424,0.0885
EIGENUSDT,r5_arm25,1.0,24,0,14,0.4167,-0.0842
EIGENUSDT,r5_arm20,1.0,29,0,18,0.3793,-1.8329
EIGENUSDT,r5_arm15_cooldown,1.0,31,0,17,0.4516,0.0879
EIGENUSDT,r6_arm15_rr4,1.0,16,0,10,0.375,-3.864
EIGENUSDT,r6_arm15_maxp3_trail20,1.0,13,0,2,0.8462,1.0165
EIGENUSDT,r6_arm15_full,1.0,4,0,1,0.75,0.9029
EIGENUSDT,r7_arm20_maxp3_trail20,1.0,12,0,2,0.8333,0.6864
EIGENUSDT,r7_trail15_maxp3,1.0,11,0,2,0.8182,0.6647
EIGENUSDT,r7_trail20_maxp3,1.0,11,0,2,0.8182,0.4284
EIGENUSDT,r7_full_clone_cooldown,1.0,4,0,1,0.75,0.9029
EIGENUSDT,r5_sl_adj_cooldown,1.0,17,0,12,0.2941,-7.8533
EIGENUSDT,r5_trail10_rr3,1.0,19,0,15,0.2105,-5.5319
EIGENUSDT,full_clone_max_tp,1.0,4,0,4,0.0,-0.6758
EIGENUSDT,full_clone_sl_adjust,1.0,40,0,38,0.05,-3.4971
EIGENUSDT,lh_sell_trail15,1.0,28,0,17,0.3929,-4.3807
EIGENUSDT,lh_sell_prox15_trail15,1.0,28,0,17,0.3929,-4.3807
EIGENUSDT,hl_buy_trail15,1.0,33,0,23,0.303,-3.5939
EIGENUSDT,hl_buy_prox15_trail15,1.0,24,0,12,0.5,4.5009
EIGENUSDT,pre_confirm_trail15,1.0,33,0,23,0.303,-3.5939
EIGENUSDT,pre_confirm_prox15_trail15,1.0,24,0,12,0.5,4.5009
EIGENUSDT,r8_btc_minsl_strict,1.0,5,0,4,0.2,-0.3673
EIGENUSDT,r8_sol_hlbuy_cooldown,1.0,33,0,22,0.3333,8.2102
EIGENUSDT,trail_15_from_30_act2_min1,1.0,54,0,51,0.0556,-6.1063
EIGENUSDT,trail_15_from_30_act3_min1,1.0,42,0,40,0.0476,-8.3348
EIGENUSDT,trail_15_from_30_act5_min15,1.0,36,0,35,0.0278,-9.7616
EIGENUSDT,trail_20_from_30_act2_min1,1.0,16,0,14,0.125,-11.5047
EIGENUSDT,trail_20_from_30_act3_min1,1.0,14,0,13,0.0714,-14.4551
EIGENUSDT,trail_20_from_30_act5_min15,1.0,14,0,13,0.0714,-14.8917
EIGENUSDT,trail_15_from_15_act2_min1,1.0,19,0,17,0.1053,-8.8178
EIGENUSDT,trail_15_from_15_act3_min1,1.0,17,0,16,0.0588,-9.1523
EIGENUSDT,trail_15_from_15_act5_min15,1.0,17,0,16,0.0588,-9.6525
EIGENUSDT,trail_20_from_15_act2_min1,1.0,48,0,45,0.0625,-9.992
EIGENUSDT,trail_20_from_15_act3_min1,1.0,42,0,40,0.0476,-9.7714
EIGENUSDT,trail_20_from_15_act5_min15,1.0,36,0,35,0.0278,-11.0995
EIGENUSDT,default,0.8,43,1,42,0.0233,-4.5179
EIGENUSDT,loose_entry,0.8,46,1,45,0.0217,-5.9757
EIGENUSDT,broad_zone,0.8,43,1,42,0.0233,-4.5179
EIGENUSDT,low_rr,0.8,46,1,45,0.0217,-5.9757
EIGENUSDT,aggressive,0.8,46,1,45,0.0217,-5.9757
EIGENUSDT,partial_50,0.8,23,0,18,0.2174,-5.5421
EIGENUSDT,partial_60,0.8,20,0,17,0.15,-6.0777
EIGENUSDT,partial_70,0.8,19,0,17,0.1053,-4.7952
EIGENUSDT,partial_tight,0.8,27,0,23,0.1481,-3.1199
EIGENUSDT,partial_high_rr,0.8,19,0,17,0.1053,-6.2242
EIGENUSDT,partial_conservative,0.8,22,0,18,0.1818,-6.4691
EIGENUSDT,trail_20_from_15,0.8,69,0,58,0.1594,-1.44
EIGENUSDT,trail_15_from_15,0.8,30,0,17,0.4333,0.5873
EIGENUSDT,trail_15_from_15_d1,0.8,37,0,23,0.3784,-1.3062
EIGENUSDT,trail_25_from_15,0.8,52,0,40,0.2308,-4.5685
EIGENUSDT,db_layer_0,0.8,30,0,22,0.2667,-5.4771
EIGENUSDT,db_layer_1,0.8,55,0,50,0.0909,-5.5446
EIGENUSDT,db_layer_3,0.8,41,0,36,0.122,-4.2162
EIGENUSDT,rr_4x_trail_20,0.8,29,0,22,0.2414,-5.5791
EIGENUSDT,rr_3x_trail_15,0.8,55,0,50,0.0909,-5.5446
EIGENUSDT,sl_filter_trail,0.8,40,0,34,0.15,-3.0835
EIGENUSDT,trail_20_from_30_sl_filter,0.8,27,0,21,0.2222,-5.5565
EIGENUSDT,trail_20_from_30_full,0.8,26,0,21,0.1923,-5.1428
EIGENUSDT,trail_15_from_30,0.8,62,0,56,0.0968,-3.2008
EIGENUSDT,trail_20_from_30_cooldown,0.8,21,0,13,0.381,-7.7532
EIGENUSDT,trail_15_from_30_tp95,0.8,27,0,17,0.3704,-4.068
EIGENUSDT,trail_15_from_30_cooldown,0.8,21,0,13,0.381,-7.1886
EIGENUSDT,trail_15_from_30_full,0.8,21,0,13,0.381,-7.1886
EIGENUSDT,db_clone_cooldown,0.8,21,0,14,0.3333,-0.6948
EIGENUSDT,correction_w20_trail15_30,0.8,27,0,17,0.3704,-4.068
EIGENUSDT,db_full_clone,0.8,29,0,22,0.2414,-3.3357
EIGENUSDT,sl_adjust_rr_trail,0.8,27,0,25,0.0741,-4.2568
EIGENUSDT,sl_adjust_rr_tp95,0.8,29,0,22,0.2414,-7.7805
EIGENUSDT,max_profit_2pct,0.8,2,0,2,0.0,-0.2737
EIGENUSDT,max_profit_2pct_trail,0.8,1,0,0,1.0,0.102
EIGENUSDT,max_profit_3pct_trail,0.8,4,0,4,0.0,-0.6758
EIGENUSDT,r5_tight,0.8,21,0,13,0.381,-7.1886
EIGENUSDT,r5_rr3,0.8,19,0,15,0.2105,-5.9185
EIGENUSDT,r5_sl_filter,0.8,20,0,14,0.3,-3.3898
EIGENUSDT,r5_sl_adjust,0.8,19,0,15,0.2105,-5.9185
EIGENUSDT,r5_tight_rr3,0.8,19,0,15,0.2105,-5.9185
EIGENUSDT,r5_tight_sl,0.8,20,0,14,0.3,-3.3898
EIGENUSDT,r5_all_filters,0.8,18,0,14,0.2222,-3.7608
EIGENUSDT,r5_trail10,0.8,32,0,25,0.2188,-0.3392
EIGENUSDT,r5_arm25,0.8,23,0,14,0.3913,-0.1295
EIGENUSDT,r5_arm20,0.8,28,0,17,0.3929,-0.8944
EIGENUSDT,r5_arm15_cooldown,0.8,29,0,17,0.4138,-0.3217
EIGENUSDT,r6_arm15_rr4,0.8,16,0,10,0.375,-3.864
EIGENUSDT,r6_arm15_maxp3_trail20,0.8,11,0,2,0.8182,0.8368
EIGENUSDT,r6_arm15_full,0.8,4,0,1,0.75,0.9029
EIGENUSDT,r7_arm20_maxp3_trail20,0.8,11,0,2,0.8182,0.8368
EIGENUSDT,r7_trail15_maxp3,0.8,10,0,2,0.8,0.7836
EIGENUSDT,r7_trail20_maxp3,0.8,10,0,2,0.8,0.5788
EIGENUSDT,r7_full_clone_cooldown,0.8,4,0,1,0.75,0.9029
EIGENUSDT,r5_sl_adj_cooldown,0.8,17,0,12,0.2941,-7.8533
EIGENUSDT,r5_trail10_rr3,0.8,19,0,15,0.2105,-5.5319
EIGENUSDT,full_clone_max_tp,0.8,4,0,4,0.0,-0.6758
EIGENUSDT,full_clone_sl_adjust,0.8,40,0,38,0.05,-3.4971
EIGENUSDT,lh_sell_trail15,0.8,27,0,17,0.3704,-4.068
EIGENUSDT,lh_sell_prox15_trail15,0.8,27,0,17,0.3704,-4.068
EIGENUSDT,hl_buy_trail15,0.8,31,0,22,0.2903,-3.006
EIGENUSDT,hl_buy_prox15_trail15,0.8,23,0,12,0.4783,4.8136
EIGENUSDT,pre_confirm_trail15,0.8,31,0,22,0.2903,-3.006
EIGENUSDT,pre_confirm_prox15_trail15,0.8,23,0,12,0.4783,4.8136
EIGENUSDT,r8_btc_minsl_strict,0.8,4,0,4,0.0,-0.8181
EIGENUSDT,r8_sol_hlbuy_cooldown,0.8,30,0,21,0.3,7.7681
EIGENUSDT,trail_15_from_30_act2_min1,0.8,54,0,51,0.0556,-6.1063
EIGENUSDT,trail_15_from_30_act3_min1,0.8,42,0,40,0.0476,-8.3348
EIGENUSDT,trail_15_from_30_act5_min15,0.8,36,0,35,0.0278,-9.7616
EIGENUSDT,trail_20_from_30_act2_min1,0.8,16,0,14,0.125,-11.5047
EIGENUSDT,trail_20_from_30_act3_min1,0.8,14,0,13,0.0714,-14.4551
EIGENUSDT,trail_20_from_30_act5_min15,0.8,14,0,13,0.0714,-14.8917
EIGENUSDT,trail_15_from_15_act2_min1,0.8,19,0,17,0.1053,-8.8178
EIGENUSDT,trail_15_from_15_act3_min1,0.8,17,0,16,0.0588,-9.1523
EIGENUSDT,trail_15_from_15_act5_min15,0.8,17,0,16,0.0588,-9.6525
EIGENUSDT,trail_20_from_15_act2_min1,0.8,48,0,45,0.0625,-9.992
EIGENUSDT,trail_20_from_15_act3_min1,0.8,42,0,40,0.0476,-9.7714
EIGENUSDT,trail_20_from_15_act5_min15,0.8,36,0,35,0.0278,-11.0995
EIGENUSDT,default,0.65,43,1,42,0.0233,-4.5179
EIGENUSDT,loose_entry,0.65,46,1,45,0.0217,-5.9757
EIGENUSDT,broad_zone,0.65,43,1,42,0.0233,-4.5179
EIGENUSDT,low_rr,0.65,46,1,45,0.0217,-5.9757
EIGENUSDT,aggressive,0.65,46,1,45,0.0217,-5.9757
EIGENUSDT,partial_50,0.65,22,0,17,0.2273,-4.4854
EIGENUSDT,partial_60,0.65,20,0,17,0.15,-6.0777
EIGENUSDT,partial_70,0.65,19,0,17,0.1053,-4.7952
EIGENUSDT,partial_tight,0.65,26,0,22,0.1538,-2.3962
EIGENUSDT,partial_high_rr,0.65,18,0,16,0.1111,-5.3053
EIGENUSDT,partial_conservative,0.65,21,0,17,0.1905,-5.4124
EIGENUSDT,trail_20_from_15,0.65,60,0,52,0.1333,-1.1857
EIGENUSDT,trail_15_from_15,0.65,25,0,16,0.36,-0.5529
EIGENUSDT,trail_15_from_15_d1,0.65,32,0,22,0.3125,-2.4463
EIGENUSDT,trail_25_from_15,0.65,45,0,36,0.2,-4.3283
EIGENUSDT,db_layer_0,0.65,27,0,21,0.2222,-6.1585
EIGENUSDT,db_layer_1,0.65,49,0,45,0.0816,-4.8897
EIGENUSDT,db_layer_3,0.65,38,0,34,0.1053,-4.316
EIGENUSDT,rr_4x_trail_20,0.65,26,0,21,0.1923,-6.2604
EIGENUSDT,rr_3x_trail_15,0.65,49,0,45,0.0816,-4.8897
EIGENUSDT,sl_filter_trail,0.65,35,0,31,0.1143,-3.3432
EIGENUSDT,trail_20_from_30_sl_filter,0.65,24,0,20,0.1667,-6.4674
EIGENUSDT,trail_20_from_30_full,0.65,23,0,20,0.1304,-6.0537
EIGENUSDT,trail_15_from_30,0.65,55,0,50,0.0909,-2.3594
EIGENUSDT,trail_20_from_30_cooldown,0.65,19,0,12,0.3684,-5.1878
EIGENUSDT,trail_15_from_30_tp95,0.65,24,0,16,0.3333,-4.555
EIGENUSDT,trail_15_from_30_cooldown,0.65,19,0,12,0.3684,-4.5303
EIGENUSDT,trail_15_from_30_full,0.65,19,0,12,0.3684,-4.5303
EIGENUSDT,db_clone_cooldown,0.65,18,0,13,0.2778,-1.3762
EIGENUSDT,correction_w20_trail15_30,0.65,24,0,16,0.3333,-4.555
EIGENUSDT,db_full_clone,0.65,26,0,21,0.1923,-4.017
EIGENUSDT,sl_adjust_rr_trail,0.65,22,0,21,0.0455,-3.9242
EIGENUSDT,sl_adjust_rr_tp95,0.65,26,0,21,0.1923,-8.1255
EIGENUSDT,max_profit_2pct,0.65,2,0,2,0.0,-0.2737
EIGENUSDT,max_profit_2pct_trail,0.65,1,0,0,1.0,0.102
EIGENUSDT,max_profit_3pct_trail,0.65,1,0,1,0.0,-0.1084
EIGENUSDT,r5_tight,0.65,19,0,12,0.3684,-4.5303
EIGENUSDT,r5_rr3,0.65,17,0,14,0.1765,-3.6252
EIGENUSDT,r5_sl_filter,0.65,17,0,13,0.2353,-4.3975
EIGENUSDT,r5_sl_adjust,0.65,17,0,14,0.1765,-3.6252
EIGENUSDT,r5_tight_rr3,0.65,17,0,14,0.1765,-3.6252
EIGENUSDT,r5_tight_sl,0.65,17,0,13,0.2353,-4.3975
EIGENUSDT,r5_all_filters,0.65,15,0,13,0.1333,-4.7686
EIGENUSDT,r5_trail10,0.65,27,0,22,0.1852,-0.0973
EIGENUSDT,r5_arm25,0.65,19,0,12,0.3684,-0.2156
EIGENUSDT,r5_arm20,0.65,23,0,16,0.3043,-1.8828
EIGENUSDT,r5_arm15_cooldown,0.65,25,0,16,0.36,-0.098
EIGENUSDT,r6_arm15_rr4,0.65,13,0,9,0.3077,-4.6278
EIGENUSDT,r6_arm15_maxp3_trail20,0.65,5,0,0,1.0,1.1435
EIGENUSDT,r6_arm15_full,0.65,1,0,0,1.0,0.102
EIGENUSDT,r7_arm20_maxp3_trail20,0.65,5,0,0,1.0,1.1435
EIGENUSDT,r7_trail15_maxp3,0.65,5,0,0,1.0,1.2399
EIGENUSDT,r7_trail20_maxp3,0.65,5,0,0,1.0,1.1435
EIGENUSDT,r7_full_clone_cooldown,0.65,1,0,0,1.0,0.102
EIGENUSDT,r5_sl_adj_cooldown,0.65,13,0,11,0.1538,-9.0848
EIGENUSDT,r5_trail10_rr3,0.65,17,0,14,0.1765,-3.1458
EIGENUSDT,full_clone_max_tp,0.65,1,0,1,0.0,-0.1084
EIGENUSDT,full_clone_sl_adjust,0.65,37,0,35,0.0541,-2.9298
EIGENUSDT,lh_sell_trail15,0.65,24,0,16,0.3333,-4.555
EIGENUSDT,lh_sell_prox15_trail15,0.65,24,0,16,0.3333,-4.555
EIGENUSDT,hl_buy_trail15,0.65,28,0,21,0.25,-3.7689
EIGENUSDT,hl_buy_prox15_trail15,0.65,20,0,11,0.45,3.8058
EIGENUSDT,pre_confirm_trail15,0.65,28,0,21,0.25,-3.7689
EIGENUSDT,pre_confirm_prox15_trail15,0.65,20,0,11,0.45,3.8058
EIGENUSDT,r8_btc_minsl_strict,0.65,0,0,0,0.0,0
EIGENUSDT,r8_sol_hlbuy_cooldown,0.65,26,0,18,0.3077,7.7929
EIGENUSDT,trail_15_from_30_act2_min1,0.65,52,0,49,0.0577,-5.3407
EIGENUSDT,trail_15_from_30_act3_min1,0.65,42,0,40,0.0476,-8.3348
EIGENUSDT,trail_15_from_30_act5_min15,0.65,36,0,35,0.0278,-9.7616
EIGENUSDT,trail_20_from_30_act2_min1,0.65,16,0,14,0.125,-10.984
EIGENUSDT,trail_20_from_30_act3_min1,0.65,14,0,13,0.0714,-14.4551
EIGENUSDT,trail_20_from_30_act5_min15,0.65,14,0,13,0.0714,-14.8917
EIGENUSDT,trail_15_from_15_act2_min1,0.65,20,0,18,0.1,-8.2223
EIGENUSDT,trail_15_from_15_act3_min1,0.65,17,0,16,0.0588,-9.1523
EIGENUSDT,trail_15_from_15_act5_min15,0.65,17,0,16,0.0588,-9.6525
EIGENUSDT,trail_20_from_15_act2_min1,0.65,52,0,49,0.0577,-9.4047
EIGENUSDT,trail_20_from_15_act3_min1,0.65,42,0,40,0.0476,-9.7714
EIGENUSDT,trail_20_from_15_act5_min15,0.65,36,0,35,0.0278,-11.0995
EIGENUSDT,default,0.5,42,1,41,0.0238,-3.6328
EIGENUSDT,loose_entry,0.5,44,1,43,0.0227,-3.963
EIGENUSDT,broad_zone,0.5,42,1,41,0.0238,-3.6328
EIGENUSDT,low_rr,0.5,44,1,43,0.0227,-3.963
EIGENUSDT,aggressive,0.5,44,1,43,0.0227,-3.963
EIGENUSDT,partial_50,0.5,16,0,12,0.25,-4.0784
EIGENUSDT,partial_60,0.5,19,0,15,0.2105,-0.9683
EIGENUSDT,partial_70,0.5,18,0,16,0.1111,-2.4609
EIGENUSDT,partial_tight,0.5,19,0,15,0.2105,-0.0079
EIGENUSDT,partial_high_rr,0.5,13,0,11,0.1538,-2.5994
EIGENUSDT,partial_conservative,0.5,16,0,12,0.25,-2.7065
EIGENUSDT,trail_20_from_15,0.5,48,0,41,0.1458,-1.2405
EIGENUSDT,trail_15_from_15,0.5,21,0,13,0.381,-1.4942
EIGENUSDT,trail_15_from_15_d1,0.5,26,0,17,0.3462,-2.2597
EIGENUSDT,trail_25_from_15,0.5,36,0,28,0.2222,-4.2805
EIGENUSDT,db_layer_0,0.5,22,0,16,0.2727,-3.4526
EIGENUSDT,db_layer_1,0.5,39,0,35,0.1026,-3.2196
EIGENUSDT,db_layer_3,0.5,30,0,26,0.1333,-2.5701
EIGENUSDT,rr_4x_trail_20,0.5,21,0,16,0.2381,-3.5545
EIGENUSDT,rr_3x_trail_15,0.5,39,0,35,0.1026,-3.2196
EIGENUSDT,sl_filter_trail,0.5,27,0,23,0.1481,-1.5972
EIGENUSDT,trail_20_from_30_sl_filter,0.5,19,0,15,0.2105,-3.7615
EIGENUSDT,trail_20_from_30_full,0.5,18,0,15,0.1667,-3.3478
EIGENUSDT,trail_15_from_30,0.5,44,0,40,0.0909,-2.048
EIGENUSDT,trail_20_from_30_cooldown,0.5,16,0,10,0.375,-5.0712
EIGENUSDT,trail_15_from_30_tp95,0.5,18,0,11,0.3889,-3.2078
EIGENUSDT,trail_15_from_30_cooldown,0.5,16,0,10,0.375,-4.4983
EIGENUSDT,trail_15_from_30_full,0.5,16,0,10,0.375,-4.4983
EIGENUSDT,db_clone_cooldown,0.5,16,0,11,0.3125,-0.1407
EIGENUSDT,correction_w20_trail15_30,0.5,18,0,11,0.3889,-3.2078
EIGENUSDT,db_full_clone,0.5,20,0,15,0.25,-1.3875
EIGENUSDT,sl_adjust_rr_trail,0.5,19,0,18,0.0526,-3.415
EIGENUSDT,sl_adjust_rr_tp95,0.5,21,0,16,0.2381,-5.4196
EIGENUSDT,max_profit_2pct,0.5,2,0,2,0.0,-0.2737
EIGENUSDT,max_profit_2pct_trail,0.5,1,0,0,1.0,0.102
EIGENUSDT,max_profit_3pct_trail,0.5,1,0,1,0.0,-0.1084
EIGENUSDT,r5_tight,0.5,16,0,10,0.375,-4.4983
EIGENUSDT,r5_rr3,0.5,15,0,12,0.2,-2.2345
EIGENUSDT,r5_sl_filter,0.5,15,0,11,0.2667,-3.0068
EIGENUSDT,r5_sl_adjust,0.5,15,0,12,0.2,-2.2345
EIGENUSDT,r5_tight_rr3,0.5,15,0,12,0.2,-2.2345
EIGENUSDT,r5_tight_sl,0.5,15,0,11,0.2667,-3.0068
EIGENUSDT,r5_all_filters,0.5,13,0,11,0.1538,-3.3779
EIGENUSDT,r5_trail10,0.5,22,0,18,0.1818,-0.6469
EIGENUSDT,r5_arm25,0.5,15,0,9,0.4,-0.742
EIGENUSDT,r5_arm20,0.5,18,0,12,0.3333,-2.3614
EIGENUSDT,r5_arm15_cooldown,0.5,21,0,13,0.381,-1.0393
EIGENUSDT,r6_arm15_rr4,0.5,12,0,8,0.3333,-3.921
EIGENUSDT,r6_arm15_maxp3_trail20,0.5,5,0,0,1.0,0.8248
EIGENUSDT,r6_arm15_full,0.5,1,0,0,1.0,0.102
EIGENUSDT,r7_arm20_maxp3_trail20,0.5,5,0,0,1.0,1.3674
EIGENUSDT,r7_trail15_maxp3,0.5,4,0,0,1.0,0.5009
EIGENUSDT,r7_trail20_maxp3,0.5,4,0,0,1.0,0.4526
EIGENUSDT,r7_full_clone_cooldown,0.5,1,0,0,1.0,0.102
EIGENUSDT,r5_sl_adj_cooldown,0.5,11,0,9,0.1818,-8.0008
EIGENUSDT,r5_trail10_rr3,0.5,15,0,12,0.2,-1.7551
EIGENUSDT,full_clone_max_tp,0.5,1,0,1,0.0,-0.1084
EIGENUSDT,full_clone_sl_adjust,0.5,27,0,25,0.0741,-1.266
EIGENUSDT,lh_sell_trail15,0.5,18,0,11,0.3889,-3.2078
EIGENUSDT,lh_sell_prox15_trail15,0.5,18,0,11,0.3889,-3.2078
EIGENUSDT,hl_buy_trail15,0.5,20,0,14,0.3,-2.7393
EIGENUSDT,hl_buy_prox15_trail15,0.5,19,0,11,0.4211,2.4471
EIGENUSDT,pre_confirm_trail15,0.5,20,0,14,0.3,-2.7393
EIGENUSDT,pre_confirm_prox15_trail15,0.5,19,0,11,0.4211,2.4471
EIGENUSDT,r8_btc_minsl_strict,0.5,0,0,0,0.0,0
EIGENUSDT,r8_sol_hlbuy_cooldown,0.5,24,0,17,0.2917,6.5232
EIGENUSDT,trail_15_from_30_act2_min1,0.5,41,0,39,0.0488,-5.0343
EIGENUSDT,trail_15_from_30_act3_min1,0.5,41,0,39,0.0488,-5.0343
EIGENUSDT,trail_15_from_30_act5_min15,0.5,35,0,34,0.0286,-6.4611
EIGENUSDT,trail_20_from_30_act2_min1,0.5,13,0,12,0.0769,-10.9569
EIGENUSDT,trail_20_from_30_act3_min1,0.5,13,0,12,0.0769,-10.9569
EIGENUSDT,trail_20_from_30_act5_min15,0.5,13,0,12,0.0769,-11.344
EIGENUSDT,trail_15_from_15_act2_min1,0.5,16,0,15,0.0625,-8.5921
EIGENUSDT,trail_15_from_15_act3_min1,0.5,16,0,15,0.0625,-5.8518
EIGENUSDT,trail_15_from_15_act5_min15,0.5,16,0,15,0.0625,-6.352
EIGENUSDT,trail_20_from_15_act2_min1,0.5,40,0,38,0.05,-9.0191
EIGENUSDT,trail_20_from_15_act3_min1,0.5,40,0,38,0.05,-6.3917
EIGENUSDT,trail_20_from_15_act5_min15,0.5,34,0,33,0.0294,-7.7199
EIGENUSDT,default,0.3,37,1,36,0.027,-2.6806
EIGENUSDT,loose_entry,0.3,37,1,36,0.027,-2.6806
EIGENUSDT,broad_zone,0.3,37,1,36,0.027,-2.6806
EIGENUSDT,low_rr,0.3,37,1,36,0.027,-2.6806
EIGENUSDT,aggressive,0.3,37,1,36,0.027,-2.6806
EIGENUSDT,partial_50,0.3,14,0,11,0.2143,-5.2455
EIGENUSDT,partial_60,0.3,17,0,14,0.1765,-2.5144
EIGENUSDT,partial_70,0.3,17,0,15,0.1176,-1.4709
EIGENUSDT,partial_tight,0.3,17,0,14,0.1765,-1.554
EIGENUSDT,partial_high_rr,0.3,13,0,11,0.1538,-2.5994
EIGENUSDT,partial_conservative,0.3,14,0,11,0.2143,-3.8736
EIGENUSDT,trail_20_from_15,0.3,43,0,38,0.1163,-1.3949
EIGENUSDT,trail_15_from_15,0.3,17,0,13,0.2353,-2.2822
EIGENUSDT,trail_15_from_15_d1,0.3,22,0,17,0.2273,-3.0477
EIGENUSDT,trail_25_from_15,0.3,32,0,26,0.1875,-4.4156
EIGENUSDT,db_layer_0,0.3,22,0,16,0.2727,-3.4526
EIGENUSDT,db_layer_1,0.3,39,0,35,0.1026,-3.2196
EIGENUSDT,db_layer_3,0.3,30,0,26,0.1333,-2.5701
EIGENUSDT,rr_4x_trail_20,0.3,21,0,16,0.2381,-3.5545
EIGENUSDT,rr_3x_trail_15,0.3,39,0,35,0.1026,-3.2196
EIGENUSDT,sl_filter_trail,0.3,24,0,21,0.125,-1.4027
EIGENUSDT,trail_20_from_30_sl_filter,0.3,17,0,15,0.1176,-4.1013
EIGENUSDT,trail_20_from_30_full,0.3,18,0,15,0.1667,-3.3478
EIGENUSDT,trail_15_from_30,0.3,39,0,37,0.0513,-2.8242
EIGENUSDT,trail_20_from_30_cooldown,0.3,13,0,10,0.2308,-6.3258
EIGENUSDT,trail_15_from_30_tp95,0.3,15,0,11,0.2667,-4.5558
EIGENUSDT,trail_15_from_30_cooldown,0.3,13,0,10,0.2308,-5.8463
EIGENUSDT,trail_15_from_30_full,0.3,13,0,10,0.2308,-5.8463
EIGENUSDT,db_clone_cooldown,0.3,16,0,11,0.3125,-0.1407
EIGENUSDT,correction_w20_trail15_30,0.3,15,0,11,0.2667,-4.5558
EIGENUSDT,db_full_clone,0.3,20,0,15,0.25,-1.3875
EIGENUSDT,sl_adjust_rr_trail,0.3,18,0,17,0.0556,-3.2782
EIGENUSDT,sl_adjust_rr_tp95,0.3,21,0,16,0.2381,-5.4196
EIGENUSDT,max_profit_2pct,0.3,2,0,2,0.0,-0.2737
EIGENUSDT,max_profit_2pct_trail,0.3,1,0,0,1.0,0.102
EIGENUSDT,max_profit_3pct_trail,0.3,1,0,1,0.0,-0.1084
EIGENUSDT,r5_tight,0.3,13,0,10,0.2308,-5.8463
EIGENUSDT,r5_rr3,0.3,15,0,12,0.2,-2.2345
EIGENUSDT,r5_sl_filter,0.3,13,0,11,0.1538,-3.3779
EIGENUSDT,r5_sl_adjust,0.3,15,0,12,0.2,-2.2345
EIGENUSDT,r5_tight_rr3,0.3,15,0,12,0.2,-2.2345
EIGENUSDT,r5_tight_sl,0.3,13,0,11,0.1538,-3.3779
EIGENUSDT,r5_all_filters,0.3,13,0,11,0.1538,-3.3779
EIGENUSDT,r5_trail10,0.3,19,0,16,0.1579,-1.3443
EIGENUSDT,r5_arm25,0.3,12,0,9,0.25,-2.09
EIGENUSDT,r5_arm20,0.3,14,0,12,0.1429,-3.7259
EIGENUSDT,r5_arm15_cooldown,0.3,17,0,13,0.2353,-1.8273
EIGENUSDT,r6_arm15_rr4,0.3,12,0,8,0.3333,-3.921
EIGENUSDT,r6_arm15_maxp3_trail20,0.3,1,0,0,1.0,0.102
EIGENUSDT,r6_arm15_full,0.3,1,0,0,1.0,0.102
EIGENUSDT,r7_arm20_maxp3_trail20,0.3,1,0,0,1.0,0.102
EIGENUSDT,r7_trail15_maxp3,0.3,1,0,0,1.0,0.1133
EIGENUSDT,r7_trail20_maxp3,0.3,1,0,0,1.0,0.102
EIGENUSDT,r7_full_clone_cooldown,0.3,1,0,0,1.0,0.102
EIGENUSDT,r5_sl_adj_cooldown,0.3,11,0,9,0.1818,-8.0008
EIGENUSDT,r5_trail10_rr3,0.3,15,0,12,0.2,-1.7551
EIGENUSDT,full_clone_max_tp,0.3,1,0,1,0.0,-0.1084
EIGENUSDT,full_clone_sl_adjust,0.3,27,0,25,0.0741,-1.266
EIGENUSDT,lh_sell_trail15,0.3,15,0,11,0.2667,-4.5558
EIGENUSDT,lh_sell_prox15_trail15,0.3,15,0,11,0.2667,-4.5558
EIGENUSDT,hl_buy_trail15,0.3,17,0,14,0.1765,-4.0872
EIGENUSDT,hl_buy_prox15_trail15,0.3,16,0,11,0.3125,1.0992
EIGENUSDT,pre_confirm_trail15,0.3,17,0,14,0.1765,-4.0872
EIGENUSDT,pre_confirm_prox15_trail15,0.3,16,0,11,0.3125,1.0992
EIGENUSDT,r8_btc_minsl_strict,0.3,0,0,0,0.0,0
EIGENUSDT,r8_sol_hlbuy_cooldown,0.3,21,0,17,0.1905,5.1752
EIGENUSDT,trail_15_from_30_act2_min1,0.3,39,0,37,0.0513,-3.3471
EIGENUSDT,trail_15_from_30_act3_min1,0.3,39,0,37,0.0513,-3.3471
EIGENUSDT,trail_15_from_30_act5_min15,0.3,33,0,32,0.0303,-4.7739
EIGENUSDT,trail_20_from_30_act2_min1,0.3,13,0,11,0.1538,-6.8629
EIGENUSDT,trail_20_from_30_act3_min1,0.3,13,0,11,0.1538,-6.8629
EIGENUSDT,trail_20_from_30_act5_min15,0.3,11,0,10,0.0909,-8.3805
EIGENUSDT,trail_15_from_15_act2_min1,0.3,15,0,14,0.0667,-7.2121
EIGENUSDT,trail_15_from_15_act3_min1,0.3,15,0,14,0.0667,-4.4719
EIGENUSDT,trail_15_from_15_act5_min15,0.3,15,0,14,0.0667,-4.9721
EIGENUSDT,trail_20_from_15_act2_min1,0.3,38,0,36,0.0526,-7.3319
EIGENUSDT,trail_20_from_15_act3_min1,0.3,38,0,36,0.0526,-4.7046
EIGENUSDT,trail_20_from_15_act5_min15,0.3,32,0,31,0.0312,-6.0327
EIGENUSDT,default,0.1,32,1,31,0.0312,-1.6204
EIGENUSDT,loose_entry,0.1,32,1,31,0.0312,-1.6204
EIGENUSDT,broad_zone,0.1,32,1,31,0.0312,-1.6204
EIGENUSDT,low_rr,0.1,32,1,31,0.0312,-1.6204
EIGENUSDT,aggressive,0.1,32,1,31,0.0312,-1.6204
EIGENUSDT,partial_50,0.1,13,0,11,0.1538,-5.5209
EIGENUSDT,partial_60,0.1,16,0,14,0.125,-2.8608
EIGENUSDT,partial_70,0.1,16,0,14,0.125,-1.3113
EIGENUSDT,partial_tight,0.1,16,0,14,0.125,-1.9005
EIGENUSDT,partial_high_rr,0.1,13,0,11,0.1538,-2.5994
EIGENUSDT,partial_conservative,0.1,13,0,11,0.1538,-4.149
EIGENUSDT,trail_20_from_15,0.1,35,0,30,0.1429,1.1181
EIGENUSDT,trail_15_from_15,0.1,15,0,12,0.2,-1.3674
EIGENUSDT,trail_15_from_15_d1,0.1,19,0,15,0.2105,-1.7331
EIGENUSDT,trail_25_from_15,0.1,29,0,24,0.1724,-4.0838
EIGENUSDT,db_layer_0,0.1,20,0,15,0.25,-1.2218
EIGENUSDT,db_layer_1,0.1,31,0,27,0.129,-0.7066
EIGENUSDT,db_layer_3,0.1,25,0,21,0.16,-0.3342
EIGENUSDT,rr_4x_trail_20,0.1,20,0,15,0.25,-1.2218
EIGENUSDT,rr_3x_trail_15,0.1,31,0,27,0.129,-0.7066
EIGENUSDT,sl_filter_trail,0.1,20,0,18,0.1,-0.6295
EIGENUSDT,trail_20_from_30_sl_filter,0.1,15,0,14,0.0667,-3.17
EIGENUSDT,trail_20_from_30_full,0.1,16,0,14,0.125,-2.4166
EIGENUSDT,trail_15_from_30,0.1,32,0,30,0.0625,-0.8728
EIGENUSDT,trail_20_from_30_cooldown,0.1,12,0,10,0.1667,-6.4277
EIGENUSDT,trail_15_from_30_tp95,0.1,14,0,11,0.2143,-4.6691
EIGENUSDT,trail_15_from_30_cooldown,0.1,12,0,10,0.1667,-5.9596
EIGENUSDT,trail_15_from_30_full,0.1,12,0,10,0.1667,-5.9596
EIGENUSDT,db_clone_cooldown,0.1,15,0,11,0.2667,0.4853
EIGENUSDT,correction_w20_trail15_30,0.1,14,0,11,0.2143,-4.6691
EIGENUSDT,db_full_clone,0.1,18,0,14,0.2222,-0.4563
EIGENUSDT,sl_adjust_rr_trail,0.1,14,0,13,0.0714,-1.5792
EIGENUSDT,sl_adjust_rr_tp95,0.1,19,0,15,0.2105,-3.1888
EIGENUSDT,max_profit_2pct,0.1,0,0,0,0.0,0
EIGENUSDT,max_profit_2pct_trail,0.1,0,0,0,0.0,0
EIGENUSDT,max_profit_3pct_trail,0.1,0,0,0,0.0,0
EIGENUSDT,r5_tight,0.1,12,0,10,0.1667,-5.9596
EIGENUSDT,r5_rr3,0.1,14,0,12,0.1429,-0.3204
EIGENUSDT,r5_sl_filter,0.1,12,0,11,0.0833,-2.7633
EIGENUSDT,r5_sl_adjust,0.1,14,0,12,0.1429,-0.3204
EIGENUSDT,r5_tight_rr3,0.1,14,0,12,0.1429,-0.3204
EIGENUSDT,r5_tight_sl,0.1,12,0,11,0.0833,-2.7633
EIGENUSDT,r5_all_filters,0.1,12,0,11,0.0833,-2.7633
EIGENUSDT,r5_trail10,0.1,17,0,15,0.1176,-1.3877
EIGENUSDT,r5_arm25,0.1,11,0,9,0.1818,-2.2033
EIGENUSDT,r5_arm20,0.1,13,0,12,0.0769,-3.395
EIGENUSDT,r5_arm15_cooldown,0.1,15,0,12,0.2,-1.8631
EIGENUSDT,r6_arm15_rr4,0.1,10,0,7,0.3,-1.6105
EIGENUSDT,r6_arm15_maxp3_trail20,0.1,0,0,0,0.0,0
EIGENUSDT,r6_arm15_full,0.1,0,0,0,0.0,0
EIGENUSDT,r7_arm20_maxp3_trail20,0.1,0,0,0,0.0,0
EIGENUSDT,r7_trail15_maxp3,0.1,0,0,0,0.0,0
EIGENUSDT,r7_trail20_maxp3,0.1,0,0,0,0.0,0
EIGENUSDT,r7_full_clone_cooldown,0.1,0,0,0,0.0,0
EIGENUSDT,r5_sl_adj_cooldown,0.1,10,0,9,0.1,-6.1653
EIGENUSDT,r5_trail10_rr3,0.1,14,0,12,0.1429,0.1477
EIGENUSDT,full_clone_max_tp,0.1,0,0,0,0.0,0
EIGENUSDT,full_clone_sl_adjust,0.1,22,0,20,0.0909,-0.0102
EIGENUSDT,lh_sell_trail15,0.1,14,0,11,0.2143,-4.6691
EIGENUSDT,lh_sell_prox15_trail15,0.1,14,0,11,0.2143,-4.6691
EIGENUSDT,hl_buy_trail15,0.1,16,0,14,0.125,-4.2006
EIGENUSDT,hl_buy_prox15_trail15,0.1,15,0,11,0.2667,0.9859
EIGENUSDT,pre_confirm_trail15,0.1,16,0,14,0.125,-4.2006
EIGENUSDT,pre_confirm_prox15_trail15,0.1,15,0,11,0.2667,0.9859
EIGENUSDT,r8_btc_minsl_strict,0.1,0,0,0,0.0,0
EIGENUSDT,r8_sol_hlbuy_cooldown,0.1,17,0,14,0.1765,7.0026
EIGENUSDT,trail_15_from_30_act2_min1,0.1,32,0,30,0.0625,-1.3958
EIGENUSDT,trail_15_from_30_act3_min1,0.1,32,0,30,0.0625,-1.3958
EIGENUSDT,trail_15_from_30_act5_min15,0.1,26,0,25,0.0385,-2.8226
EIGENUSDT,trail_20_from_30_act2_min1,0.1,12,0,10,0.1667,-6.6692
EIGENUSDT,trail_20_from_30_act3_min1,0.1,12,0,10,0.1667,-6.6692
EIGENUSDT,trail_20_from_30_act5_min15,0.1,10,0,9,0.1,-8.1868
EIGENUSDT,trail_15_from_15_act2_min1,0.1,13,0,12,0.0769,-5.9902
EIGENUSDT,trail_15_from_15_act3_min1,0.1,13,0,12,0.0769,-3.25
EIGENUSDT,trail_15_from_15_act5_min15,0.1,13,0,12,0.0769,-3.7502
EIGENUSDT,trail_20_from_15_act2_min1,0.1,30,0,28,0.0667,-4.819
EIGENUSDT,trail_20_from_15_act3_min1,0.1,30,0,28,0.0667,-2.1916
EIGENUSDT,trail_20_from_15_act5_min15,0.1,24,0,23,0.0417,-3.5197
1000SHIBUSDT,default,1.0,99,1,98,0.0101,-12.7223
1000SHIBUSDT,loose_entry,1.0,104,1,103,0.0096,-14.2621
1000SHIBUSDT,broad_zone,1.0,102,1,101,0.0098,-13.5186
1000SHIBUSDT,low_rr,1.0,101,1,100,0.0099,-13.4658
1000SHIBUSDT,aggressive,1.0,104,1,103,0.0096,-14.2621
1000SHIBUSDT,partial_50,1.0,35,0,28,0.2,-4.2189
1000SHIBUSDT,partial_60,1.0,54,0,47,0.1296,-3.3879
1000SHIBUSDT,partial_70,1.0,53,1,48,0.0943,-4.1281
1000SHIBUSDT,partial_tight,1.0,49,0,44,0.102,-3.3169
1000SHIBUSDT,partial_high_rr,1.0,34,0,27,0.2059,0.6296
1000SHIBUSDT,partial_conservative,1.0,34,0,27,0.2059,-2.8529
1000SHIBUSDT,trail_20_from_15,1.0,158,0,127,0.1962,-12.984
1000SHIBUSDT,trail_15_from_15,1.0,59,0,35,0.4068,-3.3359
1000SHIBUSDT,trail_15_from_15_d1,1.0,74,0,47,0.3649,-6.2638
1000SHIBUSDT,trail_25_from_15,1.0,111,0,85,0.2342,-13.5109
1000SHIBUSDT,db_layer_0,1.0,39,0,28,0.2821,-4.4029
1000SHIBUSDT,db_layer_1,1.0,99,0,81,0.1818,-6.1183
1000SHIBUSDT,db_layer_3,1.0,72,0,61,0.1528,-7.035
1000SHIBUSDT,rr_4x_trail_20,1.0,37,0,28,0.2432,-5.0656
1000SHIBUSDT,rr_3x_trail_15,1.0,95,0,79,0.1684,-6.29
1000SHIBUSDT,sl_filter_trail,1.0,96,0,77,0.1979,-14.8093
1000SHIBUSDT,trail_20_from_30_sl_filter,1.0,35,0,24,0.3143,-6.9408
1000SHIBUSDT,trail_20_from_30_full,1.0,31,0,25,0.1935,-7.6467
1000SHIBUSDT,trail_15_from_30,1.0,126,0,113,0.1032,-12.7074
1000SHIBUSDT,trail_20_from_30_cooldown,1.0,34,0,21,0.3824,-3.6585
1000SHIBUSDT,trail_15_from_30_tp95,1.0,40,0,27,0.325,-3.9636
1000SHIBUSDT,trail_15_from_30_cooldown,1.0,34,0,21,0.3824,-3.1932
1000SHIBUSDT,trail_15_from_30_full,1.0,34,0,21,0.3824,-3.0831
1000SHIBUSDT,db_clone_cooldown,1.0,28,0,20,0.2857,-6.1774
1000SHIBUSDT,correction_w20_trail15_30,1.0,40,0,27,0.325,-3.9636
1000SHIBUSDT,db_full_clone,1.0,38,0,30,0.2105,-7.8437
1000SHIBUSDT,sl_adjust_rr_trail,1.0,59,0,44,0.2542,-3.1804
1000SHIBUSDT,sl_adjust_rr_tp95,1.0,45,0,28,0.3778,-4.8626
1000SHIBUSDT,max_profit_2pct,1.0,26,0,26,0.0,-6.7573
1000SHIBUSDT,max_profit_2pct_trail,1.0,6,0,5,0.1667,-1.5734
1000SHIBUSDT,max_profit_3pct_trail,1.0,38,0,35,0.0789,-4.2444
1000SHIBUSDT,r5_tight,1.0,32,0,21,0.3438,-4.5049
1000SHIBUSDT,r5_rr3,1.0,29,0,21,0.2759,-3.4465
1000SHIBUSDT,r5_sl_filter,1.0,32,0,21,0.3438,-6.4033
1000SHIBUSDT,r5_sl_adjust,1.0,30,0,21,0.3,-2.9081
1000SHIBUSDT,r5_tight_rr3,1.0,27,0,21,0.2222,-4.6762
1000SHIBUSDT,r5_tight_sl,1.0,30,0,21,0.3,-7.825
1000SHIBUSDT,r5_all_filters,1.0,25,0,21,0.16,-7.7314
1000SHIBUSDT,r5_trail10,1.0,55,0,42,0.2364,-2.8835
1000SHIBUSDT,r5_arm25,1.0,42,0,32,0.2381,-5.8548
1000SHIBUSDT,r5_arm20,1.0,53,0,36,0.3208,-6.8808
1000SHIBUSDT,r5_arm15_cooldown,1.0,57,0,35,0.386,-5.6624
1000SHIBUSDT,r6_arm15_rr4,1.0,22,0,15,0.3182,-2.6436
1000SHIBUSDT,r6_arm15_maxp3_trail20,1.0,29,0,10,0.6552,-0.8084
1000SHIBUSDT,r6_arm15_full,1.0,19,0,15,0.2105,-2.9872
1000SHIBUSDT,r7_arm20_maxp3_trail20,1.0,27,0,10,0.6296,-0.7189
1000SHIBUSDT,r7_trail15_maxp3,1.0,33,0,15,0.5455,-2.2714
1000SHIBUSDT,r7_trail20_maxp3,1.0,33,0,15,0.5455,-2.7234
1000SHIBUSDT,r7_full_clone_cooldown,1.0,22,0,16,0.2727,-2.9274
1000SHIBUSDT,r5_sl_adj_cooldown,1.0,35,0,18,0.4857,-2.2541
1000SHIBUSDT,r5_trail10_rr3,1.0,29,0,21,0.2759,-2.9653
1000SHIBUSDT,full_clone_max_tp,1.0,40,0,35,0.125,-3.9754
1000SHIBUSDT,full_clone_sl_adjust,1.0,71,0,65,0.0845,-8.3799
1000SHIBUSDT,lh_sell_trail15,1.0,40,0,27,0.325,-3.9636
1000SHIBUSDT,lh_sell_prox15_trail15,1.0,41,0,27,0.3415,-2.25
1000SHIBUSDT,hl_buy_trail15,1.0,65,0,49,0.2462,-7.0417
1000SHIBUSDT,hl_buy_prox15_trail15,1.0,43,0,26,0.3953,-2.8587
1000SHIBUSDT,pre_confirm_trail15,1.0,65,0,49,0.2462,-7.0417
1000SHIBUSDT,pre_confirm_prox15_trail15,1.0,44,0,26,0.4091,-1.1451
1000SHIBUSDT,r8_btc_minsl_strict,1.0,52,0,40,0.2308,-4.8813
1000SHIBUSDT,r8_sol_hlbuy_cooldown,1.0,85,0,70,0.1765,-11.9732
1000SHIBUSDT,trail_15_from_30_act2_min1,1.0,93,0,90,0.0323,-13.7306
1000SHIBUSDT,trail_15_from_30_act3_min1,1.0,88,0,86,0.0227,-13.6851
1000SHIBUSDT,trail_15_from_30_act5_min15,1.0,86,0,85,0.0116,-13.4355
1000SHIBUSDT,trail_20_from_30_act2_min1,1.0,24,0,21,0.125,-8.371
1000SHIBUSDT,trail_20_from_30_act3_min1,1.0,24,0,22,0.0833,-9.531
1000SHIBUSDT,trail_20_from_30_act5_min15,1.0,23,0,22,0.0435,-9.8358
1000SHIBUSDT,trail_15_from_15_act2_min1,1.0,29,0,26,0.1034,-6.9775
1000SHIBUSDT,trail_15_from_15_act3_min1,1.0,27,0,25,0.0741,-7.0294
1000SHIBUSDT,trail_15_from_15_act5_min15,1.0,26,0,25,0.0385,-6.4281
1000SHIBUSDT,trail_20_from_15_act2_min1,1.0,80,0,77,0.0375,-13.6416
1000SHIBUSDT,trail_20_from_15_act3_min1,1.0,82,0,80,0.0244,-14.4793
1000SHIBUSDT,trail_20_from_15_act5_min15,1.0,81,0,80,0.0123,-13.8836
1000SHIBUSDT,default,0.8,94,1,93,0.0106,-11.5709
1000SHIBUSDT,loose_entry,0.8,99,1,98,0.0101,-13.1108
1000SHIBUSDT,broad_zone,0.8,97,1,96,0.0103,-12.3673
1000SHIBUSDT,low_rr,0.8,96,1,95,0.0104,-12.3145
1000SHIBUSDT,aggressive,0.8,99,1,98,0.0101,-13.1108
1000SHIBUSDT,partial_50,0.8,33,0,26,0.2121,-2.7252
1000SHIBUSDT,partial_60,0.8,51,0,44,0.1373,-2.0442
1000SHIBUSDT,partial_70,0.8,50,1,45,0.1,-2.8898
1000SHIBUSDT,partial_tight,0.8,48,0,43,0.1042,-2.8048
1000SHIBUSDT,partial_high_rr,0.8,33,0,26,0.2121,1.3487
1000SHIBUSDT,partial_conservative,0.8,33,0,26,0.2121,-2.0167
1000SHIBUSDT,trail_20_from_15,0.8,150,0,122,0.1867,-12.5455
1000SHIBUSDT,trail_15_from_15,0.8,57,0,34,0.4035,-2.9796
1000SHIBUSDT,trail_15_from_15_d1,0.8,69,0,43,0.3768,-4.8728
1000SHIBUSDT,trail_25_from_15,0.8,107,0,82,0.2336,-12.8468
1000SHIBUSDT,db_layer_0,0.8,39,0,28,0.2821,-4.4029
1000SHIBUSDT,db_layer_1,0.8,98,0,80,0.1837,-5.8457
1000SHIBUSDT,db_layer_3,0.8,72,0,61,0.1528,-7.035
1000SHIBUSDT,rr_4x_trail_20,0.8,37,0,28,0.2432,-5.0656
1000SHIBUSDT,rr_3x_trail_15,0.8,94,0,78,0.1702,-6.0174
1000SHIBUSDT,sl_filter_trail,0.8,92,0,74,0.1957,-14.1663
1000SHIBUSDT,trail_20_from_30_sl_filter,0.8,33,0,22,0.3333,-5.4084
1000SHIBUSDT,trail_20_from_30_full,0.8,31,0,25,0.1935,-7.4063
1000SHIBUSDT,trail_15_from_30,0.8,119,0,107,0.1008,-11.6597
1000SHIBUSDT,trail_20_from_30_cooldown,0.8,32,0,19,0.4062,-2.1261
1000SHIBUSDT,trail_15_from_30_tp95,0.8,38,0,25,0.3421,-2.4247
1000SHIBUSDT,trail_15_from_30_cooldown,0.8,32,0,19,0.4062,-1.6542
1000SHIBUSDT,trail_15_from_30_full,0.8,32,0,19,0.4062,-1.5442
1000SHIBUSDT,db_clone_cooldown,0.8,28,0,20,0.2857,-6.1774
1000SHIBUSDT,correction_w20_trail15_30,0.8,38,0,25,0.3421,-2.4247
1000SHIBUSDT,db_full_clone,0.8,38,0,30,0.2105,-7.8437
1000SHIBUSDT,sl_adjust_rr_trail,0.8,57,0,43,0.2456,-3.2036
1000SHIBUSDT,sl_adjust_rr_tp95,0.8,45,0,28,0.3778,-4.6222
1000SHIBUSDT,max_profit_2pct,0.8,23,0,23,0.0,-5.9537
1000SHIBUSDT,max_profit_2pct_trail,0.8,6,0,5,0.1667,-1.5734
1000SHIBUSDT,max_profit_3pct_trail,0.8,38,0,35,0.0789,-4.2444
1000SHIBUSDT,r5_tight,0.8,30,0,19,0.3667,-2.966
1000SHIBUSDT,r5_rr3,0.8,29,0,21,0.2759,-3.2061
1000SHIBUSDT,r5_sl_filter,0.8,30,0,19,0.3667,-4.8644
1000SHIBUSDT,r5_sl_adjust,0.8,30,0,21,0.3,-2.6677
1000SHIBUSDT,r5_tight_rr3,0.8,27,0,21,0.2222,-4.4358
1000SHIBUSDT,r5_tight_sl,0.8,28,0,19,0.3214,-6.2861
1000SHIBUSDT,r5_all_filters,0.8,25,0,21,0.16,-7.491
1000SHIBUSDT,r5_trail10,0.8,53,0,40,0.2453,-2.0984
1000SHIBUSDT,r5_arm25,0.8,40,0,29,0.275,-4.0522
1000SHIBUSDT,r5_arm20,0.8,51,0,35,0.3137,-6.2535
1000SHIBUSDT,r5_arm15_cooldown,0.8,55,0,34,0.3818,-5.0351
1000SHIBUSDT,r6_arm15_rr4,0.8,22,0,15,0.3182,-2.6436
1000SHIBUSDT,r6_arm15_maxp3_trail20,0.8,26,0,8,0.6923,0.4426
1000SHIBUSDT,r6_arm15_full,0.8,19,0,15,0.2105,-2.9872
1000SHIBUSDT,r7_arm20_maxp3_trail20,0.8,24,0,8,0.6667,0.532
1000SHIBUSDT,r7_trail15_maxp3,0.8,29,0,12,0.5862,-0.5119
1000SHIBUSDT,r7_trail20_maxp3,0.8,29,0,12,0.5862,-0.9428
1000SHIBUSDT,r7_full_clone_cooldown,0.8,22,0,16,0.2727,-2.9274
1000SHIBUSDT,r5_sl_adj_cooldown,0.8,35,0,18,0.4857,-2.0137
1000SHIBUSDT,r5_trail10_rr3,0.8,29,0,21,0.2759,-2.7248
1000SHIBUSDT,full_clone_max_tp,0.8,40,0,35,0.125,-3.9754
1000SHIBUSDT,full_clone_sl_adjust,0.8,71,0,65,0.0845,-8.3799
1000SHIBUSDT,lh_sell_trail15,0.8,38,0,25,0.3421,-2.4247
1000SHIBUSDT,lh_sell_prox15_trail15,0.8,39,0,25,0.359,-0.711
1000SHIBUSDT,hl_buy_trail15,0.8,63,0,47,0.254,-5.883
1000SHIBUSDT,hl_buy_prox15_trail15,0.8,41,0,24,0.4146,-1.3198
1000SHIBUSDT,pre_confirm_trail15,0.8,63,0,47,0.254,-5.883
1000SHIBUSDT,pre_confirm_prox15_trail15,0.8,42,0,24,0.4286,0.3938
1000SHIBUSDT,r8_btc_minsl_strict,0.8,49,0,35,0.2857,-3.4825
1000SHIBUSDT,r8_sol_hlbuy_cooldown,0.8,81,0,67,0.1728,-10.9017
1000SHIBUSDT,trail_15_from_30_act2_min1,0.8,89,0,86,0.0337,-12.7547
1000SHIBUSDT,trail_15_from_30_act3_min1,0.8,84,0,82,0.0238,-12.7093
1000SHIBUSDT,trail_15_from_30_act5_min15,0.8,82,0,81,0.0122,-12.4597
1000SHIBUSDT,trail_20_from_30_act2_min1,0.8,22,0,19,0.1364,-7.1192
1000SHIBUSDT,trail_20_from_30_act3_min1,0.8,22,0,20,0.0909,-8.2792
1000SHIBUSDT,trail_20_from_30_act5_min15,0.8,21,0,20,0.0476,-8.584
1000SHIBUSDT,trail_15_from_15_act2_min1,0.8,29,0,26,0.1034,-6.5622
1000SHIBUSDT,trail_15_from_15_act3_min1,0.8,27,0,25,0.0741,-6.6141
1000SHIBUSDT,trail_15_from_15_act5_min15,0.8,26,0,25,0.0385,-6.0129
1000SHIBUSDT,trail_20_from_15_act2_min1,0.8,77,0,74,0.039,-12.8236
1000SHIBUSDT,trail_20_from_15_act3_min1,0.8,79,0,77,0.0253,-13.6614
1000SHIBUSDT,trail_20_from_15_act5_min15,0.8,78,0,77,0.0128,-13.0656
1000SHIBUSDT,default,0.65,97,1,96,0.0103,-12.9407
1000SHIBUSDT,loose_entry,0.65,101,1,100,0.0099,-14.059
1000SHIBUSDT,broad_zone,0.65,100,1,99,0.01,-13.737
1000SHIBUSDT,low_rr,0.65,98,1,97,0.0102,-13.2627
1000SHIBUSDT,aggressive,0.65,101,1,100,0.0099,-14.059
1000SHIBUSDT,partial_50,0.65,31,0,25,0.1935,-2.9832
1000SHIBUSDT,partial_60,0.65,48,0,42,0.125,-2.5596
1000SHIBUSDT,partial_70,0.65,47,1,43,0.0851,-3.5781
1000SHIBUSDT,partial_tight,0.65,45,0,41,0.0889,-3.4511
1000SHIBUSDT,partial_high_rr,0.65,31,0,25,0.1935,0.7141
1000SHIBUSDT,partial_conservative,0.65,31,0,25,0.1935,-2.4616
1000SHIBUSDT,trail_20_from_15,0.65,144,0,117,0.1875,-12.5053
1000SHIBUSDT,trail_15_from_15,0.65,52,0,30,0.4231,-2.6386
1000SHIBUSDT,trail_15_from_15_d1,0.65,64,0,39,0.3906,-4.6229
1000SHIBUSDT,trail_25_from_15,0.65,101,0,78,0.2277,-12.7032
1000SHIBUSDT,db_layer_0,0.65,38,0,27,0.2895,-3.7929
1000SHIBUSDT,db_layer_1,0.65,94,0,77,0.1809,-6.3289
1000SHIBUSDT,db_layer_3,0.65,67,0,56,0.1642,-5.8741
1000SHIBUSDT,rr_4x_trail_20,0.65,36,0,27,0.25,-4.4555
1000SHIBUSDT,rr_3x_trail_15,0.65,90,0,75,0.1667,-6.5006
1000SHIBUSDT,sl_filter_trail,0.65,86,0,70,0.186,-14.108
1000SHIBUSDT,trail_20_from_30_sl_filter,0.65,31,0,21,0.3226,-5.5691
1000SHIBUSDT,trail_20_from_30_full,0.65,29,0,24,0.1724,-7.754
1000SHIBUSDT,trail_15_from_30,0.65,114,0,103,0.0965,-11.7757
1000SHIBUSDT,trail_20_from_30_cooldown,0.65,29,0,17,0.4138,-1.8093
1000SHIBUSDT,trail_15_from_30_tp95,0.65,36,0,24,0.3333,-2.6502
1000SHIBUSDT,trail_15_from_30_cooldown,0.65,29,0,17,0.4138,-1.4023
1000SHIBUSDT,trail_15_from_30_full,0.65,29,0,17,0.4138,-1.2923
1000SHIBUSDT,db_clone_cooldown,0.65,26,0,18,0.3077,-5.09
1000SHIBUSDT,correction_w20_trail15_30,0.65,36,0,24,0.3333,-2.6502
1000SHIBUSDT,db_full_clone,0.65,35,0,27,0.2286,-7.0728
1000SHIBUSDT,sl_adjust_rr_trail,0.65,51,0,38,0.2549,-3.2194
1000SHIBUSDT,sl_adjust_rr_tp95,0.65,43,0,27,0.3721,-4.9699
1000SHIBUSDT,max_profit_2pct,0.65,21,0,21,0.0,-5.5118
1000SHIBUSDT,max_profit_2pct_trail,0.65,5,0,4,0.2,-1.1729
1000SHIBUSDT,max_profit_3pct_trail,0.65,36,0,33,0.0833,-3.9082
1000SHIBUSDT,r5_tight,0.65,27,0,17,0.3704,-2.714
1000SHIBUSDT,r5_rr3,0.65,26,0,19,0.2692,-3.1412
1000SHIBUSDT,r5_sl_filter,0.65,27,0,17,0.3704,-4.6124
1000SHIBUSDT,r5_sl_adjust,0.65,27,0,19,0.2963,-2.6028
1000SHIBUSDT,r5_tight_rr3,0.65,24,0,19,0.2083,-4.3709
1000SHIBUSDT,r5_tight_sl,0.65,25,0,17,0.32,-6.0342
1000SHIBUSDT,r5_all_filters,0.65,22,0,19,0.1364,-7.4261
1000SHIBUSDT,r5_trail10,0.65,50,0,38,0.24,-2.5519
1000SHIBUSDT,r5_arm25,0.65,37,0,27,0.2703,-4.2703
1000SHIBUSDT,r5_arm20,0.65,46,0,31,0.3261,-6.0302
1000SHIBUSDT,r5_arm15_cooldown,0.65,50,0,30,0.4,-4.8118
1000SHIBUSDT,r6_arm15_rr4,0.65,21,0,14,0.3333,-2.0336
1000SHIBUSDT,r6_arm15_maxp3_trail20,0.65,24,0,7,0.7083,-0.1527
1000SHIBUSDT,r6_arm15_full,0.65,19,0,15,0.2105,-2.9872
1000SHIBUSDT,r7_arm20_maxp3_trail20,0.65,22,0,7,0.6818,-0.0632
1000SHIBUSDT,r7_trail15_maxp3,0.65,28,0,12,0.5714,-1.3474
1000SHIBUSDT,r7_trail20_maxp3,0.65,28,0,12,0.5714,-1.7135
1000SHIBUSDT,r7_full_clone_cooldown,0.65,22,0,16,0.2727,-2.9274
1000SHIBUSDT,r5_sl_adj_cooldown,0.65,32,0,16,0.5,-2.2507
1000SHIBUSDT,r5_trail10_rr3,0.65,26,0,19,0.2692,-2.7248
1000SHIBUSDT,full_clone_max_tp,0.65,38,0,33,0.1316,-3.6392
1000SHIBUSDT,full_clone_sl_adjust,0.65,66,0,60,0.0909,-7.5043
1000SHIBUSDT,lh_sell_trail15,0.65,36,0,24,0.3333,-2.6502
1000SHIBUSDT,lh_sell_prox15_trail15,0.65,37,0,24,0.3514,-0.9366
1000SHIBUSDT,hl_buy_trail15,0.65,60,0,45,0.25,-5.9951
1000SHIBUSDT,hl_buy_prox15_trail15,0.65,39,0,23,0.4103,-1.5453
1000SHIBUSDT,pre_confirm_trail15,0.65,60,0,45,0.25,-5.9951
1000SHIBUSDT,pre_confirm_prox15_trail15,0.65,40,0,23,0.425,0.1683
1000SHIBUSDT,r8_btc_minsl_strict,0.65,48,0,34,0.2917,-4.1231
1000SHIBUSDT,r8_sol_hlbuy_cooldown,0.65,74,0,61,0.1757,-10.5755
1000SHIBUSDT,trail_15_from_30_act2_min1,0.65,92,0,88,0.0435,-12.3331
1000SHIBUSDT,trail_15_from_30_act3_min1,0.65,87,0,85,0.023,-14.2165
1000SHIBUSDT,trail_15_from_30_act5_min15,0.65,85,0,84,0.0118,-13.9668
1000SHIBUSDT,trail_20_from_30_act2_min1,0.65,22,0,19,0.1364,-6.777
1000SHIBUSDT,trail_20_from_30_act3_min1,0.65,22,0,20,0.0909,-7.9388
1000SHIBUSDT,trail_20_from_30_act5_min15,0.65,21,0,20,0.0476,-8.2435
1000SHIBUSDT,trail_15_from_15_act2_min1,0.65,27,0,23,0.1481,-4.287
1000SHIBUSDT,trail_15_from_15_act3_min1,0.65,25,0,23,0.08,-6.2677
1000SHIBUSDT,trail_15_from_15_act5_min15,0.65,24,0,23,0.0417,-5.6664
1000SHIBUSDT,trail_20_from_15_act2_min1,0.65,79,0,75,0.0506,-12.0137
1000SHIBUSDT,trail_20_from_15_act3_min1,0.65,81,0,79,0.0247,-14.7802
1000SHIBUSDT,trail_20_from_15_act5_min15,0.65,80,0,79,0.0125,-14.1844
1000SHIBUSDT,default,0.5,93,1,92,0.0108,-12.08
1000SHIBUSDT,loose_entry,0.5,97,1,96,0.0103,-13.1983
1000SHIBUSDT,broad_zone,0.5,96,1,95,0.0104,-12.8763
1000SHIBUSDT,low_rr,0.5,94,1,93,0.0106,-12.402
1000SHIBUSDT,aggressive,0.5,97,1,96,0.0103,-13.1983
1000SHIBUSDT,partial_50,0.5,31,0,25,0.1935,-2.4487
1000SHIBUSDT,partial_60,0.5,47,0,41,0.1277,-2.0056
1000SHIBUSDT,partial_70,0.5,46,1,42,0.087,-3.0241
1000SHIBUSDT,partial_tight,0.5,44,0,40,0.0909,-2.8971
1000SHIBUSDT,partial_high_rr,0.5,31,0,25,0.1935,0.9981
1000SHIBUSDT,partial_conservative,0.5,31,0,25,0.1935,-1.9271
1000SHIBUSDT,trail_20_from_15,0.5,138,0,113,0.1812,-12.241
1000SHIBUSDT,trail_15_from_15,0.5,52,0,29,0.4423,-2.3336
1000SHIBUSDT,trail_15_from_15_d1,0.5,63,0,37,0.4127,-4.0266
1000SHIBUSDT,trail_25_from_15,0.5,97,0,74,0.2371,-12.0625
1000SHIBUSDT,db_layer_0,0.5,37,0,26,0.2973,-3.1883
1000SHIBUSDT,db_layer_1,0.5,90,0,73,0.1889,-5.5001
1000SHIBUSDT,db_layer_3,0.5,61,0,50,0.1803,-4.8088
1000SHIBUSDT,rr_4x_trail_20,0.5,35,0,26,0.2571,-3.851
1000SHIBUSDT,rr_3x_trail_15,0.5,86,0,71,0.1744,-5.6718
1000SHIBUSDT,sl_filter_trail,0.5,83,0,66,0.2048,-12.6346
1000SHIBUSDT,trail_20_from_30_sl_filter,0.5,31,0,21,0.3226,-5.0346
1000SHIBUSDT,trail_20_from_30_full,0.5,29,0,24,0.1724,-7.47
1000SHIBUSDT,trail_15_from_30,0.5,109,0,99,0.0917,-11.9274
1000SHIBUSDT,trail_20_from_30_cooldown,0.5,29,0,17,0.4138,-1.2749
1000SHIBUSDT,trail_15_from_30_tp95,0.5,36,0,24,0.3333,-2.1157
1000SHIBUSDT,trail_15_from_30_cooldown,0.5,29,0,17,0.4138,-0.8678
1000SHIBUSDT,trail_15_from_30_full,0.5,29,0,17,0.4138,-0.7578
1000SHIBUSDT,db_clone_cooldown,0.5,25,0,17,0.32,-4.3114
1000SHIBUSDT,correction_w20_trail15_30,0.5,36,0,24,0.3333,-2.1157
1000SHIBUSDT,db_full_clone,0.5,34,0,26,0.2353,-6.388
1000SHIBUSDT,sl_adjust_rr_trail,0.5,49,0,36,0.2653,-2.7363
1000SHIBUSDT,sl_adjust_rr_tp95,0.5,43,0,26,0.3953,-3.7356
1000SHIBUSDT,max_profit_2pct,0.5,21,0,21,0.0,-5.5118
1000SHIBUSDT,max_profit_2pct_trail,0.5,5,0,4,0.2,-1.1729
1000SHIBUSDT,max_profit_3pct_trail,0.5,32,0,29,0.0938,-3.4318
1000SHIBUSDT,r5_tight,0.5,27,0,17,0.3704,-2.1795
1000SHIBUSDT,r5_rr3,0.5,26,0,19,0.2692,-2.8572
1000SHIBUSDT,r5_sl_filter,0.5,27,0,17,0.3704,-4.0779
1000SHIBUSDT,r5_sl_adjust,0.5,27,0,19,0.2963,-2.3188
1000SHIBUSDT,r5_tight_rr3,0.5,24,0,19,0.2083,-4.0869
1000SHIBUSDT,r5_tight_sl,0.5,25,0,17,0.32,-5.4997
1000SHIBUSDT,r5_all_filters,0.5,22,0,19,0.1364,-7.1421
1000SHIBUSDT,r5_trail10,0.5,47,0,36,0.234,-2.9085
1000SHIBUSDT,r5_arm25,0.5,37,0,27,0.2703,-3.9061
1000SHIBUSDT,r5_arm20,0.5,45,0,30,0.3333,-5.5228
1000SHIBUSDT,r5_arm15_cooldown,0.5,49,0,29,0.4082,-4.6489
1000SHIBUSDT,r6_arm15_rr4,0.5,20,0,13,0.35,-1.4291
1000SHIBUSDT,r6_arm15_maxp3_trail20,0.5,25,0,7,0.72,0.2055
1000SHIBUSDT,r6_arm15_full,0.5,17,0,13,0.2353,-2.6251
1000SHIBUSDT,r7_arm20_maxp3_trail20,0.5,22,0,7,0.6818,0.1873
1000SHIBUSDT,r7_trail15_maxp3,0.5,29,0,12,0.5862,-0.9687
1000SHIBUSDT,r7_trail20_maxp3,0.5,29,0,12,0.5862,-1.3553
1000SHIBUSDT,r7_full_clone_cooldown,0.5,20,0,14,0.3,-2.4103
1000SHIBUSDT,r5_sl_adj_cooldown,0.5,32,0,15,0.5312,-1.0165
1000SHIBUSDT,r5_trail10_rr3,0.5,26,0,19,0.2692,-2.4408
1000SHIBUSDT,full_clone_max_tp,0.5,35,0,30,0.1429,-3.2548
1000SHIBUSDT,full_clone_sl_adjust,0.5,60,0,54,0.1,-6.5797
1000SHIBUSDT,lh_sell_trail15,0.5,36,0,24,0.3333,-2.1157
1000SHIBUSDT,lh_sell_prox15_trail15,0.5,37,0,24,0.3514,-0.4021
1000SHIBUSDT,hl_buy_trail15,0.5,57,0,42,0.2632,-5.1015
1000SHIBUSDT,hl_buy_prox15_trail15,0.5,39,0,23,0.4103,-1.0109
1000SHIBUSDT,pre_confirm_trail15,0.5,57,0,42,0.2632,-5.1015
1000SHIBUSDT,pre_confirm_prox15_trail15,0.5,40,0,23,0.425,0.7028
1000SHIBUSDT,r8_btc_minsl_strict,0.5,45,0,33,0.2667,-4.235
1000SHIBUSDT,r8_sol_hlbuy_cooldown,0.5,71,0,58,0.1831,-10.1645
1000SHIBUSDT,trail_15_from_30_act2_min1,0.5,88,0,84,0.0455,-11.4724
1000SHIBUSDT,trail_15_from_30_act3_min1,0.5,83,0,81,0.0241,-13.3557
1000SHIBUSDT,trail_15_from_30_act5_min15,0.5,81,0,80,0.0123,-13.1061
1000SHIBUSDT,trail_20_from_30_act2_min1,0.5,22,0,19,0.1364,-6.2425
1000SHIBUSDT,trail_20_from_30_act3_min1,0.5,22,0,20,0.0909,-7.4043
1000SHIBUSDT,trail_20_from_30_act5_min15,0.5,21,0,20,0.0476,-7.7091
1000SHIBUSDT,trail_15_from_15_act2_min1,0.5,27,0,23,0.1481,-4.5566
1000SHIBUSDT,trail_15_from_15_act3_min1,0.5,25,0,23,0.08,-6.5372
1000SHIBUSDT,trail_15_from_15_act5_min15,0.5,24,0,23,0.0417,-5.936
1000SHIBUSDT,trail_20_from_15_act2_min1,0.5,75,0,71,0.0533,-11.1529
1000SHIBUSDT,trail_20_from_15_act3_min1,0.5,77,0,75,0.026,-13.9195
1000SHIBUSDT,trail_20_from_15_act5_min15,0.5,76,0,75,0.0132,-13.3237
1000SHIBUSDT,default,0.3,77,1,76,0.013,-8.1104
1000SHIBUSDT,loose_entry,0.3,80,1,79,0.0125,-8.9067
1000SHIBUSDT,broad_zone,0.3,80,1,79,0.0125,-8.9067
1000SHIBUSDT,low_rr,0.3,77,1,76,0.013,-8.1104
1000SHIBUSDT,aggressive,0.3,80,1,79,0.0125,-8.9067
1000SHIBUSDT,partial_50,0.3,25,0,20,0.2,-1.4014
1000SHIBUSDT,partial_60,0.3,38,0,33,0.1316,-1.1931
1000SHIBUSDT,partial_70,0.3,37,0,34,0.0811,-4.0359
1000SHIBUSDT,partial_tight,0.3,35,0,32,0.0857,-2.307
1000SHIBUSDT,partial_high_rr,0.3,25,0,20,0.2,0.9799
1000SHIBUSDT,partial_conservative,0.3,25,0,20,0.2,-1.038
1000SHIBUSDT,trail_20_from_15,0.3,100,0,85,0.15,-9.8822
1000SHIBUSDT,trail_15_from_15,0.3,38,0,22,0.4211,-2.312
1000SHIBUSDT,trail_15_from_15_d1,0.3,45,0,27,0.4,-3.5967
1000SHIBUSDT,trail_25_from_15,0.3,75,0,60,0.2,-9.6054
1000SHIBUSDT,db_layer_0,0.3,30,0,21,0.3,-2.8041
1000SHIBUSDT,db_layer_1,0.3,72,0,60,0.1667,-4.8043
1000SHIBUSDT,db_layer_3,0.3,50,0,41,0.18,-4.3657
1000SHIBUSDT,rr_4x_trail_20,0.3,28,0,21,0.25,-3.4667
1000SHIBUSDT,rr_3x_trail_15,0.3,68,0,58,0.1471,-4.976
1000SHIBUSDT,sl_filter_trail,0.3,70,0,57,0.1857,-10.4348
1000SHIBUSDT,trail_20_from_30_sl_filter,0.3,26,0,18,0.3077,-2.9438
1000SHIBUSDT,trail_20_from_30_full,0.3,26,0,20,0.2308,-4.3399
1000SHIBUSDT,trail_15_from_30,0.3,87,0,80,0.0805,-8.9731
1000SHIBUSDT,trail_20_from_30_cooldown,0.3,24,0,15,0.375,-0.2871
1000SHIBUSDT,trail_15_from_30_tp95,0.3,28,0,19,0.3214,-1.7371
1000SHIBUSDT,trail_15_from_30_cooldown,0.3,24,0,15,0.375,0.0546
1000SHIBUSDT,trail_15_from_30_full,0.3,24,0,15,0.375,-1.0972
1000SHIBUSDT,db_clone_cooldown,0.3,22,0,15,0.3182,-3.7008
1000SHIBUSDT,correction_w20_trail15_30,0.3,28,0,19,0.3214,-1.7371
1000SHIBUSDT,db_full_clone,0.3,29,0,22,0.2414,-5.2137
1000SHIBUSDT,sl_adjust_rr_trail,0.3,38,0,26,0.3158,0.6484
1000SHIBUSDT,sl_adjust_rr_tp95,0.3,33,0,21,0.3636,-3.0191
1000SHIBUSDT,max_profit_2pct,0.3,17,0,17,0.0,-4.447
1000SHIBUSDT,max_profit_2pct_trail,0.3,5,0,4,0.2,-1.1729
1000SHIBUSDT,max_profit_3pct_trail,0.3,23,0,21,0.087,-2.6354
1000SHIBUSDT,r5_tight,0.3,22,0,15,0.3182,-2.5189
1000SHIBUSDT,r5_rr3,0.3,23,0,16,0.3043,-1.6344
1000SHIBUSDT,r5_sl_filter,0.3,23,0,15,0.3478,-2.4859
1000SHIBUSDT,r5_sl_adjust,0.3,24,0,16,0.3333,-1.096
1000SHIBUSDT,r5_tight_rr3,0.3,21,0,16,0.2381,-2.8641
1000SHIBUSDT,r5_tight_sl,0.3,21,0,15,0.2857,-3.9076
1000SHIBUSDT,r5_all_filters,0.3,20,0,16,0.2,-4.4491
1000SHIBUSDT,r5_trail10,0.3,35,0,27,0.2286,-1.9877
1000SHIBUSDT,r5_arm25,0.3,29,0,20,0.3103,-2.4303
1000SHIBUSDT,r5_arm20,0.3,33,0,21,0.3636,-4.0979
1000SHIBUSDT,r5_arm15_cooldown,0.3,36,0,20,0.4444,-2.2758
1000SHIBUSDT,r6_arm15_rr4,0.3,16,0,10,0.375,-1.2608
1000SHIBUSDT,r6_arm15_maxp3_trail20,0.3,22,0,6,0.7273,0.6337
1000SHIBUSDT,r6_arm15_full,0.3,14,0,10,0.2857,-1.7301
1000SHIBUSDT,r7_arm20_maxp3_trail20,0.3,20,0,6,0.7,0.658
1000SHIBUSDT,r7_trail15_maxp3,0.3,23,0,8,0.6522,-0.1678
1000SHIBUSDT,r7_trail20_maxp3,0.3,23,0,8,0.6522,-0.5229
1000SHIBUSDT,r7_full_clone_cooldown,0.3,17,0,11,0.3529,-1.5154
1000SHIBUSDT,r5_sl_adj_cooldown,0.3,24,0,13,0.4583,-1.3548
1000SHIBUSDT,r5_trail10_rr3,0.3,23,0,16,0.3043,-1.2688
1000SHIBUSDT,full_clone_max_tp,0.3,30,0,26,0.1333,-2.9432
1000SHIBUSDT,full_clone_sl_adjust,0.3,52,0,47,0.0962,-5.5885
1000SHIBUSDT,lh_sell_trail15,0.3,28,0,19,0.3214,-1.7371
1000SHIBUSDT,lh_sell_prox15_trail15,0.3,29,0,19,0.3448,-0.0235
1000SHIBUSDT,hl_buy_trail15,0.3,50,0,38,0.24,-5.0093
1000SHIBUSDT,hl_buy_prox15_trail15,0.3,35,0,22,0.3714,-1.226
1000SHIBUSDT,pre_confirm_trail15,0.3,50,0,38,0.24,-5.0093
1000SHIBUSDT,pre_confirm_prox15_trail15,0.3,36,0,22,0.3889,0.4876
1000SHIBUSDT,r8_btc_minsl_strict,0.3,37,0,29,0.2162,-4.3316
1000SHIBUSDT,r8_sol_hlbuy_cooldown,0.3,55,0,45,0.1818,-6.3741
1000SHIBUSDT,trail_15_from_30_act2_min1,0.3,70,0,67,0.0429,-9.6176
1000SHIBUSDT,trail_15_from_30_act3_min1,0.3,65,0,64,0.0154,-11.501
1000SHIBUSDT,trail_15_from_30_act5_min15,0.3,65,0,64,0.0154,-8.9404
1000SHIBUSDT,trail_20_from_30_act2_min1,0.3,19,0,17,0.1053,-6.0906
1000SHIBUSDT,trail_20_from_30_act3_min1,0.3,19,0,18,0.0526,-7.2524
1000SHIBUSDT,trail_20_from_30_act5_min15,0.3,19,0,18,0.0526,-4.6917
1000SHIBUSDT,trail_15_from_15_act2_min1,0.3,20,0,17,0.15,-3.291
1000SHIBUSDT,trail_15_from_15_act3_min1,0.3,18,0,17,0.0556,-5.2716
1000SHIBUSDT,trail_15_from_15_act5_min15,0.3,18,0,17,0.0556,-2.711
1000SHIBUSDT,trail_20_from_15_act2_min1,0.3,59,0,56,0.0508,-8.566
1000SHIBUSDT,trail_20_from_15_act3_min1,0.3,61,0,60,0.0164,-11.3326
1000SHIBUSDT,trail_20_from_15_act5_min15,0.3,61,0,60,0.0164,-8.772
1000SHIBUSDT,default,0.1,55,0,55,0.0,-10.8399
1000SHIBUSDT,loose_entry,0.1,58,0,58,0.0,-11.6363
1000SHIBUSDT,broad_zone,0.1,58,0,58,0.0,-11.6363
1000SHIBUSDT,low_rr,0.1,55,0,55,0.0,-10.8399
1000SHIBUSDT,aggressive,0.1,58,0,58,0.0,-11.6363
1000SHIBUSDT,partial_50,0.1,19,0,15,0.2105,-1.7726
1000SHIBUSDT,partial_60,0.1,29,0,25,0.1379,-2.4538
1000SHIBUSDT,partial_70,0.1,28,0,26,0.0714,-5.9631
1000SHIBUSDT,partial_tight,0.1,26,0,24,0.0769,-3.5677
1000SHIBUSDT,partial_high_rr,0.1,19,0,15,0.2105,-0.0578
1000SHIBUSDT,partial_conservative,0.1,19,0,15,0.2105,-1.4092
1000SHIBUSDT,trail_20_from_15,0.1,71,0,60,0.1549,-8.5887
1000SHIBUSDT,trail_15_from_15,0.1,28,0,17,0.3929,-3.1811
1000SHIBUSDT,trail_15_from_15_d1,0.1,33,0,21,0.3636,-4.5005
1000SHIBUSDT,trail_25_from_15,0.1,53,0,42,0.2075,-7.6234
1000SHIBUSDT,db_layer_0,0.1,20,0,15,0.25,-2.7143
1000SHIBUSDT,db_layer_1,0.1,52,0,43,0.1731,-4.4715
1000SHIBUSDT,db_layer_3,0.1,36,0,31,0.1389,-4.5974
1000SHIBUSDT,rr_4x_trail_20,0.1,18,0,15,0.1667,-3.377
1000SHIBUSDT,rr_3x_trail_15,0.1,48,0,41,0.1458,-4.6432
1000SHIBUSDT,sl_filter_trail,0.1,50,0,39,0.22,-6.2756
1000SHIBUSDT,trail_20_from_30_sl_filter,0.1,18,0,14,0.2222,-2.7239
1000SHIBUSDT,trail_20_from_30_full,0.1,18,0,14,0.2222,-2.4693
1000SHIBUSDT,trail_15_from_30,0.1,62,0,57,0.0806,-7.8115
1000SHIBUSDT,trail_20_from_30_cooldown,0.1,15,0,11,0.2667,-2.7419
1000SHIBUSDT,trail_15_from_30_tp95,0.1,19,0,15,0.2105,-3.0874
1000SHIBUSDT,trail_15_from_30_cooldown,0.1,15,0,11,0.2667,-2.5575
1000SHIBUSDT,trail_15_from_30_full,0.1,15,0,11,0.2667,-2.4475
1000SHIBUSDT,db_clone_cooldown,0.1,15,0,10,0.3333,-1.5318
1000SHIBUSDT,correction_w20_trail15_30,0.1,19,0,15,0.2105,-3.0874
1000SHIBUSDT,db_full_clone,0.1,21,0,16,0.2381,-2.6798
1000SHIBUSDT,sl_adjust_rr_trail,0.1,27,0,19,0.2963,-0.9652
1000SHIBUSDT,sl_adjust_rr_tp95,0.1,22,0,15,0.3182,-3.3484
1000SHIBUSDT,max_profit_2pct,0.1,13,0,13,0.0,-3.7434
1000SHIBUSDT,max_profit_2pct_trail,0.1,1,0,1,0.0,-0.4244
1000SHIBUSDT,max_profit_3pct_trail,0.1,13,0,12,0.0769,-1.8997
1000SHIBUSDT,r5_tight,0.1,13,0,11,0.1538,-3.8692
1000SHIBUSDT,r5_rr3,0.1,15,0,11,0.2667,-1.7369
1000SHIBUSDT,r5_sl_filter,0.1,15,0,11,0.2667,-2.2511
1000SHIBUSDT,r5_sl_adjust,0.1,16,0,11,0.3125,-1.1985
1000SHIBUSDT,r5_tight_rr3,0.1,13,0,11,0.1538,-2.9666
1000SHIBUSDT,r5_tight_sl,0.1,13,0,11,0.1538,-3.6729
1000SHIBUSDT,r5_all_filters,0.1,13,0,11,0.1538,-2.9666
1000SHIBUSDT,r5_trail10,0.1,28,0,23,0.1786,-3.6152
1000SHIBUSDT,r5_arm25,0.1,22,0,16,0.2727,-3.1673
1000SHIBUSDT,r5_arm20,0.1,25,0,17,0.32,-4.117
1000SHIBUSDT,r5_arm15_cooldown,0.1,27,0,16,0.4074,-3.1598
1000SHIBUSDT,r6_arm15_rr4,0.1,11,0,8,0.2727,-1.7686
1000SHIBUSDT,r6_arm15_maxp3_trail20,0.1,16,0,5,0.6875,-0.488
1000SHIBUSDT,r6_arm15_full,0.1,8,0,6,0.25,-1.2251
1000SHIBUSDT,r7_arm20_maxp3_trail20,0.1,14,0,5,0.6429,-0.5276
1000SHIBUSDT,r7_trail15_maxp3,0.1,14,0,4,0.7143,-0.6388
1000SHIBUSDT,r7_trail20_maxp3,0.1,14,0,4,0.7143,-0.863
1000SHIBUSDT,r7_full_clone_cooldown,0.1,11,0,7,0.3636,-1.0104
1000SHIBUSDT,r5_sl_adj_cooldown,0.1,17,0,10,0.4118,-2.2413
1000SHIBUSDT,r5_trail10_rr3,0.1,15,0,11,0.2667,-1.5536
1000SHIBUSDT,full_clone_max_tp,0.1,20,0,17,0.15,-2.2075
1000SHIBUSDT,full_clone_sl_adjust,0.1,38,0,34,0.1053,-4.0358
1000SHIBUSDT,lh_sell_trail15,0.1,19,0,15,0.2105,-3.0874
1000SHIBUSDT,lh_sell_prox15_trail15,0.1,20,0,15,0.25,-1.3738
1000SHIBUSDT,hl_buy_trail15,0.1,37,0,28,0.2432,-3.9375
1000SHIBUSDT,hl_buy_prox15_trail15,0.1,26,0,18,0.3077,-2.5763
1000SHIBUSDT,pre_confirm_trail15,0.1,37,0,28,0.2432,-3.9375
1000SHIBUSDT,pre_confirm_prox15_trail15,0.1,27,0,18,0.3333,-0.8627
1000SHIBUSDT,r8_btc_minsl_strict,0.1,28,0,21,0.25,-3.1498
1000SHIBUSDT,r8_sol_hlbuy_cooldown,0.1,43,0,36,0.1628,-6.7951
1000SHIBUSDT,trail_15_from_30_act2_min1,0.1,49,0,47,0.0408,-7.8428
1000SHIBUSDT,trail_15_from_30_act3_min1,0.1,44,0,44,0.0,-9.7262
1000SHIBUSDT,trail_15_from_30_act5_min15,0.1,44,0,44,0.0,-9.7262
1000SHIBUSDT,trail_20_from_30_act2_min1,0.1,14,0,13,0.0714,-5.8762
1000SHIBUSDT,trail_20_from_30_act3_min1,0.1,14,0,14,0.0,-7.038
1000SHIBUSDT,trail_20_from_30_act5_min15,0.1,14,0,14,0.0,-7.038
1000SHIBUSDT,trail_15_from_15_act2_min1,0.1,17,0,15,0.1176,-4.2369
1000SHIBUSDT,trail_15_from_15_act3_min1,0.1,15,0,15,0.0,-6.2176
1000SHIBUSDT,trail_15_from_15_act5_min15,0.1,15,0,15,0.0,-6.2176
1000SHIBUSDT,trail_20_from_15_act2_min1,0.1,38,0,36,0.0526,-6.7912
1000SHIBUSDT,trail_20_from_15_act3_min1,0.1,40,0,40,0.0,-9.5578
1000SHIBUSDT,trail_20_from_15_act5_min15,0.1,40,0,40,0.0,-9.5578
INJUSDT,default,1.0,80,5,75,0.0625,14.8895
INJUSDT,loose_entry,1.0,80,5,75,0.0625,14.8895
INJUSDT,broad_zone,1.0,80,5,75,0.0625,14.8895
INJUSDT,low_rr,1.0,80,5,75,0.0625,14.8895
INJUSDT,aggressive,1.0,80,5,75,0.0625,14.8895
INJUSDT,partial_50,1.0,34,1,28,0.1765,-16.7138
INJUSDT,partial_60,1.0,46,1,41,0.1087,-11.6813
INJUSDT,partial_70,1.0,45,1,40,0.1111,-5.1503
INJUSDT,partial_tight,1.0,46,1,41,0.1087,-10.326
INJUSDT,partial_high_rr,1.0,30,0,26,0.1333,-10.4841
INJUSDT,partial_conservative,1.0,33,1,28,0.1515,-18.479
INJUSDT,trail_20_from_15,1.0,216,2,173,0.1991,-11.4864
INJUSDT,trail_15_from_15,1.0,93,0,59,0.3656,-7.3528
INJUSDT,trail_15_from_15_d1,1.0,115,1,73,0.3652,-0.3423
INJUSDT,trail_25_from_15,1.0,138,1,97,0.2971,-3.4152
INJUSDT,db_layer_0,1.0,60,0,40,0.3333,-0.5075
INJUSDT,db_layer_1,1.0,158,1,139,0.1203,-14.3552
INJUSDT,db_layer_3,1.0,141,0,119,0.156,-8.7064
INJUSDT,rr_4x_trail_20,1.0,58,0,40,0.3103,-1.1349
INJUSDT,rr_3x_trail_15,1.0,158,1,139,0.1203,-14.3552
INJUSDT,sl_filter_trail,1.0,118,0,100,0.1525,-6.2881
INJUSDT,trail_20_from_30_sl_filter,1.0,51,1,42,0.1765,-1.3965
INJUSDT,trail_20_from_30_full,1.0,53,1,42,0.2075,1.079
INJUSDT,trail_15_from_30,1.0,146,2,130,0.1096,-9.0968
INJUSDT,trail_20_from_30_cooldown,1.0,38,2,23,0.3947,0.9684
INJUSDT,trail_15_from_30_tp95,1.0,47,2,30,0.3617,0.4738
INJUSDT,trail_15_from_30_cooldown,1.0,38,2,23,0.3947,2.7219
INJUSDT,trail_15_from_30_full,1.0,40,2,24,0.4,2.8469
INJUSDT,db_clone_cooldown,1.0,44,0,29,0.3409,1.3042
INJUSDT,correction_w20_trail15_30,1.0,47,2,30,0.3617,0.4738
INJUSDT,db_full_clone,1.0,71,0,53,0.2535,-2.253
INJUSDT,sl_adjust_rr_trail,1.0,97,0,80,0.1753,-11.5687
INJUSDT,sl_adjust_rr_tp95,1.0,61,0,39,0.3607,-0.7073
INJUSDT,max_profit_2pct,1.0,8,1,7,0.125,-1.1156
INJUSDT,max_profit_2pct_trail,1.0,4,0,2,0.5,0.4112
INJUSDT,max_profit_3pct_trail,1.0,14,0,14,0.0,-2.1896
INJUSDT,r5_tight,1.0,40,2,24,0.4,2.8469
INJUSDT,r5_rr3,1.0,37,1,25,0.3243,0.9739
INJUSDT,r5_sl_filter,1.0,38,1,29,0.2368,3.6158
INJUSDT,r5_sl_adjust,1.0,37,1,25,0.3243,0.5925
INJUSDT,r5_tight_rr3,1.0,37,1,25,0.3243,0.9739
INJUSDT,r5_tight_sl,1.0,38,1,29,0.2368,3.6158
INJUSDT,r5_all_filters,1.0,39,1,29,0.2564,5.0615
INJUSDT,r5_trail10,1.0,71,2,58,0.1831,-2.2876
INJUSDT,r5_arm25,1.0,60,1,43,0.2833,-6.4969
INJUSDT,r5_arm20,1.0,78,1,54,0.3077,-7.2246
INJUSDT,r5_arm15_cooldown,1.0,88,1,56,0.3636,-6.2546
INJUSDT,r6_arm15_rr4,1.0,43,0,22,0.4884,10.2736
INJUSDT,r6_arm15_maxp3_trail20,1.0,8,0,2,0.75,1.4359
INJUSDT,r6_arm15_full,1.0,8,0,6,0.25,-0.8591
INJUSDT,r7_arm20_maxp3_trail20,1.0,5,0,3,0.4,-1.1006
INJUSDT,r7_trail15_maxp3,1.0,11,0,5,0.5455,-0.1061
INJUSDT,r7_trail20_maxp3,1.0,11,0,5,0.5455,-0.2445
INJUSDT,r7_full_clone_cooldown,1.0,7,0,5,0.2857,-0.7594
INJUSDT,r5_sl_adj_cooldown,1.0,42,0,22,0.4762,3.9827
INJUSDT,r5_trail10_rr3,1.0,37,1,25,0.3243,2.4688
INJUSDT,full_clone_max_tp,1.0,12,0,12,0.0,-2.0156
INJUSDT,full_clone_sl_adjust,1.0,121,0,109,0.0992,-7.0957
INJUSDT,lh_sell_trail15,1.0,47,2,30,0.3617,0.4738
INJUSDT,lh_sell_prox15_trail15,1.0,47,2,30,0.3617,0.4738
INJUSDT,hl_buy_trail15,1.0,67,2,51,0.2388,-5.3492
INJUSDT,hl_buy_prox15_trail15,1.0,46,2,28,0.3913,-0.2346
INJUSDT,pre_confirm_trail15,1.0,67,2,51,0.2388,-5.3492
INJUSDT,pre_confirm_prox15_trail15,1.0,46,2,28,0.3913,-0.2346
INJUSDT,r8_btc_minsl_strict,1.0,11,1,9,0.1818,-1.2458
INJUSDT,r8_sol_hlbuy_cooldown,1.0,92,2,77,0.163,-2.0229
INJUSDT,trail_15_from_30_act2_min1,1.0,143,2,129,0.0979,-12.8631
INJUSDT,trail_15_from_30_act3_min1,1.0,118,1,108,0.0847,-15.9381
INJUSDT,trail_15_from_30_act5_min15,1.0,99,2,93,0.0606,-14.3189
INJUSDT,trail_20_from_30_act2_min1,1.0,35,2,21,0.4,0.466
INJUSDT,trail_20_from_30_act3_min1,1.0,32,2,23,0.2812,-10.9326
INJUSDT,trail_20_from_30_act5_min15,1.0,26,3,21,0.1923,-9.6683
INJUSDT,trail_15_from_15_act2_min1,1.0,52,1,37,0.2885,-12.107
INJUSDT,trail_15_from_15_act3_min1,1.0,42,1,34,0.1905,-21.4573
INJUSDT,trail_15_from_15_act5_min15,1.0,40,3,33,0.175,-4.6591
INJUSDT,trail_20_from_15_act2_min1,1.0,122,2,103,0.1557,-14.5312
INJUSDT,trail_20_from_15_act3_min1,1.0,89,1,77,0.1348,-17.49
INJUSDT,trail_20_from_15_act5_min15,1.0,75,3,68,0.0933,-10.9023
INJUSDT,default,0.8,80,5,75,0.0625,14.8895
INJUSDT,loose_entry,0.8,80,5,75,0.0625,14.8895
INJUSDT,broad_zone,0.8,80,5,75,0.0625,14.8895
INJUSDT,low_rr,0.8,80,5,75,0.0625,14.8895
INJUSDT,aggressive,0.8,80,5,75,0.0625,14.8895
INJUSDT,partial_50,0.8,34,1,28,0.1765,-16.7009
INJUSDT,partial_60,0.8,46,1,41,0.1087,-11.6813
INJUSDT,partial_70,0.8,45,1,40,0.1111,-5.1503
INJUSDT,partial_tight,0.8,46,1,41,0.1087,-10.326
INJUSDT,partial_high_rr,0.8,31,0,27,0.129,-12.3397
INJUSDT,partial_conservative,0.8,33,1,28,0.1515,-17.7506
INJUSDT,trail_20_from_15,0.8,208,2,169,0.1875,-13.5951
INJUSDT,trail_15_from_15,0.8,89,0,58,0.3483,-10.5395
INJUSDT,trail_15_from_15_d1,0.8,111,1,72,0.3514,-4.1738
INJUSDT,trail_25_from_15,0.8,147,1,109,0.2585,-7.8873
INJUSDT,db_layer_0,0.8,60,0,40,0.3333,-0.486
INJUSDT,db_layer_1,0.8,156,1,138,0.1154,-15.2125
INJUSDT,db_layer_3,0.8,140,0,119,0.15,-9.9691
INJUSDT,rr_4x_trail_20,0.8,58,0,40,0.3103,-1.1134
INJUSDT,rr_3x_trail_15,0.8,156,1,138,0.1154,-15.2125
INJUSDT,sl_filter_trail,0.8,116,0,99,0.1466,-6.8915
INJUSDT,trail_20_from_30_sl_filter,0.8,51,1,42,0.1765,-1.0093
INJUSDT,trail_20_from_30_full,0.8,53,1,42,0.2075,1.4662
INJUSDT,trail_15_from_30,0.8,143,2,130,0.0909,-13.2975
INJUSDT,trail_20_from_30_cooldown,0.8,38,2,24,0.3684,-3.6382
INJUSDT,trail_15_from_30_tp95,0.8,47,2,31,0.3404,-4.2071
INJUSDT,trail_15_from_30_cooldown,0.8,38,2,24,0.3684,-1.959
INJUSDT,trail_15_from_30_full,0.8,40,2,25,0.375,-1.834
INJUSDT,db_clone_cooldown,0.8,44,0,29,0.3409,1.3257
INJUSDT,correction_w20_trail15_30,0.8,47,2,31,0.3404,-4.2071
INJUSDT,db_full_clone,0.8,70,0,53,0.2429,-3.4608
INJUSDT,sl_adjust_rr_trail,0.8,95,0,79,0.1684,-12.0863
INJUSDT,sl_adjust_rr_tp95,0.8,61,0,39,0.3607,-0.742
INJUSDT,max_profit_2pct,0.8,8,1,7,0.125,-1.1156
INJUSDT,max_profit_2pct_trail,0.8,4,0,2,0.5,0.4112
INJUSDT,max_profit_3pct_trail,0.8,14,0,14,0.0,-2.1896
INJUSDT,r5_tight,0.8,40,2,25,0.375,-1.834
INJUSDT,r5_rr3,0.8,37,1,25,0.3243,1.3854
INJUSDT,r5_sl_filter,0.8,38,1,29,0.2368,4.0272
INJUSDT,r5_sl_adjust,0.8,37,1,25,0.3243,0.4479
INJUSDT,r5_tight_rr3,0.8,37,1,25,0.3243,1.3854
INJUSDT,r5_tight_sl,0.8,38,1,29,0.2368,4.0272
INJUSDT,r5_all_filters,0.8,39,1,29,0.2564,5.4729
INJUSDT,r5_trail10,0.8,63,2,51,0.1905,-1.8886
INJUSDT,r5_arm25,0.8,58,1,43,0.2586,-8.4342
INJUSDT,r5_arm20,0.8,74,1,54,0.2703,-14.79
INJUSDT,r5_arm15_cooldown,0.8,84,1,57,0.3214,-16.5981
INJUSDT,r6_arm15_rr4,0.8,43,0,22,0.4884,10.2964
INJUSDT,r6_arm15_maxp3_trail20,0.8,8,0,2,0.75,1.4359
INJUSDT,r6_arm15_full,0.8,8,0,6,0.25,-0.8591
INJUSDT,r7_arm20_maxp3_trail20,0.8,5,0,3,0.4,-1.1006
INJUSDT,r7_trail15_maxp3,0.8,11,0,5,0.5455,-0.1061
INJUSDT,r7_trail20_maxp3,0.8,11,0,5,0.5455,-0.2445
INJUSDT,r7_full_clone_cooldown,0.8,7,0,5,0.2857,-0.7594
INJUSDT,r5_sl_adj_cooldown,0.8,42,0,22,0.4762,3.948
INJUSDT,r5_trail10_rr3,0.8,37,1,25,0.3243,2.9044
INJUSDT,full_clone_max_tp,0.8,12,0,12,0.0,-2.0156
INJUSDT,full_clone_sl_adjust,0.8,120,0,109,0.0917,-8.3624
INJUSDT,lh_sell_trail15,0.8,47,2,31,0.3404,-4.2071
INJUSDT,lh_sell_prox15_trail15,0.8,47,2,31,0.3404,-4.2071
INJUSDT,hl_buy_trail15,0.8,66,2,51,0.2273,-7.9469
INJUSDT,hl_buy_prox15_trail15,0.8,46,2,29,0.3696,-4.9156
INJUSDT,pre_confirm_trail15,0.8,66,2,51,0.2273,-7.9469
INJUSDT,pre_confirm_prox15_trail15,0.8,46,2,29,0.3696,-4.9156
INJUSDT,r8_btc_minsl_strict,0.8,11,1,9,0.1818,-1.2458
INJUSDT,r8_sol_hlbuy_cooldown,0.8,89,2,75,0.1573,-3.7733
INJUSDT,trail_15_from_30_act2_min1,0.8,140,2,128,0.0857,-16.8169
INJUSDT,trail_15_from_30_act3_min1,0.8,118,1,109,0.0763,-19.387
INJUSDT,trail_15_from_30_act5_min15,0.8,99,2,93,0.0606,-14.3189
INJUSDT,trail_20_from_30_act2_min1,0.8,38,2,24,0.3684,-4.939
INJUSDT,trail_20_from_30_act3_min1,0.8,31,1,23,0.2581,-15.3598
INJUSDT,trail_20_from_30_act5_min15,0.8,26,3,21,0.1923,-8.4222
INJUSDT,trail_15_from_15_act2_min1,0.8,53,1,40,0.2453,-20.0414
INJUSDT,trail_15_from_15_act3_min1,0.8,43,1,36,0.1628,-27.7287
INJUSDT,trail_15_from_15_act5_min15,0.8,42,2,36,0.1429,-13.9109
INJUSDT,trail_20_from_15_act2_min1,0.8,124,2,107,0.1371,-20.3399
INJUSDT,trail_20_from_15_act3_min1,0.8,89,1,78,0.1236,-20.9389
INJUSDT,trail_20_from_15_act5_min15,0.8,78,2,72,0.0769,-19.5667
INJUSDT,default,0.65,74,4,70,0.0541,14.6938
INJUSDT,loose_entry,0.65,74,4,70,0.0541,14.6938
INJUSDT,broad_zone,0.65,74,4,70,0.0541,14.6938
INJUSDT,low_rr,0.65,74,4,70,0.0541,14.6938
INJUSDT,aggressive,0.65,74,4,70,0.0541,14.6938
INJUSDT,partial_50,0.65,29,0,24,0.1724,-14.6551
INJUSDT,partial_60,0.65,40,0,36,0.1,-10.4976
INJUSDT,partial_70,0.65,40,0,36,0.1,-5.3203
INJUSDT,partial_tight,0.65,40,0,36,0.1,-9.1423
INJUSDT,partial_high_rr,0.65,28,0,24,0.1429,-10.43
INJUSDT,partial_conservative,0.65,28,0,24,0.1429,-15.8527
INJUSDT,trail_20_from_15,0.65,190,1,154,0.1895,-11.567
INJUSDT,trail_15_from_15,0.65,80,0,51,0.3625,-7.0018
INJUSDT,trail_15_from_15_d1,0.65,100,1,64,0.36,-0.4648
INJUSDT,trail_25_from_15,0.65,134,1,98,0.2687,-4.3531
INJUSDT,db_layer_0,0.65,55,0,37,0.3273,0.8325
INJUSDT,db_layer_1,0.65,144,0,128,0.1111,-14.9275
INJUSDT,db_layer_3,0.65,131,0,111,0.1527,-8.1461
INJUSDT,rr_4x_trail_20,0.65,55,0,37,0.3273,0.8325
INJUSDT,rr_3x_trail_15,0.65,144,0,128,0.1111,-14.9275
INJUSDT,sl_filter_trail,0.65,109,0,93,0.1468,-5.5396
INJUSDT,trail_20_from_30_sl_filter,0.65,49,0,41,0.1633,0.0221
INJUSDT,trail_20_from_30_full,0.65,51,0,41,0.1961,2.5469
INJUSDT,trail_15_from_30,0.65,128,1,117,0.0859,-10.7183
INJUSDT,trail_20_from_30_cooldown,0.65,38,1,25,0.3421,-2.6869
INJUSDT,trail_15_from_30_tp95,0.65,51,1,36,0.2941,-4.338
INJUSDT,trail_15_from_30_cooldown,0.65,38,1,25,0.3421,-1.2132
INJUSDT,trail_15_from_30_full,0.65,40,1,26,0.35,-0.9797
INJUSDT,db_clone_cooldown,0.65,42,0,29,0.3095,1.1037
INJUSDT,correction_w20_trail15_30,0.65,51,1,36,0.2941,-4.338
INJUSDT,db_full_clone,0.65,66,0,51,0.2273,-2.1669
INJUSDT,sl_adjust_rr_trail,0.65,86,0,71,0.1744,-10.801
INJUSDT,sl_adjust_rr_tp95,0.65,55,0,36,0.3455,0.1229
INJUSDT,max_profit_2pct,0.65,3,0,3,0.0,-1.4631
INJUSDT,max_profit_2pct_trail,0.65,0,0,0,0.0,0
INJUSDT,max_profit_3pct_trail,0.65,10,0,10,0.0,-1.7852
INJUSDT,r5_tight,0.65,40,1,26,0.35,-0.9797
INJUSDT,r5_rr3,0.65,37,0,26,0.2973,1.2186
INJUSDT,r5_sl_filter,0.65,36,0,28,0.2222,4.3749
INJUSDT,r5_sl_adjust,0.65,37,0,26,0.2973,0.2811
INJUSDT,r5_tight_rr3,0.65,37,0,26,0.2973,1.2186
INJUSDT,r5_tight_sl,0.65,36,0,28,0.2222,4.3749
INJUSDT,r5_all_filters,0.65,37,0,28,0.2432,5.8206
INJUSDT,r5_trail10,0.65,60,1,50,0.1667,-1.0989
INJUSDT,r5_arm25,0.65,54,1,40,0.2593,-5.0278
INJUSDT,r5_arm20,0.65,66,1,48,0.2727,-12.8359
INJUSDT,r5_arm15_cooldown,0.65,74,1,50,0.3243,-14.2108
INJUSDT,r6_arm15_rr4,0.65,39,0,20,0.4872,9.5843
INJUSDT,r6_arm15_maxp3_trail20,0.65,6,0,1,0.8333,0.9717
INJUSDT,r6_arm15_full,0.65,5,0,4,0.2,-1.1138
INJUSDT,r7_arm20_maxp3_trail20,0.65,3,0,2,0.3333,-1.5648
INJUSDT,r7_trail15_maxp3,0.65,7,0,3,0.5714,-0.5665
INJUSDT,r7_trail20_maxp3,0.65,7,0,3,0.5714,-0.6557
INJUSDT,r7_full_clone_cooldown,0.65,5,0,4,0.2,-1.1138
INJUSDT,r5_sl_adj_cooldown,0.65,37,0,19,0.4865,4.868
INJUSDT,r5_trail10_rr3,0.65,37,0,26,0.2973,2.7761
INJUSDT,full_clone_max_tp,0.65,10,0,10,0.0,-1.7852
INJUSDT,full_clone_sl_adjust,0.65,113,0,102,0.0973,-6.8039
INJUSDT,lh_sell_trail15,0.65,51,1,36,0.2941,-4.338
INJUSDT,lh_sell_prox15_trail15,0.65,51,1,36,0.2941,-4.338
INJUSDT,hl_buy_trail15,0.65,70,1,56,0.2,-7.9035
INJUSDT,hl_buy_prox15_trail15,0.65,51,1,35,0.3137,-6.9461
INJUSDT,pre_confirm_trail15,0.65,70,1,56,0.2,-7.9035
INJUSDT,pre_confirm_prox15_trail15,0.65,51,1,35,0.3137,-6.9461
INJUSDT,r8_btc_minsl_strict,0.65,9,0,8,0.1111,-1.8037
INJUSDT,r8_sol_hlbuy_cooldown,0.65,85,1,72,0.1529,-3.253
INJUSDT,trail_15_from_30_act2_min1,0.65,128,1,117,0.0859,-13.3061
INJUSDT,trail_15_from_30_act3_min1,0.65,108,0,100,0.0741,-16.4469
INJUSDT,trail_15_from_30_act5_min15,0.65,89,1,84,0.0562,-12.0689
INJUSDT,trail_20_from_30_act2_min1,0.65,38,1,25,0.3421,-2.968
INJUSDT,trail_20_from_30_act3_min1,0.65,27,0,20,0.2593,-13.2589
INJUSDT,trail_20_from_30_act5_min15,0.65,23,2,18,0.2174,-5.821
INJUSDT,trail_15_from_15_act2_min1,0.65,50,0,37,0.26,-12.0431
INJUSDT,trail_15_from_15_act3_min1,0.65,36,0,29,0.1944,-19.0751
INJUSDT,trail_15_from_15_act5_min15,0.65,35,1,29,0.1714,-4.3627
INJUSDT,trail_20_from_15_act2_min1,0.65,107,1,91,0.1495,-14.189
INJUSDT,trail_20_from_15_act3_min1,0.65,85,0,75,0.1176,-16.4531
INJUSDT,trail_20_from_15_act5_min15,0.65,68,1,63,0.0735,-18.3118
INJUSDT,default,0.5,72,4,68,0.0556,15.3518
INJUSDT,loose_entry,0.5,72,4,68,0.0556,15.3518
INJUSDT,broad_zone,0.5,72,4,68,0.0556,15.3518
INJUSDT,low_rr,0.5,72,4,68,0.0556,15.3518
INJUSDT,aggressive,0.5,72,4,68,0.0556,15.3518
INJUSDT,partial_50,0.5,27,0,24,0.1111,-20.0841
INJUSDT,partial_60,0.5,40,0,36,0.1,-10.2773
INJUSDT,partial_70,0.5,40,0,36,0.1,-5.1
INJUSDT,partial_tight,0.5,40,0,36,0.1,-8.922
INJUSDT,partial_high_rr,0.5,27,0,24,0.1111,-13.5906
INJUSDT,partial_conservative,0.5,27,0,24,0.1111,-18.1479
INJUSDT,trail_20_from_15,0.5,169,1,136,0.1953,-10.8928
INJUSDT,trail_15_from_15,0.5,70,1,45,0.3571,-8.1889
INJUSDT,trail_15_from_15_d1,0.5,88,1,55,0.375,-1.1385
INJUSDT,trail_25_from_15,0.5,118,1,85,0.2797,-3.9067
INJUSDT,db_layer_0,0.5,44,0,28,0.3636,0.9854
INJUSDT,db_layer_1,0.5,127,0,112,0.1181,-13.7965
INJUSDT,db_layer_3,0.5,116,0,98,0.1552,-8.3803
INJUSDT,rr_4x_trail_20,0.5,44,0,28,0.3636,0.9854
INJUSDT,rr_3x_trail_15,0.5,127,0,112,0.1181,-13.7965
INJUSDT,sl_filter_trail,0.5,95,0,81,0.1474,-6.2665
INJUSDT,trail_20_from_30_sl_filter,0.5,38,0,32,0.1579,-1.4744
INJUSDT,trail_20_from_30_full,0.5,40,0,32,0.2,1.0504
INJUSDT,trail_15_from_30,0.5,110,1,100,0.0909,-8.6552
INJUSDT,trail_20_from_30_cooldown,0.5,31,1,21,0.3226,-6.1218
INJUSDT,trail_15_from_30_tp95,0.5,39,1,27,0.3077,-6.3283
INJUSDT,trail_15_from_30_cooldown,0.5,31,1,21,0.3226,-4.5694
INJUSDT,trail_15_from_30_full,0.5,33,1,22,0.3333,-4.0633
INJUSDT,db_clone_cooldown,0.5,36,0,25,0.3056,-0.1634
INJUSDT,correction_w20_trail15_30,0.5,39,1,27,0.3077,-6.3283
INJUSDT,db_full_clone,0.5,54,0,41,0.2407,-2.3101
INJUSDT,sl_adjust_rr_trail,0.5,77,0,65,0.1558,-13.3029
INJUSDT,sl_adjust_rr_tp95,0.5,44,0,27,0.3864,0.0165
INJUSDT,max_profit_2pct,0.5,3,0,3,0.0,-1.4631
INJUSDT,max_profit_2pct_trail,0.5,0,0,0,0.0,0
INJUSDT,max_profit_3pct_trail,0.5,10,0,10,0.0,-1.7852
INJUSDT,r5_tight,0.5,33,1,22,0.3333,-4.0633
INJUSDT,r5_rr3,0.5,31,0,22,0.2903,-1.0533
INJUSDT,r5_sl_filter,0.5,30,0,24,0.2,1.7919
INJUSDT,r5_sl_adjust,0.5,31,0,22,0.2903,-1.5605
INJUSDT,r5_tight_rr3,0.5,31,0,22,0.2903,-1.0533
INJUSDT,r5_tight_sl,0.5,30,0,24,0.2,1.7919
INJUSDT,r5_all_filters,0.5,31,0,24,0.2258,3.2376
INJUSDT,r5_trail10,0.5,52,1,44,0.1538,-3.0827
INJUSDT,r5_arm25,0.5,49,1,37,0.2449,-7.4742
INJUSDT,r5_arm20,0.5,60,1,45,0.25,-17.8346
INJUSDT,r5_arm15_cooldown,0.5,67,1,47,0.2985,-18.5731
INJUSDT,r6_arm15_rr4,0.5,36,0,18,0.5,9.7653
INJUSDT,r6_arm15_maxp3_trail20,0.5,6,0,1,0.8333,0.9717
INJUSDT,r6_arm15_full,0.5,5,0,4,0.2,-1.1138
INJUSDT,r7_arm20_maxp3_trail20,0.5,3,0,2,0.3333,-1.5648
INJUSDT,r7_trail15_maxp3,0.5,7,0,3,0.5714,-0.5665
INJUSDT,r7_trail20_maxp3,0.5,7,0,3,0.5714,-0.6557
INJUSDT,r7_full_clone_cooldown,0.5,5,0,4,0.2,-1.1138
INJUSDT,r5_sl_adj_cooldown,0.5,32,0,16,0.5,3.0295
INJUSDT,r5_trail10_rr3,0.5,31,0,22,0.2903,0.2735
INJUSDT,full_clone_max_tp,0.5,10,0,10,0.0,-1.7852
INJUSDT,full_clone_sl_adjust,0.5,98,0,88,0.102,-6.6346
INJUSDT,lh_sell_trail15,0.5,39,1,27,0.3077,-6.3283
INJUSDT,lh_sell_prox15_trail15,0.5,39,1,27,0.3077,-6.3283
INJUSDT,hl_buy_trail15,0.5,57,1,45,0.2105,-8.6462
INJUSDT,hl_buy_prox15_trail15,0.5,39,1,26,0.3333,-8.9364
INJUSDT,pre_confirm_trail15,0.5,57,1,45,0.2105,-8.6462
INJUSDT,pre_confirm_prox15_trail15,0.5,39,1,26,0.3333,-8.9364
INJUSDT,r8_btc_minsl_strict,0.5,9,0,8,0.1111,-1.8037
INJUSDT,r8_sol_hlbuy_cooldown,0.5,76,1,67,0.1184,-10.914
INJUSDT,trail_15_from_30_act2_min1,0.5,110,1,100,0.0909,-10.6475
INJUSDT,trail_15_from_30_act3_min1,0.5,92,0,85,0.0761,-15.9357
INJUSDT,trail_15_from_30_act5_min15,0.5,85,1,80,0.0588,-10.3031
INJUSDT,trail_20_from_30_act2_min1,0.5,31,1,21,0.3226,-8.5095
INJUSDT,trail_20_from_30_act3_min1,0.5,25,0,20,0.2,-16.9963
INJUSDT,trail_20_from_30_act5_min15,0.5,21,1,18,0.1429,-13.3382
INJUSDT,trail_15_from_15_act2_min1,0.5,43,1,33,0.2326,-17.2702
INJUSDT,trail_15_from_15_act3_min1,0.5,34,0,30,0.1176,-26.1529
INJUSDT,trail_15_from_15_act5_min15,0.5,34,0,30,0.1176,-20.1882
INJUSDT,trail_20_from_15_act2_min1,0.5,105,1,91,0.1333,-18.0656
INJUSDT,trail_20_from_15_act3_min1,0.5,74,0,66,0.1081,-21.6901
INJUSDT,trail_20_from_15_act5_min15,0.5,69,1,64,0.0725,-17.0019
INJUSDT,default,0.3,71,3,68,0.0423,10.7631
INJUSDT,loose_entry,0.3,71,3,68,0.0423,10.7631
INJUSDT,broad_zone,0.3,71,3,68,0.0423,10.7631
INJUSDT,low_rr,0.3,71,3,68,0.0423,10.7631
INJUSDT,aggressive,0.3,71,3,68,0.0423,10.7631
INJUSDT,partial_50,0.3,26,0,23,0.1154,-14.9209
INJUSDT,partial_60,0.3,37,0,33,0.1081,-4.4124
INJUSDT,partial_70,0.3,37,0,33,0.1081,0.7415
INJUSDT,partial_tight,0.3,37,0,33,0.1081,-3.0571
INJUSDT,partial_high_rr,0.3,26,0,23,0.1154,-8.2904
INJUSDT,partial_conservative,0.3,26,0,23,0.1154,-12.9848
INJUSDT,trail_20_from_15,0.3,136,0,107,0.2132,-8.3533
INJUSDT,trail_15_from_15,0.3,58,0,33,0.431,-2.6694
INJUSDT,trail_15_from_15_d1,0.3,76,0,46,0.3947,-0.6188
INJUSDT,trail_25_from_15,0.3,102,0,71,0.3039,0.8752
INJUSDT,db_layer_0,0.3,41,0,25,0.3902,1.7906
INJUSDT,db_layer_1,0.3,99,0,85,0.1414,-8.0537
INJUSDT,db_layer_3,0.3,94,0,76,0.1915,-1.1512
INJUSDT,rr_4x_trail_20,0.3,41,0,25,0.3902,1.7906
INJUSDT,rr_3x_trail_15,0.3,99,0,85,0.1414,-8.0537
INJUSDT,sl_filter_trail,0.3,74,0,61,0.1757,-0.5752
INJUSDT,trail_20_from_30_sl_filter,0.3,32,0,27,0.1562,0.3668
INJUSDT,trail_20_from_30_full,0.3,34,0,27,0.2059,2.2393
INJUSDT,trail_15_from_30,0.3,98,0,91,0.0714,-12.3233
INJUSDT,trail_20_from_30_cooldown,0.3,29,0,20,0.3103,-4.0179
INJUSDT,trail_15_from_30_tp95,0.3,37,0,26,0.2973,-5.1817
INJUSDT,trail_15_from_30_cooldown,0.3,29,0,20,0.3103,-3.6179
INJUSDT,trail_15_from_30_full,0.3,31,0,21,0.3226,-2.9167
INJUSDT,db_clone_cooldown,0.3,32,0,22,0.3125,1.6554
INJUSDT,correction_w20_trail15_30,0.3,37,0,26,0.2973,-5.1817
INJUSDT,db_full_clone,0.3,45,0,33,0.2667,0.6901
INJUSDT,sl_adjust_rr_trail,0.3,72,0,60,0.1667,-11.4692
INJUSDT,sl_adjust_rr_tp95,0.3,42,0,24,0.4286,1.3431
INJUSDT,max_profit_2pct,0.3,3,0,3,0.0,-1.4631
INJUSDT,max_profit_2pct_trail,0.3,0,0,0,0.0,0
INJUSDT,max_profit_3pct_trail,0.3,10,0,10,0.0,-1.7852
INJUSDT,r5_tight,0.3,31,0,21,0.3226,-2.9167
INJUSDT,r5_rr3,0.3,28,0,20,0.2857,-1.4114
INJUSDT,r5_sl_filter,0.3,26,0,21,0.1923,2.2472
INJUSDT,r5_sl_adjust,0.3,28,0,20,0.2857,-1.9186
INJUSDT,r5_tight_rr3,0.3,28,0,20,0.2857,-1.4114
INJUSDT,r5_tight_sl,0.3,26,0,21,0.1923,2.2472
INJUSDT,r5_all_filters,0.3,27,0,21,0.2222,3.6929
INJUSDT,r5_trail10,0.3,49,0,41,0.1633,-0.9949
INJUSDT,r5_arm25,0.3,44,0,33,0.25,-5.1028
INJUSDT,r5_arm20,0.3,49,0,36,0.2653,-15.4527
INJUSDT,r5_arm15_cooldown,0.3,59,0,36,0.3898,-9.2833
INJUSDT,r6_arm15_rr4,0.3,33,0,16,0.5152,10.7369
INJUSDT,r6_arm15_maxp3_trail20,0.3,6,0,1,0.8333,0.9717
INJUSDT,r6_arm15_full,0.3,5,0,4,0.2,-1.1138
INJUSDT,r7_arm20_maxp3_trail20,0.3,3,0,2,0.3333,-1.5648
INJUSDT,r7_trail15_maxp3,0.3,7,0,3,0.5714,-0.5665
INJUSDT,r7_trail20_maxp3,0.3,7,0,3,0.5714,-0.6557
INJUSDT,r7_full_clone_cooldown,0.3,5,0,4,0.2,-1.1138
INJUSDT,r5_sl_adj_cooldown,0.3,32,0,15,0.5312,4.4701
INJUSDT,r5_trail10_rr3,0.3,28,0,20,0.2857,-0.1976
INJUSDT,full_clone_max_tp,0.3,10,0,10,0.0,-1.7852
INJUSDT,full_clone_sl_adjust,0.3,74,0,66,0.1081,-4.7209
INJUSDT,lh_sell_trail15,0.3,37,0,26,0.2973,-5.1817
INJUSDT,lh_sell_prox15_trail15,0.3,37,0,26,0.2973,-5.1817
INJUSDT,hl_buy_trail15,0.3,51,0,41,0.1961,-8.7954
INJUSDT,hl_buy_prox15_trail15,0.3,37,0,25,0.3243,-7.7898
INJUSDT,pre_confirm_trail15,0.3,51,0,41,0.1961,-8.7954
INJUSDT,pre_confirm_prox15_trail15,0.3,37,0,25,0.3243,-7.7898
INJUSDT,r8_btc_minsl_strict,0.3,9,0,8,0.1111,-1.8037
INJUSDT,r8_sol_hlbuy_cooldown,0.3,69,0,60,0.1304,-7.5904
INJUSDT,trail_15_from_30_act2_min1,0.3,98,0,91,0.0714,-14.4334
INJUSDT,trail_15_from_30_act3_min1,0.3,81,0,76,0.0617,-15.9015
INJUSDT,trail_15_from_30_act5_min15,0.3,79,0,76,0.038,-19.6199
INJUSDT,trail_20_from_30_act2_min1,0.3,29,0,20,0.3103,-6.6674
INJUSDT,trail_20_from_30_act3_min1,0.3,24,0,19,0.2083,-13.7904
INJUSDT,trail_20_from_30_act5_min15,0.3,21,1,18,0.1429,-9.7124
INJUSDT,trail_15_from_15_act2_min1,0.3,39,0,28,0.2821,-14.8836
INJUSDT,trail_15_from_15_act3_min1,0.3,27,0,23,0.1481,-23.7258
INJUSDT,trail_15_from_15_act5_min15,0.3,27,1,23,0.1481,-10.7071
INJUSDT,trail_20_from_15_act2_min1,0.3,92,0,80,0.1304,-17.3054
INJUSDT,trail_20_from_15_act3_min1,0.3,63,0,56,0.1111,-19.4252
INJUSDT,trail_20_from_15_act5_min15,0.3,60,0,56,0.0667,-21.7108
INJUSDT,default,0.1,45,1,44,0.0222,1.8008
INJUSDT,loose_entry,0.1,45,1,44,0.0222,1.6667
INJUSDT,broad_zone,0.1,45,1,44,0.0222,1.8008
INJUSDT,low_rr,0.1,45,1,44,0.0222,1.6667
INJUSDT,aggressive,0.1,45,1,44,0.0222,1.6667
INJUSDT,partial_50,0.1,20,0,19,0.05,-13.8505
INJUSDT,partial_60,0.1,24,0,23,0.0417,-7.8053
INJUSDT,partial_70,0.1,24,0,23,0.0417,-5.9813
INJUSDT,partial_tight,0.1,24,0,23,0.0417,-6.45
INJUSDT,partial_high_rr,0.1,20,0,19,0.05,-8.8651
INJUSDT,partial_conservative,0.1,20,0,19,0.05,-11.9144
INJUSDT,trail_20_from_15,0.1,67,0,54,0.194,-2.5936
INJUSDT,trail_15_from_15,0.1,29,0,16,0.4483,7.6944
INJUSDT,trail_15_from_15_d1,0.1,36,0,22,0.3889,5.5568
INJUSDT,trail_25_from_15,0.1,51,0,38,0.2549,2.093
INJUSDT,db_layer_0,0.1,24,0,16,0.3333,6.5255
INJUSDT,db_layer_1,0.1,43,0,39,0.093,-0.5172
INJUSDT,db_layer_3,0.1,37,0,31,0.1622,5.6288
INJUSDT,rr_4x_trail_20,0.1,24,0,16,0.3333,6.5255
INJUSDT,rr_3x_trail_15,0.1,43,0,39,0.093,-0.5172
INJUSDT,sl_filter_trail,0.1,27,0,25,0.0741,-0.656
INJUSDT,trail_20_from_30_sl_filter,0.1,17,0,16,0.0588,-3.1217
INJUSDT,trail_20_from_30_full,0.1,18,0,16,0.1111,-2.0108
INJUSDT,trail_15_from_30,0.1,50,0,46,0.08,-5.8038
INJUSDT,trail_20_from_30_cooldown,0.1,19,0,15,0.2105,-6.355
INJUSDT,trail_15_from_30_tp95,0.1,25,0,19,0.24,-5.7906
INJUSDT,trail_15_from_30_cooldown,0.1,19,0,15,0.2105,-5.5281
INJUSDT,trail_15_from_30_full,0.1,20,0,15,0.25,-4.0549
INJUSDT,db_clone_cooldown,0.1,15,0,12,0.2,-0.2194
INJUSDT,correction_w20_trail15_30,0.1,25,0,19,0.24,-5.7906
INJUSDT,db_full_clone,0.1,20,0,16,0.2,-0.7499
INJUSDT,sl_adjust_rr_trail,0.1,26,0,22,0.1538,-1.8149
INJUSDT,sl_adjust_rr_tp95,0.1,24,0,16,0.3333,4.0189
INJUSDT,max_profit_2pct,0.1,0,0,0,0.0,0
INJUSDT,max_profit_2pct_trail,0.1,0,0,0,0.0,0
INJUSDT,max_profit_3pct_trail,0.1,1,0,1,0.0,-0.125
INJUSDT,r5_tight,0.1,20,0,15,0.25,-4.0549
INJUSDT,r5_rr3,0.1,18,0,15,0.1667,-1.1695
INJUSDT,r5_sl_filter,0.1,14,0,13,0.0714,-2.2035
INJUSDT,r5_sl_adjust,0.1,18,0,15,0.1667,-1.6766
INJUSDT,r5_tight_rr3,0.1,18,0,15,0.1667,-1.1695
INJUSDT,r5_tight_sl,0.1,14,0,13,0.0714,-2.2035
INJUSDT,r5_all_filters,0.1,14,0,13,0.0714,-2.2035
INJUSDT,r5_trail10,0.1,25,0,21,0.16,-1.4667
INJUSDT,r5_arm25,0.1,24,0,17,0.2917,1.8654
INJUSDT,r5_arm20,0.1,25,0,15,0.4,4.9103
INJUSDT,r5_arm15_cooldown,0.1,27,0,14,0.4815,9.4123
INJUSDT,r6_arm15_rr4,0.1,18,0,11,0.3889,8.6931
INJUSDT,r6_arm15_maxp3_trail20,0.1,1,0,1,0.0,-0.2599
INJUSDT,r6_arm15_full,0.1,1,0,1,0.0,-0.2059
INJUSDT,r7_arm20_maxp3_trail20,0.1,1,0,1,0.0,-0.2599
INJUSDT,r7_trail15_maxp3,0.1,1,0,1,0.0,-0.2599
INJUSDT,r7_trail20_maxp3,0.1,1,0,1,0.0,-0.2599
INJUSDT,r7_full_clone_cooldown,0.1,1,0,1,0.0,-0.2059
INJUSDT,r5_sl_adj_cooldown,0.1,17,0,10,0.4118,6.1261
INJUSDT,r5_trail10_rr3,0.1,18,0,15,0.1667,-0.4369
INJUSDT,full_clone_max_tp,0.1,1,0,1,0.0,-0.125
INJUSDT,full_clone_sl_adjust,0.1,28,0,27,0.0357,-4.0121
INJUSDT,lh_sell_trail15,0.1,25,0,19,0.24,-5.7906
INJUSDT,lh_sell_prox15_trail15,0.1,25,0,19,0.24,-5.7906
INJUSDT,hl_buy_trail15,0.1,30,0,24,0.2,-5.022
INJUSDT,hl_buy_prox15_trail15,0.1,26,0,19,0.2692,-11.0258
INJUSDT,pre_confirm_trail15,0.1,30,0,24,0.2,-5.022
INJUSDT,pre_confirm_prox15_trail15,0.1,26,0,19,0.2692,-11.0258
INJUSDT,r8_btc_minsl_strict,0.1,0,0,0,0.0,0
INJUSDT,r8_sol_hlbuy_cooldown,0.1,40,0,35,0.125,-6.7411
INJUSDT,trail_15_from_30_act2_min1,0.1,50,0,46,0.08,-7.5622
INJUSDT,trail_15_from_30_act3_min1,0.1,48,0,46,0.0417,-12.497
INJUSDT,trail_15_from_30_act5_min15,0.1,47,0,46,0.0213,-14.9138
INJUSDT,trail_20_from_30_act2_min1,0.1,19,0,15,0.2105,-7.4003
INJUSDT,trail_20_from_30_act3_min1,0.1,18,0,16,0.1111,-13.6816
INJUSDT,trail_20_from_30_act5_min15,0.1,18,0,16,0.1111,-13.07
INJUSDT,trail_15_from_15_act2_min1,0.1,21,0,14,0.3333,2.1368
INJUSDT,trail_15_from_15_act3_min1,0.1,19,0,15,0.2105,-3.8185
INJUSDT,trail_15_from_15_act5_min15,0.1,18,0,15,0.1667,-6.5597
INJUSDT,trail_20_from_15_act2_min1,0.1,45,0,40,0.1111,-5.5741
INJUSDT,trail_20_from_15_act3_min1,0.1,41,0,38,0.0732,-12.3676
INJUSDT,trail_20_from_15_act5_min15,0.1,40,0,38,0.05,-14.6402
JUPUSDT,default,1.0,127,3,124,0.0236,-20.9682
JUPUSDT,loose_entry,1.0,127,3,124,0.0236,-20.9811
JUPUSDT,broad_zone,1.0,127,3,124,0.0236,-20.9682
JUPUSDT,low_rr,1.0,127,3,124,0.0236,-20.9811
JUPUSDT,aggressive,1.0,127,3,124,0.0236,-20.9811
JUPUSDT,partial_50,1.0,40,0,30,0.25,-2.9916
JUPUSDT,partial_60,1.0,60,3,51,0.15,9.1138
JUPUSDT,partial_70,1.0,55,1,50,0.0909,-12.1168
JUPUSDT,partial_tight,1.0,59,2,51,0.1356,3.4926
JUPUSDT,partial_high_rr,1.0,34,0,29,0.1471,-12.3726
JUPUSDT,partial_conservative,1.0,40,0,31,0.225,-6.1253
JUPUSDT,trail_20_from_15,1.0,232,0,186,0.1983,-9.9432
JUPUSDT,trail_15_from_15,1.0,96,0,60,0.375,4.4406
JUPUSDT,trail_15_from_15_d1,1.0,107,1,66,0.3832,1.9463
JUPUSDT,trail_25_from_15,1.0,168,1,123,0.2679,-14.5518
JUPUSDT,db_layer_0,1.0,53,0,36,0.3208,-10.4647
JUPUSDT,db_layer_1,1.0,189,0,161,0.1481,-13.5735
JUPUSDT,db_layer_3,1.0,131,0,109,0.1679,-13.8096
JUPUSDT,rr_4x_trail_20,1.0,49,0,33,0.3265,-10.1296
JUPUSDT,rr_3x_trail_15,1.0,183,0,156,0.1475,-13.3221
JUPUSDT,sl_filter_trail,1.0,120,1,97,0.1917,-4.4126
JUPUSDT,trail_20_from_30_sl_filter,1.0,46,1,36,0.2174,-4.6305
JUPUSDT,trail_20_from_30_full,1.0,45,1,35,0.2222,-4.3688
JUPUSDT,trail_15_from_30,1.0,160,0,144,0.1,-12.2495
JUPUSDT,trail_20_from_30_cooldown,1.0,43,0,28,0.3488,-8.5495
JUPUSDT,trail_15_from_30_tp95,1.0,49,1,31,0.3673,-6.4574
JUPUSDT,trail_15_from_30_cooldown,1.0,43,0,28,0.3488,-6.7339
JUPUSDT,trail_15_from_30_full,1.0,44,0,28,0.3636,-9.8793
JUPUSDT,db_clone_cooldown,1.0,50,0,33,0.34,-0.9424
JUPUSDT,correction_w20_trail15_30,1.0,49,1,31,0.3673,-6.4574
JUPUSDT,db_full_clone,1.0,72,0,52,0.2778,-1.8183
JUPUSDT,sl_adjust_rr_trail,1.0,102,0,81,0.2059,-6.561
JUPUSDT,sl_adjust_rr_tp95,1.0,65,1,35,0.4615,-5.5958
JUPUSDT,max_profit_2pct,1.0,5,1,4,0.2,0.623
JUPUSDT,max_profit_2pct_trail,1.0,3,0,3,0.0,-0.4827
JUPUSDT,max_profit_3pct_trail,1.0,5,0,3,0.4,0.4253
JUPUSDT,r5_tight,1.0,44,0,28,0.3636,-9.8793
JUPUSDT,r5_rr3,1.0,40,1,30,0.25,-13.8747
JUPUSDT,r5_sl_filter,1.0,40,1,31,0.225,-5.5819
JUPUSDT,r5_sl_adjust,1.0,40,1,30,0.25,-14.7513
JUPUSDT,r5_tight_rr3,1.0,39,1,29,0.2564,-12.6556
JUPUSDT,r5_tight_sl,1.0,39,1,30,0.2308,-4.9873
JUPUSDT,r5_all_filters,1.0,37,1,29,0.2162,-4.6081
JUPUSDT,r5_trail10,1.0,83,0,68,0.1807,-8.7789
JUPUSDT,r5_arm25,1.0,64,0,46,0.2812,-10.7719
JUPUSDT,r5_arm20,1.0,74,1,48,0.3514,-1.3524
JUPUSDT,r5_arm15_cooldown,1.0,87,1,50,0.4253,3.4631
JUPUSDT,r6_arm15_rr4,1.0,36,0,23,0.3611,-10.8863
JUPUSDT,r6_arm15_maxp3_trail20,1.0,7,0,4,0.4286,-1.5199
JUPUSDT,r6_arm15_full,1.0,4,0,2,0.5,0.4298
JUPUSDT,r7_arm20_maxp3_trail20,1.0,6,0,4,0.3333,-1.7074
JUPUSDT,r7_trail15_maxp3,1.0,10,1,6,0.4,-0.8771
JUPUSDT,r7_trail20_maxp3,1.0,10,1,6,0.4,-0.9654
JUPUSDT,r7_full_clone_cooldown,1.0,4,0,2,0.5,0.4298
JUPUSDT,r5_sl_adj_cooldown,1.0,52,1,26,0.5,-7.3927
JUPUSDT,r5_trail10_rr3,1.0,40,1,30,0.25,-12.8357
JUPUSDT,full_clone_max_tp,1.0,5,0,3,0.4,0.4253
JUPUSDT,full_clone_sl_adjust,1.0,145,0,128,0.1172,-8.1478
JUPUSDT,lh_sell_trail15,1.0,49,1,31,0.3673,-6.4574
JUPUSDT,lh_sell_prox15_trail15,1.0,49,1,31,0.3673,-6.4574
JUPUSDT,hl_buy_trail15,1.0,74,1,53,0.2838,-2.135
JUPUSDT,hl_buy_prox15_trail15,1.0,49,1,30,0.3878,-3.6849
JUPUSDT,pre_confirm_trail15,1.0,74,1,53,0.2838,-2.135
JUPUSDT,pre_confirm_prox15_trail15,1.0,49,1,30,0.3878,-3.6849
JUPUSDT,r8_btc_minsl_strict,1.0,7,0,5,0.2857,-0.5148
JUPUSDT,r8_sol_hlbuy_cooldown,1.0,89,1,72,0.191,-5.7673
JUPUSDT,trail_15_from_30_act2_min1,1.0,151,0,138,0.0861,-18.3916
JUPUSDT,trail_15_from_30_act3_min1,1.0,147,0,136,0.0748,-18.1679
JUPUSDT,trail_15_from_30_act5_min15,1.0,127,2,123,0.0315,-29.067
JUPUSDT,trail_20_from_30_act2_min1,1.0,38,1,26,0.3158,-10.8012
JUPUSDT,trail_20_from_30_act3_min1,1.0,33,0,25,0.2424,-13.4354
JUPUSDT,trail_20_from_30_act5_min15,1.0,27,2,23,0.1481,-18.302
JUPUSDT,trail_15_from_15_act2_min1,1.0,64,1,45,0.2969,-1.1514
JUPUSDT,trail_15_from_15_act3_min1,1.0,57,0,45,0.2105,-5.7795
JUPUSDT,trail_15_from_15_act5_min15,1.0,45,2,41,0.0889,-18.979
JUPUSDT,trail_20_from_15_act2_min1,1.0,160,0,142,0.1125,-18.9314
JUPUSDT,trail_20_from_15_act3_min1,1.0,147,0,136,0.0748,-26.1492
JUPUSDT,trail_20_from_15_act5_min15,1.0,120,2,116,0.0333,-32.4783
JUPUSDT,default,0.8,128,3,125,0.0234,-20.4925
JUPUSDT,loose_entry,0.8,128,3,125,0.0234,-20.5053
JUPUSDT,broad_zone,0.8,128,3,125,0.0234,-20.4925
JUPUSDT,low_rr,0.8,128,3,125,0.0234,-20.5053
JUPUSDT,aggressive,0.8,128,3,125,0.0234,-20.5053
JUPUSDT,partial_50,0.8,39,0,30,0.2308,-7.3566
JUPUSDT,partial_60,0.8,60,3,52,0.1333,3.7376
JUPUSDT,partial_70,0.8,56,2,50,0.1071,1.1174
JUPUSDT,partial_tight,0.8,58,2,50,0.1379,3.9249
JUPUSDT,partial_high_rr,0.8,33,0,28,0.1515,-11.7893
JUPUSDT,partial_conservative,0.8,39,0,30,0.2308,-5.542
JUPUSDT,trail_20_from_15,0.8,217,0,175,0.1935,-7.4301
JUPUSDT,trail_15_from_15,0.8,90,0,56,0.3778,6.8799
JUPUSDT,trail_15_from_15_d1,0.8,101,1,62,0.3861,4.1651
JUPUSDT,trail_25_from_15,0.8,161,1,119,0.2609,-9.6493
JUPUSDT,db_layer_0,0.8,51,0,36,0.2941,-11.1907
JUPUSDT,db_layer_1,0.8,187,0,161,0.139,-14.312
JUPUSDT,db_layer_3,0.8,129,0,109,0.155,-14.5357
JUPUSDT,rr_4x_trail_20,0.8,47,0,33,0.2979,-10.8556
JUPUSDT,rr_3x_trail_15,0.8,181,0,156,0.1381,-14.0607
JUPUSDT,sl_filter_trail,0.8,117,1,96,0.1795,-4.6778
JUPUSDT,trail_20_from_30_sl_filter,0.8,45,1,35,0.2222,-4.0472
JUPUSDT,trail_20_from_30_full,0.8,44,1,35,0.2045,-4.8928
JUPUSDT,trail_15_from_30,0.8,158,0,143,0.0949,-13.8858
JUPUSDT,trail_20_from_30_cooldown,0.8,43,0,28,0.3488,-9.8191
JUPUSDT,trail_15_from_30_tp95,0.8,48,1,31,0.3542,-5.2621
JUPUSDT,trail_15_from_30_cooldown,0.8,43,0,28,0.3488,-8.1371
JUPUSDT,trail_15_from_30_full,0.8,42,0,28,0.3333,-11.6858
JUPUSDT,db_clone_cooldown,0.8,48,0,33,0.3125,-1.6685
JUPUSDT,correction_w20_trail15_30,0.8,48,1,31,0.3542,-5.2621
JUPUSDT,db_full_clone,0.8,70,0,52,0.2571,-2.5443
JUPUSDT,sl_adjust_rr_trail,0.8,100,0,80,0.2,-5.0995
JUPUSDT,sl_adjust_rr_tp95,0.8,63,1,35,0.4444,-6.2815
JUPUSDT,max_profit_2pct,0.8,5,1,4,0.2,0.623
JUPUSDT,max_profit_2pct_trail,0.8,3,0,3,0.0,-0.4827
JUPUSDT,max_profit_3pct_trail,0.8,3,0,3,0.0,-0.3007
JUPUSDT,r5_tight,0.8,41,0,27,0.3415,-10.4666
JUPUSDT,r5_rr3,0.8,39,1,30,0.2308,-14.3942
JUPUSDT,r5_sl_filter,0.8,38,1,30,0.2105,-5.2607
JUPUSDT,r5_sl_adjust,0.8,39,1,30,0.2308,-15.2707
JUPUSDT,r5_tight_rr3,0.8,38,1,29,0.2368,-13.175
JUPUSDT,r5_tight_sl,0.8,37,1,29,0.2162,-4.6661
JUPUSDT,r5_all_filters,0.8,36,1,29,0.1944,-5.1698
JUPUSDT,r5_trail10,0.8,81,0,67,0.1728,-5.6748
JUPUSDT,r5_arm25,0.8,65,1,46,0.2923,-5.4183
JUPUSDT,r5_arm20,0.8,70,1,45,0.3571,1.1145
JUPUSDT,r5_arm15_cooldown,0.8,82,1,47,0.4268,5.886
JUPUSDT,r6_arm15_rr4,0.8,34,0,23,0.3235,-11.6677
JUPUSDT,r6_arm15_maxp3_trail20,0.8,5,0,3,0.4,-0.9716
JUPUSDT,r6_arm15_full,0.8,2,0,2,0.0,-0.2962
JUPUSDT,r7_arm20_maxp3_trail20,0.8,4,0,3,0.25,-1.1591
JUPUSDT,r7_trail15_maxp3,0.8,8,1,5,0.375,-0.1497
JUPUSDT,r7_trail20_maxp3,0.8,8,1,5,0.375,-0.2028
JUPUSDT,r7_full_clone_cooldown,0.8,2,0,2,0.0,-0.2962
JUPUSDT,r5_sl_adj_cooldown,0.8,50,1,26,0.48,-8.0784
JUPUSDT,r5_trail10_rr3,0.8,39,1,30,0.2308,-13.3904
JUPUSDT,full_clone_max_tp,0.8,3,0,3,0.0,-0.3007
JUPUSDT,full_clone_sl_adjust,0.8,143,0,128,0.1049,-8.8738
JUPUSDT,lh_sell_trail15,0.8,48,1,31,0.3542,-5.2621
JUPUSDT,lh_sell_prox15_trail15,0.8,48,1,31,0.3542,-5.2621
JUPUSDT,hl_buy_trail15,0.8,74,1,54,0.2703,-1.7302
JUPUSDT,hl_buy_prox15_trail15,0.8,48,1,30,0.375,-2.4896
JUPUSDT,pre_confirm_trail15,0.8,74,1,54,0.2703,-1.7302
JUPUSDT,pre_confirm_prox15_trail15,0.8,48,1,30,0.375,-2.4896
JUPUSDT,r8_btc_minsl_strict,0.8,4,0,4,0.0,-0.9782
JUPUSDT,r8_sol_hlbuy_cooldown,0.8,85,1,70,0.1765,-8.5078
JUPUSDT,trail_15_from_30_act2_min1,0.8,150,0,138,0.08,-19.9786
JUPUSDT,trail_15_from_30_act3_min1,0.8,146,0,136,0.0685,-20.4123
JUPUSDT,trail_15_from_30_act5_min15,0.8,131,2,126,0.0382,-21.4388
JUPUSDT,trail_20_from_30_act2_min1,0.8,39,1,27,0.3077,-13.0367
JUPUSDT,trail_20_from_30_act3_min1,0.8,33,0,26,0.2121,-17.0342
JUPUSDT,trail_20_from_30_act5_min15,0.8,29,2,24,0.1724,-14.0164
JUPUSDT,trail_15_from_15_act2_min1,0.8,62,1,44,0.2903,-3.1328
JUPUSDT,trail_15_from_15_act3_min1,0.8,55,0,44,0.2,-7.2268
JUPUSDT,trail_15_from_15_act5_min15,0.8,47,2,42,0.1064,-12.2144
JUPUSDT,trail_20_from_15_act2_min1,0.8,154,0,137,0.1104,-18.8749
JUPUSDT,trail_20_from_15_act3_min1,0.8,141,0,131,0.0709,-26.1072
JUPUSDT,trail_20_from_15_act5_min15,0.8,124,2,119,0.0403,-24.9803
JUPUSDT,default,0.65,126,3,123,0.0238,-19.2195
JUPUSDT,loose_entry,0.65,127,3,124,0.0236,-19.3379
JUPUSDT,broad_zone,0.65,127,3,124,0.0236,-19.3251
JUPUSDT,low_rr,0.65,126,3,123,0.0238,-19.2323
JUPUSDT,aggressive,0.65,127,3,124,0.0236,-19.3379
JUPUSDT,partial_50,0.65,39,0,30,0.2308,-3.7496
JUPUSDT,partial_60,0.65,59,3,51,0.1356,5.3108
JUPUSDT,partial_70,0.65,55,2,49,0.1091,2.2742
JUPUSDT,partial_tight,0.65,57,2,49,0.1404,5.4982
JUPUSDT,partial_high_rr,0.65,33,0,28,0.1515,-10.3159
JUPUSDT,partial_conservative,0.65,39,0,30,0.2308,-2.2478
JUPUSDT,trail_20_from_15,0.65,197,0,162,0.1777,-11.7704
JUPUSDT,trail_15_from_15,0.65,83,0,54,0.3494,0.9819
JUPUSDT,trail_15_from_15_d1,0.65,91,1,59,0.3516,-1.3045
JUPUSDT,trail_25_from_15,0.65,145,1,112,0.2276,-13.3957
JUPUSDT,db_layer_0,0.65,50,0,35,0.3,-9.1701
JUPUSDT,db_layer_1,0.65,180,0,157,0.1278,-16.1856
JUPUSDT,db_layer_3,0.65,125,0,106,0.152,-13.071
JUPUSDT,rr_4x_trail_20,0.65,46,0,32,0.3043,-8.835
JUPUSDT,rr_3x_trail_15,0.65,174,0,152,0.1264,-15.9342
JUPUSDT,sl_filter_trail,0.65,115,1,94,0.1826,-3.7464
JUPUSDT,trail_20_from_30_sl_filter,0.65,44,1,34,0.2273,-2.6386
JUPUSDT,trail_20_from_30_full,0.65,43,1,34,0.2093,-3.8079
JUPUSDT,trail_15_from_30,0.65,150,0,136,0.0933,-13.5033
JUPUSDT,trail_20_from_30_cooldown,0.65,44,1,28,0.3636,-7.4625
JUPUSDT,trail_15_from_30_tp95,0.65,50,1,34,0.32,-6.3258
JUPUSDT,trail_15_from_30_cooldown,0.65,44,1,28,0.3636,-6.4293
JUPUSDT,trail_15_from_30_full,0.65,43,1,28,0.3488,-7.28
JUPUSDT,db_clone_cooldown,0.65,45,0,31,0.3111,-1.2499
JUPUSDT,correction_w20_trail15_30,0.65,50,1,34,0.32,-6.3258
JUPUSDT,db_full_clone,0.65,67,0,50,0.2537,-1.637
JUPUSDT,sl_adjust_rr_trail,0.65,94,0,77,0.1809,-8.9169
JUPUSDT,sl_adjust_rr_tp95,0.65,58,1,34,0.4138,-7.1436
JUPUSDT,max_profit_2pct,0.65,5,1,4,0.2,0.623
JUPUSDT,max_profit_2pct_trail,0.65,3,0,3,0.0,-0.4827
JUPUSDT,max_profit_3pct_trail,0.65,3,0,3,0.0,-0.3007
JUPUSDT,r5_tight,0.65,42,1,27,0.3571,-6.0609
JUPUSDT,r5_rr3,0.65,37,1,28,0.2432,-11.2365
JUPUSDT,r5_sl_filter,0.65,36,1,28,0.2222,-3.3679
JUPUSDT,r5_sl_adjust,0.65,37,1,28,0.2432,-12.113
JUPUSDT,r5_tight_rr3,0.65,36,1,27,0.25,-10.0173
JUPUSDT,r5_tight_sl,0.65,35,1,27,0.2286,-2.7733
JUPUSDT,r5_all_filters,0.65,34,1,27,0.2059,-3.6006
JUPUSDT,r5_trail10,0.65,79,1,67,0.1519,-11.0495
JUPUSDT,r5_arm25,0.65,61,1,45,0.2623,-7.9386
JUPUSDT,r5_arm20,0.65,63,1,42,0.3333,-3.6935
JUPUSDT,r5_arm15_cooldown,0.65,73,1,44,0.3973,0.0236
JUPUSDT,r6_arm15_rr4,0.65,33,0,23,0.303,-10.2066
JUPUSDT,r6_arm15_maxp3_trail20,0.65,4,0,2,0.5,0.2757
JUPUSDT,r6_arm15_full,0.65,2,0,2,0.0,-0.2962
JUPUSDT,r7_arm20_maxp3_trail20,0.65,3,0,2,0.3333,-0.0469
JUPUSDT,r7_trail15_maxp3,0.65,6,1,4,0.3333,0.6221
JUPUSDT,r7_trail20_maxp3,0.65,6,1,4,0.3333,0.5969
JUPUSDT,r7_full_clone_cooldown,0.65,2,0,2,0.0,-0.2962
JUPUSDT,r5_sl_adj_cooldown,0.65,46,1,26,0.4348,-9.2172
JUPUSDT,r5_trail10_rr3,0.65,37,1,28,0.2432,-10.2069
JUPUSDT,full_clone_max_tp,0.65,3,0,3,0.0,-0.3007
JUPUSDT,full_clone_sl_adjust,0.65,139,0,125,0.1007,-8.4188
JUPUSDT,lh_sell_trail15,0.65,50,1,34,0.32,-6.3258
JUPUSDT,lh_sell_prox15_trail15,0.65,51,1,35,0.3137,-6.5083
JUPUSDT,hl_buy_trail15,0.65,74,1,56,0.2432,-4.0959
JUPUSDT,hl_buy_prox15_trail15,0.65,51,1,34,0.3333,-3.7358
JUPUSDT,pre_confirm_trail15,0.65,74,1,56,0.2432,-4.0959
JUPUSDT,pre_confirm_prox15_trail15,0.65,51,1,34,0.3333,-3.7358
JUPUSDT,r8_btc_minsl_strict,0.65,2,0,2,0.0,-0.329
JUPUSDT,r8_sol_hlbuy_cooldown,0.65,80,1,68,0.15,-11.5463
JUPUSDT,trail_15_from_30_act2_min1,0.65,144,0,133,0.0764,-19.8662
JUPUSDT,trail_15_from_30_act3_min1,0.65,138,0,129,0.0652,-19.0791
JUPUSDT,trail_15_from_30_act5_min15,0.65,126,2,121,0.0397,-18.2429
JUPUSDT,trail_20_from_30_act2_min1,0.65,40,1,28,0.3,-12.1132
JUPUSDT,trail_20_from_30_act3_min1,0.65,35,1,26,0.2571,-11.7152
JUPUSDT,trail_20_from_30_act5_min15,0.65,29,2,24,0.1724,-10.9125
JUPUSDT,trail_15_from_15_act2_min1,0.65,61,0,48,0.2131,-12.3933
JUPUSDT,trail_15_from_15_act3_min1,0.65,55,1,44,0.2,-6.4565
JUPUSDT,trail_15_from_15_act5_min15,0.65,45,2,40,0.1111,-9.2796
JUPUSDT,trail_20_from_15_act2_min1,0.65,148,0,134,0.0946,-21.7832
JUPUSDT,trail_20_from_15_act3_min1,0.65,136,0,126,0.0735,-21.5668
JUPUSDT,trail_20_from_15_act5_min15,0.65,117,2,112,0.0427,-21.688
JUPUSDT,default,0.5,120,3,117,0.025,-16.0586
JUPUSDT,loose_entry,0.5,126,3,123,0.0238,-17.545
JUPUSDT,broad_zone,0.5,126,3,123,0.0238,-17.5322
JUPUSDT,low_rr,0.5,120,3,117,0.025,-16.0714
JUPUSDT,aggressive,0.5,126,3,123,0.0238,-17.545
JUPUSDT,partial_50,0.5,39,1,28,0.2821,6.278
JUPUSDT,partial_60,0.5,56,2,48,0.1429,7.6876
JUPUSDT,partial_70,0.5,55,2,49,0.1091,4.8385
JUPUSDT,partial_tight,0.5,54,2,46,0.1481,9.0053
JUPUSDT,partial_high_rr,0.5,32,0,27,0.1562,-5.8948
JUPUSDT,partial_conservative,0.5,39,1,28,0.2821,6.278
JUPUSDT,trail_20_from_15,0.5,165,0,144,0.1273,-16.6034
JUPUSDT,trail_15_from_15,0.5,65,0,45,0.3077,-0.4662
JUPUSDT,trail_15_from_15_d1,0.5,71,1,50,0.2958,-4.5554
JUPUSDT,trail_25_from_15,0.5,122,1,101,0.1721,-17.6172
JUPUSDT,db_layer_0,0.5,42,0,31,0.2619,-8.1196
JUPUSDT,db_layer_1,0.5,160,0,143,0.1062,-18.083
JUPUSDT,db_layer_3,0.5,108,0,95,0.1204,-14.0794
JUPUSDT,rr_4x_trail_20,0.5,38,0,28,0.2632,-7.7845
JUPUSDT,rr_3x_trail_15,0.5,154,0,138,0.1039,-17.8316
JUPUSDT,sl_filter_trail,0.5,103,1,88,0.1456,-7.6489
JUPUSDT,trail_20_from_30_sl_filter,0.5,40,1,30,0.25,0.6589
JUPUSDT,trail_20_from_30_full,0.5,39,1,30,0.2308,-0.3039
JUPUSDT,trail_15_from_30,0.5,133,0,122,0.0827,-12.5026
JUPUSDT,trail_20_from_30_cooldown,0.5,37,1,25,0.3243,-4.3891
JUPUSDT,trail_15_from_30_tp95,0.5,43,1,30,0.3023,-4.7108
JUPUSDT,trail_15_from_30_cooldown,0.5,37,1,25,0.3243,-2.9608
JUPUSDT,trail_15_from_30_full,0.5,36,1,25,0.3056,-7.0337
JUPUSDT,db_clone_cooldown,0.5,38,0,28,0.2632,-2.0555
JUPUSDT,correction_w20_trail15_30,0.5,43,1,30,0.3023,-4.7108
JUPUSDT,db_full_clone,0.5,57,0,44,0.2281,-2.0307
JUPUSDT,sl_adjust_rr_trail,0.5,72,0,65,0.0972,-14.8846
JUPUSDT,sl_adjust_rr_tp95,0.5,47,1,30,0.3617,-8.9693
JUPUSDT,max_profit_2pct,0.5,5,1,4,0.2,0.623
JUPUSDT,max_profit_2pct_trail,0.5,3,0,3,0.0,-0.4827
JUPUSDT,max_profit_3pct_trail,0.5,3,0,3,0.0,-0.3007
JUPUSDT,r5_tight,0.5,35,1,24,0.3143,-5.8146
JUPUSDT,r5_rr3,0.5,33,1,25,0.2424,-8.6347
JUPUSDT,r5_sl_filter,0.5,33,1,25,0.2424,-0.3482
JUPUSDT,r5_sl_adjust,0.5,33,1,25,0.2424,-9.0776
JUPUSDT,r5_tight_rr3,0.5,32,1,24,0.25,-7.4155
JUPUSDT,r5_tight_sl,0.5,32,1,24,0.25,0.2464
JUPUSDT,r5_all_filters,0.5,31,1,24,0.2258,-0.5809
JUPUSDT,r5_trail10,0.5,70,1,61,0.1286,-11.2812
JUPUSDT,r5_arm25,0.5,49,1,38,0.2245,-10.2071
JUPUSDT,r5_arm20,0.5,49,1,33,0.3265,-0.1808
JUPUSDT,r5_arm15_cooldown,0.5,54,1,35,0.3519,-2.2762
JUPUSDT,r6_arm15_rr4,0.5,27,0,20,0.2593,-8.2446
JUPUSDT,r6_arm15_maxp3_trail20,0.5,2,0,2,0.0,-0.548
JUPUSDT,r6_arm15_full,0.5,2,0,2,0.0,-0.2962
JUPUSDT,r7_arm20_maxp3_trail20,0.5,2,0,2,0.0,-0.548
JUPUSDT,r7_trail15_maxp3,0.5,5,1,4,0.2,0.2746
JUPUSDT,r7_trail20_maxp3,0.5,5,1,4,0.2,0.2746
JUPUSDT,r7_full_clone_cooldown,0.5,2,0,2,0.0,-0.2962
JUPUSDT,r5_sl_adj_cooldown,0.5,36,1,22,0.3889,-9.4249
JUPUSDT,r5_trail10_rr3,0.5,33,1,25,0.2424,-7.7455
JUPUSDT,full_clone_max_tp,0.5,3,0,3,0.0,-0.3007
JUPUSDT,full_clone_sl_adjust,0.5,127,0,117,0.0787,-10.6956
JUPUSDT,lh_sell_trail15,0.5,43,1,30,0.3023,-4.7108
JUPUSDT,lh_sell_prox15_trail15,0.5,44,1,31,0.2955,-4.8933
JUPUSDT,hl_buy_trail15,0.5,65,1,50,0.2308,-2.8599
JUPUSDT,hl_buy_prox15_trail15,0.5,44,1,30,0.3182,-2.4217
JUPUSDT,pre_confirm_trail15,0.5,65,1,50,0.2308,-2.8599
JUPUSDT,pre_confirm_prox15_trail15,0.5,44,1,30,0.3182,-2.4217
JUPUSDT,r8_btc_minsl_strict,0.5,2,0,2,0.0,-0.329
JUPUSDT,r8_sol_hlbuy_cooldown,0.5,67,1,56,0.1642,-5.4966
JUPUSDT,trail_15_from_30_act2_min1,0.5,131,0,122,0.0687,-15.2565
JUPUSDT,trail_15_from_30_act3_min1,0.5,129,0,122,0.0543,-18.7431
JUPUSDT,trail_15_from_30_act5_min15,0.5,120,2,115,0.0417,-14.9092
JUPUSDT,trail_20_from_30_act2_min1,0.5,36,1,25,0.3056,-4.6324
JUPUSDT,trail_20_from_30_act3_min1,0.5,32,1,24,0.25,-8.7527
JUPUSDT,trail_20_from_30_act5_min15,0.5,28,2,23,0.1786,-6.5106
JUPUSDT,trail_15_from_15_act2_min1,0.5,54,0,41,0.2407,-3.9814
JUPUSDT,trail_15_from_15_act3_min1,0.5,50,0,41,0.18,-4.7221
JUPUSDT,trail_15_from_15_act5_min15,0.5,43,2,38,0.1163,-5.7492
JUPUSDT,trail_20_from_15_act2_min1,0.5,138,0,126,0.087,-17.2457
JUPUSDT,trail_20_from_15_act3_min1,0.5,130,0,122,0.0615,-21.0718
JUPUSDT,trail_20_from_15_act5_min15,0.5,114,2,109,0.0439,-18.1954
JUPUSDT,default,0.3,74,4,70,0.0541,5.9309
JUPUSDT,loose_entry,0.3,80,4,76,0.05,4.4444
JUPUSDT,broad_zone,0.3,80,4,76,0.05,4.4573
JUPUSDT,low_rr,0.3,74,4,70,0.0541,5.918
JUPUSDT,aggressive,0.3,80,4,76,0.05,4.4444
JUPUSDT,partial_50,0.3,28,1,21,0.25,-1.9109
JUPUSDT,partial_60,0.3,37,2,31,0.1622,6.5912
JUPUSDT,partial_70,0.3,37,2,32,0.1351,4.3898
JUPUSDT,partial_tight,0.3,35,2,29,0.1714,7.9089
JUPUSDT,partial_high_rr,0.3,24,0,21,0.125,-10.6073
JUPUSDT,partial_conservative,0.3,28,1,21,0.25,-1.9109
JUPUSDT,trail_20_from_15,0.3,105,0,92,0.1238,-11.1628
JUPUSDT,trail_15_from_15,0.3,44,0,34,0.2273,-3.3712
JUPUSDT,trail_15_from_15_d1,0.3,48,1,36,0.25,-5.0991
JUPUSDT,trail_25_from_15,0.3,80,1,67,0.1625,-11.9974
JUPUSDT,db_layer_0,0.3,31,0,24,0.2258,-7.9998
JUPUSDT,db_layer_1,0.3,103,0,92,0.1068,-11.8806
JUPUSDT,db_layer_3,0.3,75,0,65,0.1333,-8.8289
JUPUSDT,rr_4x_trail_20,0.3,28,0,22,0.2143,-7.7947
JUPUSDT,rr_3x_trail_15,0.3,97,0,87,0.1031,-11.6293
JUPUSDT,sl_filter_trail,0.3,64,1,55,0.1406,-1.494
JUPUSDT,trail_20_from_30_sl_filter,0.3,28,1,23,0.1786,-2.4774
JUPUSDT,trail_20_from_30_full,0.3,28,1,23,0.1786,-2.5401
JUPUSDT,trail_15_from_30,0.3,82,0,76,0.0732,-10.6648
JUPUSDT,trail_20_from_30_cooldown,0.3,27,1,20,0.2593,-9.7709
JUPUSDT,trail_15_from_30_tp95,0.3,30,1,23,0.2333,-9.6974
JUPUSDT,trail_15_from_30_cooldown,0.3,27,1,20,0.2593,-9.071
JUPUSDT,trail_15_from_30_full,0.3,26,1,20,0.2308,-10.2063
JUPUSDT,db_clone_cooldown,0.3,30,0,23,0.2333,-2.1121
JUPUSDT,correction_w20_trail15_30,0.3,30,1,23,0.2333,-9.6974
JUPUSDT,db_full_clone,0.3,43,0,33,0.2326,-0.4869
JUPUSDT,sl_adjust_rr_trail,0.3,49,0,46,0.0612,-12.3112
JUPUSDT,sl_adjust_rr_tp95,0.3,33,1,23,0.303,-10.0205
JUPUSDT,max_profit_2pct,0.3,4,1,3,0.25,0.7231
JUPUSDT,max_profit_2pct_trail,0.3,2,0,2,0.0,-0.3527
JUPUSDT,max_profit_3pct_trail,0.3,2,0,2,0.0,-0.2082
JUPUSDT,r5_tight,0.3,25,1,19,0.24,-8.9871
JUPUSDT,r5_rr3,0.3,24,1,20,0.1667,-11.6883
JUPUSDT,r5_sl_filter,0.3,24,1,20,0.1667,-2.0826
JUPUSDT,r5_sl_adjust,0.3,24,1,20,0.1667,-12.0824
JUPUSDT,r5_tight_rr3,0.3,23,1,19,0.1739,-10.4692
JUPUSDT,r5_tight_sl,0.3,23,1,19,0.1739,-1.488
JUPUSDT,r5_all_filters,0.3,23,1,19,0.1739,-1.488
JUPUSDT,r5_trail10,0.3,46,1,42,0.087,-13.2398
JUPUSDT,r5_arm25,0.3,32,0,26,0.1875,-8.3658
JUPUSDT,r5_arm20,0.3,33,0,26,0.2121,-8.574
JUPUSDT,r5_arm15_cooldown,0.3,35,0,27,0.2286,-8.1993
JUPUSDT,r6_arm15_rr4,0.3,19,0,15,0.2105,-7.8592
JUPUSDT,r6_arm15_maxp3_trail20,0.3,1,0,1,0.0,-0.418
JUPUSDT,r6_arm15_full,0.3,2,0,2,0.0,-0.2949
JUPUSDT,r7_arm20_maxp3_trail20,0.3,1,0,1,0.0,-0.418
JUPUSDT,r7_trail15_maxp3,0.3,4,1,3,0.25,0.4046
JUPUSDT,r7_trail20_maxp3,0.3,4,1,3,0.25,0.4046
JUPUSDT,r7_full_clone_cooldown,0.3,2,0,2,0.0,-0.2949
JUPUSDT,r5_sl_adj_cooldown,0.3,24,0,18,0.25,-12.3445
JUPUSDT,r5_trail10_rr3,0.3,24,1,20,0.1667,-11.3014
JUPUSDT,full_clone_max_tp,0.3,2,0,2,0.0,-0.2082
JUPUSDT,full_clone_sl_adjust,0.3,80,0,72,0.1,-3.901
JUPUSDT,lh_sell_trail15,0.3,30,1,23,0.2333,-9.6974
JUPUSDT,lh_sell_prox15_trail15,0.3,31,1,24,0.2258,-9.8799
JUPUSDT,hl_buy_trail15,0.3,43,1,35,0.186,-7.7468
JUPUSDT,hl_buy_prox15_trail15,0.3,32,1,24,0.25,-7.5384
JUPUSDT,pre_confirm_trail15,0.3,43,1,35,0.186,-7.7468
JUPUSDT,pre_confirm_prox15_trail15,0.3,32,1,24,0.25,-7.5384
JUPUSDT,r8_btc_minsl_strict,0.3,2,0,2,0.0,-0.329
JUPUSDT,r8_sol_hlbuy_cooldown,0.3,50,1,43,0.14,-7.6243
JUPUSDT,trail_15_from_30_act2_min1,0.3,82,0,76,0.0732,-10.7241
JUPUSDT,trail_15_from_30_act3_min1,0.3,82,0,77,0.061,-13.0202
JUPUSDT,trail_15_from_30_act5_min15,0.3,78,2,74,0.0513,-9.5419
JUPUSDT,trail_20_from_30_act2_min1,0.3,27,1,20,0.2593,-8.9752
JUPUSDT,trail_20_from_30_act3_min1,0.3,26,1,20,0.2308,-11.9434
JUPUSDT,trail_20_from_30_act5_min15,0.3,23,2,19,0.1739,-6.9979
JUPUSDT,trail_15_from_15_act2_min1,0.3,39,0,31,0.2051,-4.4893
JUPUSDT,trail_15_from_15_act3_min1,0.3,38,0,31,0.1842,-3.763
JUPUSDT,trail_15_from_15_act5_min15,0.3,33,2,29,0.1212,-4.2502
JUPUSDT,trail_20_from_15_act2_min1,0.3,91,0,83,0.0879,-12.5233
JUPUSDT,trail_20_from_15_act3_min1,0.3,86,0,80,0.0698,-15.8523
JUPUSDT,trail_20_from_15_act5_min15,0.3,75,2,71,0.0533,-13.4121
JUPUSDT,default,0.1,44,2,42,0.0455,4.3019
JUPUSDT,loose_entry,0.1,51,2,49,0.0392,2.0117
JUPUSDT,broad_zone,0.1,50,2,48,0.04,2.8283
JUPUSDT,low_rr,0.1,45,2,43,0.0444,3.4853
JUPUSDT,aggressive,0.1,51,2,49,0.0392,2.0117
JUPUSDT,partial_50,0.1,23,1,17,0.2609,5.8417
JUPUSDT,partial_60,0.1,29,3,23,0.2069,14.9973
JUPUSDT,partial_70,0.1,29,3,24,0.1724,11.8948
JUPUSDT,partial_tight,0.1,27,3,21,0.2222,16.315
JUPUSDT,partial_high_rr,0.1,21,1,17,0.1905,0.7795
JUPUSDT,partial_conservative,0.1,23,1,17,0.2609,5.8417
JUPUSDT,trail_20_from_15,0.1,45,0,40,0.1111,-0.8341
JUPUSDT,trail_15_from_15,0.1,21,0,14,0.3333,3.5892
JUPUSDT,trail_15_from_15_d1,0.1,24,1,16,0.3333,5.3017
JUPUSDT,trail_25_from_15,0.1,40,1,32,0.2,2.2984
JUPUSDT,db_layer_0,0.1,23,0,16,0.3043,4.5647
JUPUSDT,db_layer_1,0.1,45,0,42,0.0667,-3.4055
JUPUSDT,db_layer_3,0.1,36,0,32,0.1111,-1.4608
JUPUSDT,rr_4x_trail_20,0.1,20,0,14,0.3,4.7697
JUPUSDT,rr_3x_trail_15,0.1,39,0,37,0.0513,-3.1542
JUPUSDT,sl_filter_trail,0.1,31,1,28,0.0968,-1.3674
JUPUSDT,trail_20_from_30_sl_filter,0.1,20,1,16,0.2,0.4578
JUPUSDT,trail_20_from_30_full,0.1,20,1,16,0.2,0.3951
JUPUSDT,trail_15_from_30,0.1,44,0,41,0.0682,-3.3787
JUPUSDT,trail_20_from_30_cooldown,0.1,20,1,14,0.3,0.079
JUPUSDT,trail_15_from_30_tp95,0.1,23,1,17,0.2609,-0.0619
JUPUSDT,trail_15_from_30_cooldown,0.1,20,1,14,0.3,0.5781
JUPUSDT,trail_15_from_30_full,0.1,19,1,14,0.2632,-0.5573
JUPUSDT,db_clone_cooldown,0.1,20,0,15,0.25,0.068
JUPUSDT,correction_w20_trail15_30,0.1,23,1,17,0.2609,-0.0619
JUPUSDT,db_full_clone,0.1,25,0,19,0.24,0.778
JUPUSDT,sl_adjust_rr_trail,0.1,20,0,19,0.05,-1.7719
JUPUSDT,sl_adjust_rr_tp95,0.1,23,1,15,0.3478,4.0339
JUPUSDT,max_profit_2pct,0.1,4,1,3,0.25,0.7231
JUPUSDT,max_profit_2pct_trail,0.1,2,0,2,0.0,-0.3527
JUPUSDT,max_profit_3pct_trail,0.1,2,0,2,0.0,-0.2082
JUPUSDT,r5_tight,0.1,18,1,13,0.2778,0.6619
JUPUSDT,r5_rr3,0.1,17,1,14,0.1765,-4.183
JUPUSDT,r5_sl_filter,0.1,17,1,14,0.1765,-0.4185
JUPUSDT,r5_sl_adjust,0.1,17,1,14,0.1765,-4.183
JUPUSDT,r5_tight_rr3,0.1,16,1,13,0.1875,-2.9638
JUPUSDT,r5_tight_sl,0.1,16,1,13,0.1875,0.1761
JUPUSDT,r5_all_filters,0.1,16,1,13,0.1875,0.1761
JUPUSDT,r5_trail10,0.1,26,1,22,0.1538,0.8267
JUPUSDT,r5_arm25,0.1,20,0,17,0.15,-1.9934
JUPUSDT,r5_arm20,0.1,19,0,14,0.2632,-0.7045
JUPUSDT,r5_arm15_cooldown,0.1,20,0,14,0.3,2.3737
JUPUSDT,r6_arm15_rr4,0.1,14,0,9,0.3571,3.0403
JUPUSDT,r6_arm15_maxp3_trail20,0.1,1,0,1,0.0,-0.418
JUPUSDT,r6_arm15_full,0.1,2,0,2,0.0,-0.2949
JUPUSDT,r7_arm20_maxp3_trail20,0.1,1,0,1,0.0,-0.418
JUPUSDT,r7_trail15_maxp3,0.1,4,1,3,0.25,0.4046
JUPUSDT,r7_trail20_maxp3,0.1,4,1,3,0.25,0.4046
JUPUSDT,r7_full_clone_cooldown,0.1,2,0,2,0.0,-0.2949
JUPUSDT,r5_sl_adj_cooldown,0.1,17,0,11,0.3529,2.6173
JUPUSDT,r5_trail10_rr3,0.1,17,1,14,0.1765,-3.9968
JUPUSDT,full_clone_max_tp,0.1,2,0,2,0.0,-0.2082
JUPUSDT,full_clone_sl_adjust,0.1,38,0,37,0.0263,-5.0861
JUPUSDT,lh_sell_trail15,0.1,23,1,17,0.2609,-0.0619
JUPUSDT,lh_sell_prox15_trail15,0.1,24,1,18,0.25,-0.2444
JUPUSDT,hl_buy_trail15,0.1,30,1,23,0.2333,3.0834
JUPUSDT,hl_buy_prox15_trail15,0.1,25,1,18,0.28,2.0972
JUPUSDT,pre_confirm_trail15,0.1,30,1,23,0.2333,3.0834
JUPUSDT,pre_confirm_prox15_trail15,0.1,25,1,18,0.28,2.0972
JUPUSDT,r8_btc_minsl_strict,0.1,2,0,2,0.0,-0.329
JUPUSDT,r8_sol_hlbuy_cooldown,0.1,28,1,23,0.1786,1.7597
JUPUSDT,trail_15_from_30_act2_min1,0.1,44,0,41,0.0682,-2.336
JUPUSDT,trail_15_from_30_act3_min1,0.1,44,0,42,0.0455,-6.4916
JUPUSDT,trail_15_from_30_act5_min15,0.1,44,1,42,0.0455,-3.8006
JUPUSDT,trail_20_from_30_act2_min1,0.1,20,1,14,0.3,2.0476
JUPUSDT,trail_20_from_30_act3_min1,0.1,19,1,14,0.2632,-0.4743
JUPUSDT,trail_20_from_30_act5_min15,0.1,19,3,15,0.2105,1.8171
JUPUSDT,trail_15_from_15_act2_min1,0.1,20,0,14,0.3,4.8416
JUPUSDT,trail_15_from_15_act3_min1,0.1,20,0,15,0.25,3.2402
JUPUSDT,trail_15_from_15_act5_min15,0.1,20,2,17,0.15,1.3838
JUPUSDT,trail_20_from_15_act2_min1,0.1,43,0,39,0.093,-1.8174
JUPUSDT,trail_20_from_15_act3_min1,0.1,43,0,41,0.0465,-8.9836
JUPUSDT,trail_20_from_15_act5_min15,0.1,43,1,41,0.0465,-6.2926
APTUSDT,default,1.0,33,1,32,0.0303,0.7018
APTUSDT,loose_entry,1.0,37,2,35,0.0541,1.4603
APTUSDT,broad_zone,1.0,33,1,32,0.0303,0.7018
APTUSDT,low_rr,1.0,37,2,35,0.0541,1.4603
APTUSDT,aggressive,1.0,37,2,35,0.0541,1.4603
APTUSDT,partial_50,1.0,23,1,16,0.3043,4.4892
APTUSDT,partial_60,1.0,27,0,22,0.1852,4.7099
APTUSDT,partial_70,1.0,24,0,21,0.125,5.4212
APTUSDT,partial_tight,1.0,26,0,21,0.1923,6.4232
APTUSDT,partial_high_rr,1.0,22,1,16,0.2727,8.6797
APTUSDT,partial_conservative,1.0,23,1,16,0.3043,5.755
APTUSDT,trail_20_from_15,1.0,140,0,101,0.2786,2.2061
APTUSDT,trail_15_from_15,1.0,57,0,24,0.5789,12.2664
APTUSDT,trail_15_from_15_d1,1.0,65,0,31,0.5231,10.9103
APTUSDT,trail_25_from_15,1.0,99,0,62,0.3737,1.5853
APTUSDT,db_layer_0,1.0,40,0,15,0.625,14.5531
APTUSDT,db_layer_1,1.0,101,0,75,0.2574,3.8489
APTUSDT,db_layer_3,1.0,69,0,43,0.3768,7.6927
APTUSDT,rr_4x_trail_20,1.0,40,0,15,0.625,14.5531
APTUSDT,rr_3x_trail_15,1.0,101,0,75,0.2574,3.8489
APTUSDT,sl_filter_trail,1.0,79,0,49,0.3797,6.5763
APTUSDT,trail_20_from_30_sl_filter,1.0,28,0,16,0.4286,7.8192
APTUSDT,trail_20_from_30_full,1.0,27,0,16,0.4074,7.0101
APTUSDT,trail_15_from_30,1.0,79,0,64,0.1899,5.0455
APTUSDT,trail_20_from_30_cooldown,1.0,29,0,15,0.4828,6.7908
APTUSDT,trail_15_from_30_tp95,1.0,33,0,16,0.5152,8.8301
APTUSDT,trail_15_from_30_cooldown,1.0,29,0,15,0.4828,8.1679
APTUSDT,trail_15_from_30_full,1.0,32,0,16,0.5,8.394
APTUSDT,db_clone_cooldown,1.0,40,0,15,0.625,13.756
APTUSDT,correction_w20_trail15_30,1.0,33,0,16,0.5152,8.8301
APTUSDT,db_full_clone,1.0,47,0,21,0.5532,14.4717
APTUSDT,sl_adjust_rr_trail,1.0,61,0,43,0.2951,1.721
APTUSDT,sl_adjust_rr_tp95,1.0,40,0,15,0.625,10.8482
APTUSDT,max_profit_2pct,1.0,10,0,10,0.0,-3.0084
APTUSDT,max_profit_2pct_trail,1.0,3,0,2,0.3333,-0.4157
APTUSDT,max_profit_3pct_trail,1.0,13,0,12,0.0769,-1.4175
APTUSDT,r5_tight,1.0,32,0,16,0.5,8.394
APTUSDT,r5_rr3,1.0,26,0,16,0.3846,5.6299
APTUSDT,r5_sl_filter,1.0,28,0,16,0.4286,7.3712
APTUSDT,r5_sl_adjust,1.0,26,0,16,0.3846,5.4307
APTUSDT,r5_tight_rr3,1.0,26,0,16,0.3846,5.6299
APTUSDT,r5_tight_sl,1.0,28,0,16,0.4286,7.3712
APTUSDT,r5_all_filters,1.0,26,0,16,0.3846,7.472
APTUSDT,r5_trail10,1.0,44,0,29,0.3409,8.0867
APTUSDT,r5_arm25,1.0,40,0,23,0.425,6.5527
APTUSDT,r5_arm20,1.0,51,0,25,0.5098,11.7136
APTUSDT,r5_arm15_cooldown,1.0,60,0,26,0.5667,11.3681
APTUSDT,r6_arm15_rr4,1.0,33,0,11,0.6667,13.0557
APTUSDT,r6_arm15_maxp3_trail20,1.0,22,0,7,0.6818,0.6987
APTUSDT,r6_arm15_full,1.0,10,0,7,0.3,-0.5501
APTUSDT,r7_arm20_maxp3_trail20,1.0,16,0,7,0.5625,-0.5579
APTUSDT,r7_trail15_maxp3,1.0,23,0,9,0.6087,-0.0661
APTUSDT,r7_trail20_maxp3,1.0,23,0,9,0.6087,-0.4452
APTUSDT,r7_full_clone_cooldown,1.0,10,0,7,0.3,-0.5501
APTUSDT,r5_sl_adj_cooldown,1.0,35,0,11,0.6857,10.7375
APTUSDT,r5_trail10_rr3,1.0,26,0,16,0.3846,6.6809
APTUSDT,full_clone_max_tp,1.0,13,0,12,0.0769,-1.4175
APTUSDT,full_clone_sl_adjust,1.0,76,0,53,0.3026,9.7396
APTUSDT,lh_sell_trail15,1.0,33,0,16,0.5152,8.8301
APTUSDT,lh_sell_prox15_trail15,1.0,33,0,16,0.5152,8.8301
APTUSDT,hl_buy_trail15,1.0,47,0,26,0.4468,10.2598
APTUSDT,hl_buy_prox15_trail15,1.0,36,0,16,0.5556,11.4136
APTUSDT,pre_confirm_trail15,1.0,47,0,26,0.4468,10.2598
APTUSDT,pre_confirm_prox15_trail15,1.0,36,0,16,0.5556,11.4136
APTUSDT,r8_btc_minsl_strict,1.0,21,0,16,0.2381,-2.7661
APTUSDT,r8_sol_hlbuy_cooldown,1.0,63,0,43,0.3175,8.5662
APTUSDT,trail_15_from_30_act2_min1,1.0,47,0,39,0.1702,-0.0861
APTUSDT,trail_15_from_30_act3_min1,1.0,38,0,34,0.1053,-4.9546
APTUSDT,trail_15_from_30_act5_min15,1.0,35,0,34,0.0286,-7.3578
APTUSDT,trail_20_from_30_act2_min1,1.0,22,0,13,0.4091,4.3514
APTUSDT,trail_20_from_30_act3_min1,1.0,17,0,13,0.2353,1.9035
APTUSDT,trail_20_from_30_act5_min15,1.0,15,0,14,0.0667,-7.2891
APTUSDT,trail_15_from_15_act2_min1,1.0,29,0,19,0.3448,-0.8412
APTUSDT,trail_15_from_15_act3_min1,1.0,16,0,12,0.25,-1.447
APTUSDT,trail_15_from_15_act5_min15,1.0,12,0,11,0.0833,-8.4149
APTUSDT,trail_20_from_15_act2_min1,1.0,60,0,49,0.1833,-2.7109
APTUSDT,trail_20_from_15_act3_min1,1.0,31,0,27,0.129,-4.6045
APTUSDT,trail_20_from_15_act5_min15,1.0,24,0,23,0.0417,-6.5454
APTUSDT,default,0.8,27,1,26,0.037,2.031
APTUSDT,loose_entry,0.8,31,2,29,0.0645,2.7895
APTUSDT,broad_zone,0.8,27,1,26,0.037,2.031
APTUSDT,low_rr,0.8,31,2,29,0.0645,2.7895
APTUSDT,aggressive,0.8,31,2,29,0.0645,2.7895
APTUSDT,partial_50,0.8,21,1,15,0.2857,5.1196
APTUSDT,partial_60,0.8,24,0,20,0.1667,4.7474
APTUSDT,partial_70,0.8,22,0,19,0.1364,6.121
APTUSDT,partial_tight,0.8,23,0,19,0.1739,6.4607
APTUSDT,partial_high_rr,0.8,20,1,15,0.25,8.6859
APTUSDT,partial_conservative,0.8,21,1,15,0.2857,6.3855
APTUSDT,trail_20_from_15,0.8,125,0,88,0.296,5.153
APTUSDT,trail_15_from_15,0.8,53,0,23,0.566,10.6242
APTUSDT,trail_15_from_15_d1,0.8,59,0,28,0.5254,10.9129
APTUSDT,trail_25_from_15,0.8,93,0,57,0.3871,4.5122
APTUSDT,db_layer_0,0.8,37,0,14,0.6216,14.3347
APTUSDT,db_layer_1,0.8,94,0,68,0.2766,5.6922
APTUSDT,db_layer_3,0.8,65,0,40,0.3846,7.6249
APTUSDT,rr_4x_trail_20,0.8,37,0,14,0.6216,14.3347
APTUSDT,rr_3x_trail_15,0.8,94,0,68,0.2766,5.6922
APTUSDT,sl_filter_trail,0.8,72,0,44,0.3889,7.6325
APTUSDT,trail_20_from_30_sl_filter,0.8,25,0,14,0.44,8.7613
APTUSDT,trail_20_from_30_full,0.8,24,0,14,0.4167,7.3429
APTUSDT,trail_15_from_30,0.8,72,0,58,0.1944,4.4998
APTUSDT,trail_20_from_30_cooldown,0.8,26,0,14,0.4615,5.568
APTUSDT,trail_15_from_30_tp95,0.8,30,0,15,0.5,7.9446
APTUSDT,trail_15_from_30_cooldown,0.8,26,0,14,0.4615,6.7503
APTUSDT,trail_15_from_30_full,0.8,29,0,15,0.4828,7.5085
APTUSDT,db_clone_cooldown,0.8,37,0,14,0.6216,13.9726
APTUSDT,correction_w20_trail15_30,0.8,30,0,15,0.5,7.9446
APTUSDT,db_full_clone,0.8,44,0,20,0.5455,14.2533
APTUSDT,sl_adjust_rr_trail,0.8,56,0,39,0.3036,1.4421
APTUSDT,sl_adjust_rr_tp95,0.8,36,0,14,0.6111,10.3362
APTUSDT,max_profit_2pct,0.8,9,0,9,0.0,-2.6132
APTUSDT,max_profit_2pct_trail,0.8,3,0,2,0.3333,-0.4157
APTUSDT,max_profit_3pct_trail,0.8,9,0,8,0.1111,-0.657
APTUSDT,r5_tight,0.8,29,0,15,0.4828,7.5085
APTUSDT,r5_rr3,0.8,23,0,14,0.3913,5.892
APTUSDT,r5_sl_filter,0.8,25,0,14,0.44,8.2428
APTUSDT,r5_sl_adjust,0.8,23,0,14,0.3913,5.892
APTUSDT,r5_tight_rr3,0.8,23,0,14,0.3913,5.892
APTUSDT,r5_tight_sl,0.8,25,0,14,0.44,8.2428
APTUSDT,r5_all_filters,0.8,23,0,14,0.3913,7.7342
APTUSDT,r5_trail10,0.8,41,0,28,0.3171,5.5246
APTUSDT,r5_arm25,0.8,37,0,22,0.4054,4.4424
APTUSDT,r5_arm20,0.8,46,0,23,0.5,9.6031
APTUSDT,r5_arm15_cooldown,0.8,55,0,23,0.5818,12.453
APTUSDT,r6_arm15_rr4,0.8,30,0,10,0.6667,12.7567
APTUSDT,r6_arm15_maxp3_trail20,0.8,17,0,5,0.7059,2.6284
APTUSDT,r6_arm15_full,0.8,7,0,5,0.2857,-0.5131
APTUSDT,r7_arm20_maxp3_trail20,0.8,13,0,5,0.6154,1.357
APTUSDT,r7_trail15_maxp3,0.8,17,0,6,0.6471,2.3571
APTUSDT,r7_trail20_maxp3,0.8,17,0,6,0.6471,2.0743
APTUSDT,r7_full_clone_cooldown,0.8,7,0,5,0.2857,-0.5131
APTUSDT,r5_sl_adj_cooldown,0.8,31,0,10,0.6774,10.5623
APTUSDT,r5_trail10_rr3,0.8,23,0,14,0.3913,6.8725
APTUSDT,full_clone_max_tp,0.8,9,0,8,0.1111,-0.657
APTUSDT,full_clone_sl_adjust,0.8,72,0,49,0.3194,10.5001
APTUSDT,lh_sell_trail15,0.8,30,0,15,0.5,7.9446
APTUSDT,lh_sell_prox15_trail15,0.8,30,0,15,0.5,7.9446
APTUSDT,hl_buy_trail15,0.8,43,0,24,0.4419,8.8331
APTUSDT,hl_buy_prox15_trail15,0.8,33,0,15,0.5455,10.5281
APTUSDT,pre_confirm_trail15,0.8,43,0,24,0.4419,8.8331
APTUSDT,pre_confirm_prox15_trail15,0.8,33,0,15,0.5455,10.5281
APTUSDT,r8_btc_minsl_strict,0.8,14,0,9,0.3571,-0.5158
APTUSDT,r8_sol_hlbuy_cooldown,0.8,60,0,42,0.3,6.2767
APTUSDT,trail_15_from_30_act2_min1,0.8,40,0,33,0.175,-0.2169
APTUSDT,trail_15_from_30_act3_min1,0.8,36,0,32,0.1111,-2.576
APTUSDT,trail_15_from_30_act5_min15,0.8,29,0,28,0.0345,-6.0285
APTUSDT,trail_20_from_30_act2_min1,0.8,21,0,13,0.381,3.8093
APTUSDT,trail_20_from_30_act3_min1,0.8,16,0,12,0.25,2.642
APTUSDT,trail_20_from_30_act5_min15,0.8,14,0,13,0.0714,-6.5506
APTUSDT,trail_15_from_15_act2_min1,0.8,27,0,19,0.2963,-2.1063
APTUSDT,trail_15_from_15_act3_min1,0.8,16,0,12,0.25,0.1139
APTUSDT,trail_15_from_15_act5_min15,0.8,12,0,11,0.0833,-6.854
APTUSDT,trail_20_from_15_act2_min1,0.8,55,0,45,0.1818,-1.8018
APTUSDT,trail_20_from_15_act3_min1,0.8,32,0,28,0.125,-2.1871
APTUSDT,trail_20_from_15_act5_min15,0.8,21,0,20,0.0476,-5.1772
APTUSDT,default,0.65,26,1,25,0.0385,2.1236
APTUSDT,loose_entry,0.65,30,2,28,0.0667,2.8821
APTUSDT,broad_zone,0.65,26,1,25,0.0385,2.1236
APTUSDT,low_rr,0.65,30,2,28,0.0667,2.8821
APTUSDT,aggressive,0.65,30,2,28,0.0667,2.8821
APTUSDT,partial_50,0.65,19,1,13,0.3158,6.5314
APTUSDT,partial_60,0.65,23,0,19,0.1739,5.6017
APTUSDT,partial_70,0.65,21,0,18,0.1429,6.4615
APTUSDT,partial_tight,0.65,22,0,18,0.1818,7.315
APTUSDT,partial_high_rr,0.65,19,1,14,0.2632,10.0332
APTUSDT,partial_conservative,0.65,19,1,13,0.3158,7.7973
APTUSDT,trail_20_from_15,0.65,103,0,70,0.3204,10.032
APTUSDT,trail_15_from_15,0.65,45,0,16,0.6444,14.7484
APTUSDT,trail_15_from_15_d1,0.65,48,0,18,0.625,15.4284
APTUSDT,trail_25_from_15,0.65,77,0,45,0.4156,8.2972
APTUSDT,db_layer_0,0.65,32,0,12,0.625,14.1009
APTUSDT,db_layer_1,0.65,73,0,51,0.3014,10.2672
APTUSDT,db_layer_3,0.65,55,0,33,0.4,9.0493
APTUSDT,rr_4x_trail_20,0.65,32,0,12,0.625,14.1009
APTUSDT,rr_3x_trail_15,0.65,73,0,51,0.3014,10.2672
APTUSDT,sl_filter_trail,0.65,60,0,35,0.4167,10.083
APTUSDT,trail_20_from_30_sl_filter,0.65,23,0,12,0.4783,9.7823
APTUSDT,trail_20_from_30_full,0.65,22,0,12,0.4545,8.3638
APTUSDT,trail_15_from_30,0.65,62,0,48,0.2258,7.4746
APTUSDT,trail_20_from_30_cooldown,0.65,24,0,12,0.5,7.8769
APTUSDT,trail_15_from_30_tp95,0.65,28,0,13,0.5357,10.6665
APTUSDT,trail_15_from_30_cooldown,0.65,24,0,12,0.5,9.0591
APTUSDT,trail_15_from_30_full,0.65,27,0,13,0.5185,10.2304
APTUSDT,db_clone_cooldown,0.65,31,0,12,0.6129,13.0909
APTUSDT,correction_w20_trail15_30,0.65,28,0,13,0.5357,10.6665
APTUSDT,db_full_clone,0.65,38,0,18,0.5263,13.3716
APTUSDT,sl_adjust_rr_trail,0.65,46,0,31,0.3261,4.6834
APTUSDT,sl_adjust_rr_tp95,0.65,35,0,12,0.6571,15.6722
APTUSDT,max_profit_2pct,0.65,9,0,9,0.0,-2.6132
APTUSDT,max_profit_2pct_trail,0.65,3,0,2,0.3333,-0.4157
APTUSDT,max_profit_3pct_trail,0.65,7,0,6,0.1429,-0.385
APTUSDT,r5_tight,0.65,27,0,13,0.5185,10.2304
APTUSDT,r5_rr3,0.65,21,0,12,0.4286,8.6139
APTUSDT,r5_sl_filter,0.65,23,0,12,0.4783,9.2637
APTUSDT,r5_sl_adjust,0.65,21,0,12,0.4286,8.6139
APTUSDT,r5_tight_rr3,0.65,21,0,12,0.4286,8.6139
APTUSDT,r5_tight_sl,0.65,23,0,12,0.4783,9.2637
APTUSDT,r5_all_filters,0.65,21,0,12,0.4286,8.7551
APTUSDT,r5_trail10,0.65,39,0,25,0.359,8.4732
APTUSDT,r5_arm25,0.65,33,0,17,0.4848,9.6345
APTUSDT,r5_arm20,0.65,39,0,16,0.5897,11.8605
APTUSDT,r5_arm15_cooldown,0.65,45,0,16,0.6444,14.1864
APTUSDT,r6_arm15_rr4,0.65,25,0,8,0.68,12.8505
APTUSDT,r6_arm15_maxp3_trail20,0.65,15,0,3,0.8,3.2362
APTUSDT,r6_arm15_full,0.65,5,0,3,0.4,-0.0396
APTUSDT,r7_arm20_maxp3_trail20,0.65,11,0,3,0.7273,1.9649
APTUSDT,r7_trail15_maxp3,0.65,15,0,4,0.7333,2.9649
APTUSDT,r7_trail20_maxp3,0.65,15,0,4,0.7333,2.6821
APTUSDT,r7_full_clone_cooldown,0.65,5,0,3,0.4,-0.0396
APTUSDT,r5_sl_adj_cooldown,0.65,30,0,8,0.7333,15.8983
APTUSDT,r5_trail10_rr3,0.65,21,0,12,0.4286,9.5944
APTUSDT,full_clone_max_tp,0.65,7,0,6,0.1429,-0.385
APTUSDT,full_clone_sl_adjust,0.65,61,0,42,0.3115,10.0921
APTUSDT,lh_sell_trail15,0.65,28,0,13,0.5357,10.6665
APTUSDT,lh_sell_prox15_trail15,0.65,28,0,13,0.5357,10.6665
APTUSDT,hl_buy_trail15,0.65,38,0,20,0.4737,10.9432
APTUSDT,hl_buy_prox15_trail15,0.65,31,0,13,0.5806,13.25
APTUSDT,pre_confirm_trail15,0.65,38,0,20,0.4737,10.9432
APTUSDT,pre_confirm_prox15_trail15,0.65,31,0,13,0.5806,13.25
APTUSDT,r8_btc_minsl_strict,0.65,13,0,8,0.3846,-0.3364
APTUSDT,r8_sol_hlbuy_cooldown,0.65,56,0,38,0.3214,8.2872
APTUSDT,trail_15_from_30_act2_min1,0.65,37,0,30,0.1892,0.7162
APTUSDT,trail_15_from_30_act3_min1,0.65,33,0,29,0.1212,-1.6428
APTUSDT,trail_15_from_30_act5_min15,0.65,27,0,26,0.037,-5.5566
APTUSDT,trail_20_from_30_act2_min1,0.65,19,0,11,0.4211,6.1181
APTUSDT,trail_20_from_30_act3_min1,0.65,15,0,11,0.2667,4.2243
APTUSDT,trail_20_from_30_act5_min15,0.65,13,0,12,0.0769,-4.9683
APTUSDT,trail_15_from_15_act2_min1,0.65,20,0,12,0.4,0.9209
APTUSDT,trail_15_from_15_act3_min1,0.65,14,0,10,0.2857,1.3277
APTUSDT,trail_15_from_15_act5_min15,0.65,11,0,10,0.0909,-5.9986
APTUSDT,trail_20_from_15_act2_min1,0.65,46,0,36,0.2174,2.0528
APTUSDT,trail_20_from_15_act3_min1,0.65,29,0,25,0.1379,-1.2539
APTUSDT,trail_20_from_15_act5_min15,0.65,20,0,19,0.05,-5.0847
APTUSDT,default,0.5,24,1,23,0.0417,2.5707
APTUSDT,loose_entry,0.5,26,2,24,0.0769,4.0086
APTUSDT,broad_zone,0.5,24,1,23,0.0417,2.5707
APTUSDT,low_rr,0.5,26,2,24,0.0769,4.0086
APTUSDT,aggressive,0.5,26,2,24,0.0769,4.0086
APTUSDT,partial_50,0.5,18,1,12,0.3333,9.5824
APTUSDT,partial_60,0.5,21,0,17,0.1905,8.0043
APTUSDT,partial_70,0.5,18,0,15,0.1667,8.3301
APTUSDT,partial_tight,0.5,21,0,17,0.1905,8.2833
APTUSDT,partial_high_rr,0.5,17,1,12,0.2941,11.9529
APTUSDT,partial_conservative,0.5,18,1,12,0.3333,10.8367
APTUSDT,trail_20_from_15,0.5,68,0,42,0.3824,11.9605
APTUSDT,trail_15_from_15,0.5,34,0,9,0.7353,17.0546
APTUSDT,trail_15_from_15_d1,0.5,36,0,11,0.6944,16.9173
APTUSDT,trail_25_from_15,0.5,55,0,30,0.4545,9.6562
APTUSDT,db_layer_0,0.5,25,0,9,0.64,14.1625
APTUSDT,db_layer_1,0.5,48,0,31,0.3542,9.3667
APTUSDT,db_layer_3,0.5,36,0,21,0.4167,7.5077
APTUSDT,rr_4x_trail_20,0.5,25,0,9,0.64,14.1625
APTUSDT,rr_3x_trail_15,0.5,48,0,31,0.3542,9.3667
APTUSDT,sl_filter_trail,0.5,43,0,25,0.4186,6.2733
APTUSDT,trail_20_from_30_sl_filter,0.5,20,0,9,0.55,13.193
APTUSDT,trail_20_from_30_full,0.5,19,0,9,0.5263,11.6399
APTUSDT,trail_15_from_30,0.5,45,0,32,0.2889,10.8326
APTUSDT,trail_20_from_30_cooldown,0.5,22,0,10,0.5455,13.0094
APTUSDT,trail_15_from_30_tp95,0.5,24,0,10,0.5833,13.3303
APTUSDT,trail_15_from_30_cooldown,0.5,22,0,10,0.5455,14.2017
APTUSDT,trail_15_from_30_full,0.5,23,0,10,0.5652,12.8943
APTUSDT,db_clone_cooldown,0.5,21,0,7,0.6667,12.385
APTUSDT,correction_w20_trail15_30,0.5,24,0,10,0.5833,13.3303
APTUSDT,db_full_clone,0.5,26,0,12,0.5385,10.7166
APTUSDT,sl_adjust_rr_trail,0.5,33,0,20,0.3939,5.8746
APTUSDT,sl_adjust_rr_tp95,0.5,27,0,9,0.6667,14.7222
APTUSDT,max_profit_2pct,0.5,8,0,8,0.0,-2.184
APTUSDT,max_profit_2pct_trail,0.5,3,0,2,0.3333,-0.4157
APTUSDT,max_profit_3pct_trail,0.5,7,0,6,0.1429,-0.385
APTUSDT,r5_tight,0.5,23,0,10,0.5652,12.8943
APTUSDT,r5_rr3,0.5,18,0,9,0.5,12.0313
APTUSDT,r5_sl_filter,0.5,20,0,9,0.55,12.5399
APTUSDT,r5_sl_adjust,0.5,18,0,9,0.5,12.0313
APTUSDT,r5_tight_rr3,0.5,18,0,9,0.5,12.0313
APTUSDT,r5_tight_sl,0.5,20,0,9,0.55,12.5399
APTUSDT,r5_all_filters,0.5,18,0,9,0.5,12.0313
APTUSDT,r5_trail10,0.5,29,0,16,0.4483,11.9797
APTUSDT,r5_arm25,0.5,27,0,12,0.5556,13.553
APTUSDT,r5_arm20,0.5,31,0,9,0.7097,16.8934
APTUSDT,r5_arm15_cooldown,0.5,34,0,9,0.7353,16.8533
APTUSDT,r6_arm15_rr4,0.5,19,0,6,0.6842,11.685
APTUSDT,r6_arm15_maxp3_trail20,0.5,14,0,3,0.7857,2.8644
APTUSDT,r6_arm15_full,0.5,5,0,3,0.4,-0.0396
APTUSDT,r7_arm20_maxp3_trail20,0.5,11,0,3,0.7273,1.9649
APTUSDT,r7_trail15_maxp3,0.5,15,0,4,0.7333,2.912
APTUSDT,r7_trail20_maxp3,0.5,15,0,4,0.7333,2.6323
APTUSDT,r7_full_clone_cooldown,0.5,5,0,3,0.4,-0.0396
APTUSDT,r5_sl_adj_cooldown,0.5,23,0,6,0.7391,14.6237
APTUSDT,r5_trail10_rr3,0.5,18,0,9,0.5,13.0117
APTUSDT,full_clone_max_tp,0.5,7,0,6,0.1429,-0.385
APTUSDT,full_clone_sl_adjust,0.5,40,0,26,0.35,7.8918
APTUSDT,lh_sell_trail15,0.5,24,0,10,0.5833,13.3303
APTUSDT,lh_sell_prox15_trail15,0.5,24,0,10,0.5833,13.3303
APTUSDT,hl_buy_trail15,0.5,31,0,15,0.5161,13.4545
APTUSDT,hl_buy_prox15_trail15,0.5,27,0,10,0.6296,15.9139
APTUSDT,pre_confirm_trail15,0.5,31,0,15,0.5161,13.4545
APTUSDT,pre_confirm_prox15_trail15,0.5,27,0,10,0.6296,15.9139
APTUSDT,r8_btc_minsl_strict,0.5,12,0,7,0.4167,-0.0356
APTUSDT,r8_sol_hlbuy_cooldown,0.5,40,0,22,0.45,15.8455
APTUSDT,trail_15_from_30_act2_min1,0.5,28,0,21,0.25,5.6297
APTUSDT,trail_15_from_30_act3_min1,0.5,26,0,22,0.1538,0.7704
APTUSDT,trail_15_from_30_act5_min15,0.5,19,0,18,0.0526,-3.6576
APTUSDT,trail_20_from_30_act2_min1,0.5,17,0,9,0.4706,11.0292
APTUSDT,trail_20_from_30_act3_min1,0.5,15,0,11,0.2667,4.5527
APTUSDT,trail_20_from_30_act5_min15,0.5,13,0,12,0.0769,-4.0434
APTUSDT,trail_15_from_15_act2_min1,0.5,16,0,8,0.5,8.2562
APTUSDT,trail_15_from_15_act3_min1,0.5,13,0,9,0.3077,3.675
APTUSDT,trail_15_from_15_act5_min15,0.5,11,0,10,0.0909,-5.3511
APTUSDT,trail_20_from_15_act2_min1,0.5,29,0,21,0.2759,6.6013
APTUSDT,trail_20_from_15_act3_min1,0.5,26,0,22,0.1538,0.2821
APTUSDT,trail_20_from_15_act5_min15,0.5,19,0,18,0.0526,-3.5366
APTUSDT,default,0.3,19,1,18,0.0526,4.1303
APTUSDT,loose_entry,0.3,20,2,18,0.1,5.7736
APTUSDT,broad_zone,0.3,19,1,18,0.0526,4.1303
APTUSDT,low_rr,0.3,20,2,18,0.1,5.7736
APTUSDT,aggressive,0.3,20,2,18,0.1,5.7736
APTUSDT,partial_50,0.3,11,0,9,0.1818,4.1246
APTUSDT,partial_60,0.3,13,0,11,0.1538,6.0474
APTUSDT,partial_70,0.3,13,0,11,0.1538,7.7403
APTUSDT,partial_tight,0.3,13,0,11,0.1538,6.2612
APTUSDT,partial_high_rr,0.3,11,0,9,0.1818,6.1371
APTUSDT,partial_conservative,0.3,11,0,9,0.1818,4.4301
APTUSDT,trail_20_from_15,0.3,33,0,21,0.3636,6.4577
APTUSDT,trail_15_from_15,0.3,18,0,5,0.7222,10.0023
APTUSDT,trail_15_from_15_d1,0.3,19,0,6,0.6842,9.8306
APTUSDT,trail_25_from_15,0.3,29,0,16,0.4483,5.6117
APTUSDT,db_layer_0,0.3,14,0,7,0.5,6.2694
APTUSDT,db_layer_1,0.3,21,0,14,0.3333,3.9547
APTUSDT,db_layer_3,0.3,18,0,12,0.3333,1.8129
APTUSDT,rr_4x_trail_20,0.3,14,0,7,0.5,6.2694
APTUSDT,rr_3x_trail_15,0.3,21,0,14,0.3333,3.9547
APTUSDT,sl_filter_trail,0.3,18,0,11,0.3889,2.3281
APTUSDT,trail_20_from_30_sl_filter,0.3,12,0,7,0.4167,7.7694
APTUSDT,trail_20_from_30_full,0.3,13,0,7,0.4615,6.671
APTUSDT,trail_15_from_30,0.3,23,0,16,0.3043,7.0927
APTUSDT,trail_20_from_30_cooldown,0.3,14,0,8,0.4286,6.8731
APTUSDT,trail_15_from_30_tp95,0.3,15,0,8,0.4667,6.3637
APTUSDT,trail_15_from_30_cooldown,0.3,14,0,8,0.4286,7.5751
APTUSDT,trail_15_from_30_full,0.3,15,0,8,0.4667,6.4131
APTUSDT,db_clone_cooldown,0.3,11,0,4,0.6364,6.7815
APTUSDT,correction_w20_trail15_30,0.3,15,0,8,0.4667,6.3637
APTUSDT,db_full_clone,0.3,13,0,6,0.5385,6.5608
APTUSDT,sl_adjust_rr_trail,0.3,14,0,8,0.4286,2.2963
APTUSDT,sl_adjust_rr_tp95,0.3,16,0,7,0.5625,7.6731
APTUSDT,max_profit_2pct,0.3,3,0,3,0.0,-0.7183
APTUSDT,max_profit_2pct_trail,0.3,2,0,1,0.5,-0.2847
APTUSDT,max_profit_3pct_trail,0.3,6,0,5,0.1667,-0.2923
APTUSDT,r5_tight,0.3,15,0,8,0.4667,6.4131
APTUSDT,r5_rr3,0.3,14,0,8,0.4286,7.251
APTUSDT,r5_sl_filter,0.3,12,0,6,0.5,7.5123
APTUSDT,r5_sl_adjust,0.3,14,0,8,0.4286,7.251
APTUSDT,r5_tight_rr3,0.3,14,0,8,0.4286,7.251
APTUSDT,r5_tight_sl,0.3,12,0,6,0.5,7.5123
APTUSDT,r5_all_filters,0.3,12,0,6,0.5,7.5123
APTUSDT,r5_trail10,0.3,20,0,12,0.4,7.2363
APTUSDT,r5_arm25,0.3,15,0,6,0.6,8.0818
APTUSDT,r5_arm20,0.3,17,0,5,0.7059,10.0193
APTUSDT,r5_arm15_cooldown,0.3,18,0,5,0.7222,10.0193
APTUSDT,r6_arm15_rr4,0.3,11,0,4,0.6364,7.3713
APTUSDT,r6_arm15_maxp3_trail20,0.3,9,0,2,0.7778,2.4915
APTUSDT,r6_arm15_full,0.3,4,0,2,0.5,0.0761
APTUSDT,r7_arm20_maxp3_trail20,0.3,8,0,2,0.75,2.1239
APTUSDT,r7_trail15_maxp3,0.3,9,0,3,0.6667,1.8104
APTUSDT,r7_trail20_maxp3,0.3,9,0,3,0.6667,1.6267
APTUSDT,r7_full_clone_cooldown,0.3,4,0,2,0.5,0.0761
APTUSDT,r5_sl_adj_cooldown,0.3,13,0,4,0.6923,8.1249
APTUSDT,r5_trail10_rr3,0.3,14,0,8,0.4286,7.8814
APTUSDT,full_clone_max_tp,0.3,6,0,5,0.1667,-0.2923
APTUSDT,full_clone_sl_adjust,0.3,18,0,13,0.2778,2.2317
APTUSDT,lh_sell_trail15,0.3,15,0,8,0.4667,6.3637
APTUSDT,lh_sell_prox15_trail15,0.3,15,0,8,0.4667,6.3637
APTUSDT,hl_buy_trail15,0.3,22,0,12,0.4545,7.3341
APTUSDT,hl_buy_prox15_trail15,0.3,19,0,9,0.5263,8.8163
APTUSDT,pre_confirm_trail15,0.3,22,0,12,0.4545,7.3341
APTUSDT,pre_confirm_prox15_trail15,0.3,19,0,9,0.5263,8.8163
APTUSDT,r8_btc_minsl_strict,0.3,7,0,5,0.2857,-0.1622
APTUSDT,r8_sol_hlbuy_cooldown,0.3,30,0,19,0.3667,8.3536
APTUSDT,trail_15_from_30_act2_min1,0.3,18,0,14,0.2222,2.452
APTUSDT,trail_15_from_30_act3_min1,0.3,16,0,14,0.125,0.7087
APTUSDT,trail_15_from_30_act5_min15,0.3,16,0,14,0.125,4.082
APTUSDT,trail_20_from_30_act2_min1,0.3,12,0,8,0.3333,5.5612
APTUSDT,trail_20_from_30_act3_min1,0.3,10,0,8,0.2,3.8164
APTUSDT,trail_20_from_30_act5_min15,0.3,10,0,8,0.2,5.3016
APTUSDT,trail_15_from_15_act2_min1,0.3,10,0,6,0.4,3.164
APTUSDT,trail_15_from_15_act3_min1,0.3,7,0,5,0.2857,3.0357
APTUSDT,trail_15_from_15_act5_min15,0.3,7,0,5,0.2857,4.0908
APTUSDT,trail_20_from_15_act2_min1,0.3,19,0,15,0.2105,1.7039
APTUSDT,trail_20_from_15_act3_min1,0.3,16,0,14,0.125,0.7087
APTUSDT,trail_20_from_15_act5_min15,0.3,16,0,14,0.125,4.082
APTUSDT,default,0.1,13,1,12,0.0769,5.8476
APTUSDT,loose_entry,0.1,13,1,12,0.0769,5.8476
APTUSDT,broad_zone,0.1,13,1,12,0.0769,5.8476
APTUSDT,low_rr,0.1,13,1,12,0.0769,5.8476
APTUSDT,aggressive,0.1,13,1,12,0.0769,5.8476
APTUSDT,partial_50,0.1,8,0,6,0.25,6.6863
APTUSDT,partial_60,0.1,10,0,8,0.2,7.9126
APTUSDT,partial_70,0.1,10,0,8,0.2,9.6055
APTUSDT,partial_tight,0.1,10,0,8,0.2,7.9126
APTUSDT,partial_high_rr,0.1,8,0,6,0.25,8.3932
APTUSDT,partial_conservative,0.1,8,0,6,0.25,6.6863
APTUSDT,trail_20_from_15,0.1,20,0,13,0.35,5.7762
APTUSDT,trail_15_from_15,0.1,12,0,5,0.5833,8.4585
APTUSDT,trail_15_from_15_d1,0.1,13,0,6,0.5385,8.2868
APTUSDT,trail_25_from_15,0.1,19,0,12,0.3684,5.0472
APTUSDT,db_layer_0,0.1,10,0,5,0.5,7.1072
APTUSDT,db_layer_1,0.1,15,0,10,0.3333,3.8493
APTUSDT,db_layer_3,0.1,14,0,10,0.2857,1.8793
APTUSDT,rr_4x_trail_20,0.1,10,0,5,0.5,7.1072
APTUSDT,rr_3x_trail_15,0.1,15,0,10,0.3333,3.8493
APTUSDT,sl_filter_trail,0.1,13,0,9,0.3077,1.9673
APTUSDT,trail_20_from_30_sl_filter,0.1,8,0,4,0.5,9.1588
APTUSDT,trail_20_from_30_full,0.1,8,0,4,0.5,7.6822
APTUSDT,trail_15_from_30,0.1,15,0,10,0.3333,7.409
APTUSDT,trail_20_from_30_cooldown,0.1,8,0,4,0.5,8.6098
APTUSDT,trail_15_from_30_tp95,0.1,9,0,5,0.4444,7.4475
APTUSDT,trail_15_from_30_cooldown,0.1,8,0,4,0.5,9.2273
APTUSDT,trail_15_from_30_full,0.1,8,0,4,0.5,7.6584
APTUSDT,db_clone_cooldown,0.1,9,0,4,0.5556,7.2069
APTUSDT,correction_w20_trail15_30,0.1,9,0,5,0.4444,7.4475
APTUSDT,db_full_clone,0.1,9,0,4,0.5556,7.3382
APTUSDT,sl_adjust_rr_trail,0.1,11,0,8,0.2727,0.8386
APTUSDT,sl_adjust_rr_tp95,0.1,11,0,5,0.5455,8.0836
APTUSDT,max_profit_2pct,0.1,0,0,0,0.0,0
APTUSDT,max_profit_2pct_trail,0.1,0,0,0,0.0,0
APTUSDT,max_profit_3pct_trail,0.1,2,0,2,0.0,-0.2135
APTUSDT,r5_tight,0.1,8,0,4,0.5,7.6584
APTUSDT,r5_rr3,0.1,8,0,4,0.5,8.3599
APTUSDT,r5_sl_filter,0.1,8,0,4,0.5,8.2487
APTUSDT,r5_sl_adjust,0.1,8,0,4,0.5,8.3599
APTUSDT,r5_tight_rr3,0.1,8,0,4,0.5,8.3599
APTUSDT,r5_tight_sl,0.1,8,0,4,0.5,8.2487
APTUSDT,r5_all_filters,0.1,8,0,4,0.5,8.2487
APTUSDT,r5_trail10,0.1,12,0,7,0.4167,7.7407
APTUSDT,r5_arm25,0.1,11,0,6,0.4545,7.1498
APTUSDT,r5_arm20,0.1,12,0,5,0.5833,8.7837
APTUSDT,r5_arm15_cooldown,0.1,12,0,5,0.5833,8.4585
APTUSDT,r6_arm15_rr4,0.1,9,0,4,0.5556,7.8599
APTUSDT,r6_arm15_maxp3_trail20,0.1,3,0,2,0.3333,0.1872
APTUSDT,r6_arm15_full,0.1,2,0,2,0.0,-0.3098
APTUSDT,r7_arm20_maxp3_trail20,0.1,3,0,2,0.3333,0.1872
APTUSDT,r7_trail15_maxp3,0.1,3,0,2,0.3333,0.2273
APTUSDT,r7_trail20_maxp3,0.1,3,0,2,0.3333,0.1872
APTUSDT,r7_full_clone_cooldown,0.1,2,0,2,0.0,-0.3098
APTUSDT,r5_sl_adj_cooldown,0.1,10,0,4,0.6,8.2945
APTUSDT,r5_trail10_rr3,0.1,8,0,4,0.5,8.9264
APTUSDT,full_clone_max_tp,0.1,2,0,2,0.0,-0.2135
APTUSDT,full_clone_sl_adjust,0.1,13,0,9,0.3077,2.6167
APTUSDT,lh_sell_trail15,0.1,9,0,5,0.4444,7.4475
APTUSDT,lh_sell_prox15_trail15,0.1,9,0,5,0.4444,7.4475
APTUSDT,hl_buy_trail15,0.1,16,0,9,0.4375,7.6599
APTUSDT,hl_buy_prox15_trail15,0.1,13,0,6,0.5385,9.9001
APTUSDT,pre_confirm_trail15,0.1,16,0,9,0.4375,7.6599
APTUSDT,pre_confirm_prox15_trail15,0.1,13,0,6,0.5385,9.9001
APTUSDT,r8_btc_minsl_strict,0.1,2,0,2,0.0,-0.5745
APTUSDT,r8_sol_hlbuy_cooldown,0.1,23,0,15,0.3478,8.3567
APTUSDT,trail_15_from_30_act2_min1,0.1,14,0,10,0.2857,4.9191
APTUSDT,trail_15_from_30_act3_min1,0.1,12,0,10,0.1667,3.1758
APTUSDT,trail_15_from_30_act5_min15,0.1,12,0,10,0.1667,6.549
APTUSDT,trail_20_from_30_act2_min1,0.1,9,0,5,0.4444,8.0515
APTUSDT,trail_20_from_30_act3_min1,0.1,7,0,5,0.2857,6.3067
APTUSDT,trail_20_from_30_act5_min15,0.1,7,0,5,0.2857,7.7918
APTUSDT,trail_15_from_15_act2_min1,0.1,10,0,6,0.4,5.2086
APTUSDT,trail_15_from_15_act3_min1,0.1,7,0,5,0.2857,5.0803
APTUSDT,trail_15_from_15_act5_min15,0.1,7,0,5,0.2857,6.1354
APTUSDT,trail_20_from_15_act2_min1,0.1,15,0,11,0.2667,4.171
APTUSDT,trail_20_from_15_act3_min1,0.1,12,0,10,0.1667,3.1758
APTUSDT,trail_20_from_15_act5_min15,0.1,12,0,10,0.1667,6.549
